Date,Stock_Return,Excess_Return,Mkt-RF,SMB,HML,RMW,CMA,Mom,RF
2021-01-05,0.01236377142244316,0.01236377142244316,0.0086,0.0132,0.005,0.0036,0.005600000000000001,-0.0073,0.0
2021-01-06,-0.0336614499846255,-0.0336614499846255,0.0079,0.0316,0.0394,0.0005,0.0052,-0.0259,0.0
2021-01-07,0.034123245637422306,0.034123245637422306,0.0176,0.0002,-0.008100000000000001,-0.0148,-0.0023,0.0154,0.0
2021-01-08,0.008631227578245193,0.008631227578245193,0.0051,-0.0101,-0.0138,-0.0042,-0.0036,0.0086,0.0
2021-01-11,-0.023248759494827964,-0.023248759494827964,-0.0052,0.0054,0.0126,-0.0016,0.0040999999999999995,-0.0092,0.0
2021-01-12,-0.0013954264596180987,-0.0013954264596180987,0.0037,0.0148,0.0124,-0.0044,0.004,-0.0072,0.0
2021-01-13,0.016226821365300514,0.016226821365300514,0.0006,-0.0104,-0.0045000000000000005,-0.0019,-0.0005,0.0043,0.0
2021-01-14,-0.01512743954136686,-0.01512743954136686,-0.0012,0.0236,0.0113,-0.009899999999999999,0.0043,-0.010700000000000001,0.0
2021-01-15,-0.013730424646777983,-0.013730424646777983,-0.0086,-0.0075,-0.0074,0.0029,-0.0045000000000000005,0.0060999999999999995,0.0
2021-01-19,0.005426919031557231,0.005426919031557231,0.0092,0.0075,-0.0079,-0.0069,0.0009,0.0063,0.0
2021-01-20,0.03285613118475861,0.03285613118475861,0.0127,-0.0074,-0.011000000000000001,0.0064,-0.0040999999999999995,0.0128,0.0
2021-01-21,0.03665818546184263,0.03665818546184263,-0.0004,-0.0076,-0.0096,0.0083,0.0036,0.0121,0.0
2021-01-22,0.01607392768805327,0.01607392768805327,-0.0007000000000000001,0.016399999999999998,-0.0011,-0.0068000000000000005,0.0060999999999999995,0.0083,0.0
2021-01-25,0.027683839942134192,0.027683839942134192,0.0029,-0.0027,-0.0043,0.0021,0.0095,0.0033,0.0
2021-01-26,0.0016793141271997936,0.0016793141271997936,-0.0033,-0.0003,0.0004,0.0104,0.0113,0.0026,0.0
2021-01-27,-0.007683787960565014,-0.007683787960565014,-0.0253,0.012,0.0155,0.005600000000000001,0.024700000000000003,-0.0069,0.0
2021-01-28,-0.03498507791635619,-0.03498507791635619,0.009300000000000001,-0.0169,-0.009300000000000001,-0.0105,-0.022799999999999997,0.0015,0.0
2021-01-29,-0.03742078864930909,-0.03742078864930909,-0.0184,0.0040999999999999995,0.0059,-0.0076,0.004,0.0024,0.0
2021-02-01,0.01652026218214342,0.01652026218214342,0.0172,0.0075,-0.0147,-0.0023,-0.0124,0.0129,0.0
2021-02-02,0.006336950424921994,0.006336950424921994,0.0148,-0.008100000000000001,-0.0103,-0.0097,-0.021,-0.0005,0.0
2021-02-03,-0.007778800207860037,-0.007778800207860037,0.0014000000000000002,0.0068000000000000005,0.0073,-0.0009,0.0018,-0.009899999999999999,0.0
2021-02-04,0.02575776582575484,0.02575776582575484,0.012199999999999999,0.006,0.0038,-0.0009,-0.0024,-0.0043,0.0
2021-02-05,-0.0030979862860338603,-0.0030979862860338603,0.005699999999999999,0.0095,-0.0049,-0.0070999999999999995,0.0042,0.0045000000000000005,0.0
2021-02-08,0.001096615799575984,0.001096615799575984,0.0096,0.022400000000000003,0.0039000000000000003,-0.0095,0.0073,0.0040999999999999995,0.0
2021-02-09,-0.0065736336147831365,-0.0065736336147831365,0.0005,0.0064,-0.0006,-0.0067,-0.0040999999999999995,0.0044,0.0
2021-02-10,-0.004558350907169939,-0.004558350907169939,-0.0008,-0.0053,0.0079,0.003,0.0007000000000000001,-0.0083,0.0
2021-02-11,-0.0019202975661393173,-0.0019202975661393173,0.002,-0.0021,-0.006999999999999999,-0.0046,-0.0029,0.0072,0.0
2021-02-12,0.0017761446801256575,0.0017761446801256575,0.0049,-0.001,0.0046,-0.0039000000000000003,-0.0007000000000000001,0.006500000000000001,0.0
2021-02-16,-0.01610408190119661,-0.01610408190119661,-0.0014000000000000002,-0.0026,0.019299999999999998,0.0017000000000000001,0.0005,-0.006500000000000001,0.0
2021-02-17,-0.017644090825911785,-0.017644090825911785,-0.002,-0.0067,0.006,0.0026,-0.0015,-0.011699999999999999,0.0
2021-02-18,-0.008636394196119501,-0.008636394196119501,-0.0063,-0.0147,-0.0021,0.0088,-0.0043,-0.0085,0.0
2021-02-19,0.0012332317386722913,0.0012332317386722913,0.0016,0.0202,0.0073,-0.0043,0.0053,0.0023,0.0
2021-02-22,-0.029798747743597143,-0.029798747743597143,-0.0111,0.0073,0.0313,0.0167,0.0086,-0.0325,0.0
2021-02-23,-0.0011110452344877952,-0.0011110452344877952,-0.0011,-0.0101,0.0089,0.0113,-0.0021,-0.0182,0.0
2021-02-24,-0.004052157002208068,-0.004052157002208068,0.0115,0.0147,0.0144,-0.0028000000000000004,0.0033,-0.0006,0.0
2021-02-25,-0.03478263809102711,-0.03478263809102711,-0.027200000000000002,-0.0091,0.0088,0.0097,0.0045000000000000005,-0.018799999999999997,0.0
2021-02-26,0.0022316701816007534,0.0022316701816007534,-0.0028000000000000004,0.0034999999999999996,-0.016,-0.0004,-0.004,0.0196,0.0
2021-03-01,0.05385116559953196,0.05385116559953196,0.0262,0.0111,0.0023,-0.004,0.0021,0.0151,0.0
2021-03-02,-0.020893563629443723,-0.020893563629443723,-0.0105,-0.0077,0.0125,0.0062,0.0023,-0.0148,0.0
2021-03-03,-0.024456547302852738,-0.024456547302852738,-0.0155,0.006500000000000001,0.0356,0.016399999999999998,0.010700000000000001,-0.0327,0.0
2021-03-04,-0.015811976389365268,-0.015811976389365268,-0.0167,-0.011000000000000001,0.017,0.0127,0.0049,-0.0285,0.0
2021-03-05,0.010738327281734517,0.010738327281734517,0.0187,0.0038,0.0062,0.0096,0.0052,-0.0115,0.0
2021-03-08,-0.041673414852713364,-0.041673414852713364,-0.0067,0.0146,0.0371,0.0163,0.0092,-0.031200000000000002,0.0
2021-03-09,0.040649644949859676,0.040649644949859676,0.0177,0.0043,-0.0323,-0.0184,-0.0048,0.0452,0.0
2021-03-10,-0.009166728716115569,-0.009166728716115569,0.0067,0.012,0.0182,-0.0007000000000000001,0.0015,-0.0049,0.0
2021-03-11,0.016502649775304246,0.016502649775304246,0.0141,0.010700000000000001,-0.02,-0.0139,-0.008100000000000001,0.0305,0.0
2021-03-12,-0.007625412998969461,-0.007625412998969461,0.0011,0.0053,0.0129,0.0063,0.0058,-0.0105,0.0
2021-03-15,0.02445688080223074,0.02445688080223074,0.0069,-0.0034999999999999996,-0.0127,0.0025,0.0009,0.01,0.0
2021-03-16,0.012742893448416837,0.012742893448416837,-0.0040999999999999995,-0.013500000000000002,-0.0085,0.0028000000000000004,-0.0002,-0.013500000000000002,0.0
2021-03-17,-0.006450568689029712,-0.006450568689029712,0.0034000000000000002,0.006500000000000001,0.0034000000000000002,-0.0004,0.001,0.0149,0.0
2021-03-18,-0.03390498179374568,-0.03390498179374568,-0.018600000000000002,-0.0121,0.0216,0.009300000000000001,0.0046,-0.0347,0.0
2021-03-19,-0.004480438940957843,-0.004480438940957843,0.0023,0.009399999999999999,-0.009899999999999999,-0.0079,-0.0054,0.011899999999999999,0.0
2021-03-22,0.028335838064856178,0.028335838064856178,0.005600000000000001,-0.0169,-0.0223,-0.0025,-0.001,0.0018,0.0
2021-03-23,-0.006888617618094783,-0.006888617618094783,-0.0116,-0.029500000000000002,-0.0104,0.0058,-0.0074,-0.0222,0.0
2021-03-24,-0.019993755133348223,-0.019993755133348223,-0.0097,-0.0158,0.0146,0.0138,0.0013,-0.028300000000000002,0.0
2021-03-25,0.004163670951592868,0.004163670951592868,0.0067,0.0202,0.013999999999999999,0.0045000000000000005,0.0111,0.0072,0.0
2021-03-26,0.005141427151272193,0.005141427151272193,0.015600000000000001,0.002,0.0068000000000000005,0.0078000000000000005,0.006,-0.0045000000000000005,0.0
2021-03-29,0.001484993332484752,0.001484993332484752,-0.0048,-0.024900000000000002,-0.0023,0.009000000000000001,0.0002,-0.0262,0.0
2021-03-30,-0.012274497797985617,-0.012274497797985617,-0.0003,0.0184,0.0101,-0.0026,-0.0023,0.0235,0.0
2021-03-31,0.018765684319319575,0.018765684319319575,0.0063,0.0058,-0.023399999999999997,-0.011699999999999999,-0.0028000000000000004,0.0182,0.0
2021-04-01,0.006958547181723729,0.006958547181723729,0.0127,0.0021,-0.0002,-0.0069,-0.0051,0.0069,0.0
2021-04-05,0.02357731528558582,0.02357731528558582,0.0128,-0.0070999999999999995,-0.0070999999999999995,0.01,0.0009,-0.0048,0.0
2021-04-06,0.002462321451933258,0.002462321451933258,0.0,-0.0031,0.0009,-0.0012,-0.0028000000000000004,0.0067,0.0
2021-04-07,0.01339043871394141,0.01339043871394141,-0.0011,-0.015300000000000001,0.003,0.0068000000000000005,-0.0012,-0.0085,0.0
2021-04-08,0.019233536021627806,0.019233536021627806,0.0062,0.0027,-0.011699999999999999,-0.0052,-0.0038,0.0121,0.0
2021-04-09,0.02025177076734419,0.02025177076734419,0.006500000000000001,-0.0060999999999999995,0.0015,0.0079,0.0009,-0.0019,0.0
2021-04-12,-0.013232929411907679,-0.013232929411907679,-0.0004,-0.0046,0.005600000000000001,0.0073,-0.0036,-0.0023,0.0
2021-04-13,0.02430671339749102,0.02430671339749102,0.0040999999999999995,-0.0077,-0.016,-0.010700000000000001,-0.0037,0.0091,0.0
2021-04-14,-0.017853461196396525,-0.017853461196396525,-0.0034000000000000002,0.0118,0.0141,0.0001,0.0067,-0.0016,0.0
2021-04-15,0.018707558195375285,0.018707558195375285,0.0106,-0.008,-0.011899999999999999,0.001,-0.0054,-0.0075,0.0
2021-04-16,-0.0025276318987565993,-0.0025276318987565993,0.0027,-0.0019,0.006500000000000001,0.0083,0.0018,-0.003,0.0
2021-04-19,0.005068424965329887,0.005068424965329887,-0.0072,-0.0066,0.0079,0.0072,0.0043,-0.012199999999999999,0.0
2021-04-20,-0.01282976141508907,-0.01282976141508907,-0.009300000000000001,-0.0138,-0.015700000000000002,0.0038,-0.0046,-0.0206,0.0
2021-04-21,0.0029299021212254583,0.0029299021212254583,0.011000000000000001,0.015300000000000001,0.0012,-0.004699999999999999,0.0009,0.020099999999999996,0.0
2021-04-22,-0.011685489049255149,-0.011685489049255149,-0.0078000000000000005,0.0063,-0.0077,-0.002,-0.002,-0.0013,0.0
2021-04-23,0.018038147197304788,0.018038147197304788,0.0126,0.0077,0.0069,-0.0034999999999999996,0.0003,0.018000000000000002,0.0
2021-04-26,0.0029781715646015616,0.0029781715646015616,0.0040999999999999995,0.0079,-0.005,-0.012,-0.0007000000000000001,0.0147,0.0
2021-04-27,-0.002449646415883522,-0.002449646415883522,-0.0003,0.0008,0.0085,0.0054,0.0006,0.0005,0.0
2021-04-28,-0.006026811885646577,-0.006026811885646577,-0.0007000000000000001,0.0029,0.002,-0.003,-0.0033,-0.0016,0.0
2021-04-29,-0.0007486377190282223,-0.0007486377190282223,0.004,-0.0076,0.0109,0.013300000000000001,-0.0022,-0.009000000000000001,0.0
2021-04-30,-0.015133470694247975,-0.015133470694247975,-0.008199999999999999,-0.0052,-0.0033,0.0013,-0.0040999999999999995,-0.0046,0.0
2021-05-03,0.008215067696634604,0.008215067696634604,0.0018,0.0073,0.017,0.0105,0.0108,-0.0038,0.0
2021-05-04,-0.03538505769379463,-0.03538505769379463,-0.0089,-0.0024,0.02,0.0109,0.005699999999999999,-0.0018,0.0
2021-05-05,0.0019552915411069627,0.0019552915411069627,-0.0005,-0.0016,0.013300000000000001,0.0064,0.0060999999999999995,0.0028000000000000004,0.0
2021-05-06,0.012802727765904631,0.012802727765904631,0.0049,-0.0049,0.0118,0.0123,0.0058,-0.0106,0.0
2021-05-07,0.005327223097109091,0.005327223097109091,0.0084,0.0045000000000000005,-0.0008,-0.0022,0.0015,0.0126,0.0
2021-05-10,-0.025804605982139517,-0.025804605982139517,-0.013500000000000002,-0.0128,0.0168,0.0116,0.0077,-0.022000000000000002,0.0
2021-05-11,-0.00741030079548044,-0.00741030079548044,-0.0063,0.0069,-0.0087,-0.0083,-0.0005,-0.0002,0.0
2021-05-12,-0.024938440789518346,-0.024938440789518346,-0.023399999999999997,-0.0115,0.006999999999999999,-0.0029,0.0014000000000000002,-0.0256,0.0
2021-05-13,0.017919898457801064,0.017919898457801064,0.0104,0.0048,0.0113,0.0138,0.0034000000000000002,-0.0021,0.0
2021-05-14,0.01984454464174723,0.01984454464174723,0.0179,0.0097,-0.0016,-0.0024,-0.0004,0.0182,0.0
2021-05-17,-0.00925846817710041,-0.00925846817710041,-0.0024,0.0072,0.0084,0.0002,0.0058,0.0028000000000000004,0.0
2021-05-18,-0.011245762916385349,-0.011245762916385349,-0.006999999999999999,0.0005,-0.009300000000000001,-0.0102,-0.0043,-0.0025,0.0
2021-05-19,-0.0012815745779776178,-0.0012815745779776178,-0.0034000000000000002,-0.0053,-0.0046,-0.0018,-0.0033,-0.0059,0.0
2021-05-20,0.0210121869063149,0.0210121869063149,0.011399999999999999,-0.0049,-0.014199999999999999,-0.0085,-0.0048,0.0023,0.0
2021-05-21,-0.014767172804005413,-0.014767172804005413,-0.0004,0.0046,0.0098,-0.0011,-0.0006,0.0022,0.0
2021-05-24,0.013314210368271073,0.013314210368271073,0.009899999999999999,-0.0048,-0.006999999999999999,0.0026,-0.0031,0.0113,0.0
2021-05-25,-0.0015735938489621626,-0.0015735938489621626,-0.003,-0.0085,-0.0123,0.002,-0.0015,0.0022,0.0
2021-05-26,-0.0003940339202522791,-0.0003940339202522791,0.0046,0.0177,0.005699999999999999,-0.0054,0.0014000000000000002,0.0172,0.0
2021-05-27,-0.012376912355112402,-0.012376912355112402,0.0027,0.0108,0.0095,-0.0026,0.0027,0.0159,0.0
2021-05-28,-0.005347818958532202,-0.005347818958532202,0.0004,-0.0037,-0.0032,-0.002,-0.004,-0.0034000000000000002,0.0
2021-06-01,-0.0026481772878123033,-0.0026481772878123033,0.0003,0.0141,0.0144,0.0029,0.0039000000000000003,0.009000000000000001,0.0
2021-06-02,0.00627608548456049,0.00627608548456049,0.0011,-0.0021,0.0032,-0.0007000000000000001,0.006999999999999999,-0.0074,0.0
2021-06-03,-0.012154231765833523,-0.012154231765833523,-0.0053,-0.0025,0.0073,0.0040999999999999995,0.0034000000000000002,-0.010700000000000001,0.0
2021-06-04,0.01902214182304962,0.01902214182304962,0.009000000000000001,-0.0059,-0.0091,-0.0015,-0.0022,0.0038,0.0
2021-06-07,7.940170442344296e-05,7.940170442344296e-05,0.0014000000000000002,0.0127,-0.0095,-0.01,-0.0021,0.0066,0.0
2021-06-08,0.006672013619173356,0.006672013619173356,0.0018,0.0108,-0.0031,0.0007000000000000001,-0.0009,0.0043,0.0
2021-06-09,0.0030771961807287695,0.0030771961807287695,-0.0029,-0.0045000000000000005,-0.0084,0.0016,0.0019,-0.011399999999999999,0.0
2021-06-10,-0.008023305210335896,-0.008023305210335896,0.0040999999999999995,-0.013300000000000001,-0.020499999999999997,-0.005600000000000001,-0.0105,-0.0159,0.0
2021-06-11,0.009832672682551946,0.009832672682551946,0.0037,0.0072,0.0017000000000000001,0.0004,0.0,0.0063,0.0
2021-06-14,0.024577713472785145,0.024577713472785145,0.0015,-0.0075,-0.016200000000000003,-0.0059,-0.0049,-0.0088,0.0
2021-06-15,-0.006437579107625768,-0.006437579107625768,-0.003,0.0023,0.0128,0.0067,0.0013,0.0007000000000000001,0.0
2021-06-16,0.003933861147469742,0.003933861147469742,-0.0046,0.0043,0.002,-0.0034000000000000002,-0.0024,0.0034999999999999996,0.0
2021-06-17,0.012600832238773396,0.012600832238773396,0.0001,-0.013500000000000002,-0.035699999999999996,-0.006999999999999999,-0.011000000000000001,-0.0184,0.0
2021-06-18,-0.010091579955742391,-0.010091579955742391,-0.0123,-0.008,-0.0144,-0.0043,-0.0070999999999999995,-0.0045000000000000005,0.0
2021-06-21,0.014103892993917677,0.014103892993917677,0.013600000000000001,0.0084,0.0106,0.004,0.0031,0.013600000000000001,0.0
2021-06-22,0.012698154796790595,0.012698154796790595,0.0058,-0.0009,-0.0043,0.002,0.002,0.0044,0.0
2021-06-23,-0.0020895883678138105,-0.0020895883678138105,0.0,0.0051,-0.0029,-0.0048,-0.0024,0.0116,0.0
2021-06-24,-0.0021688445734824313,-0.0021688445734824313,0.0069,0.0074,0.0023,-0.0039000000000000003,0.0026,0.0074,0.0
2021-06-25,-0.0022491893194511725,-0.0022491893194511725,0.0031,-0.005,0.0043,-0.0014000000000000002,0.0006,-0.0055000000000000005,0.0
2021-06-28,0.012546263404675795,0.012546263404675795,0.0021,-0.0086,-0.0159,-0.0049,-0.0014000000000000002,0.0005,0.0
2021-06-29,0.011500250857075622,0.011500250857075622,0.0001,-0.0039000000000000003,-0.003,0.0031,0.0039000000000000003,0.0012,0.0
2021-06-30,0.004621189667594061,0.004621189667594061,0.0007000000000000001,0.0013,0.0075,0.0072,0.0064,0.0075,0.0
2021-07-01,0.002263417089451103,0.002263417089451103,0.0044,0.0042,0.0044,0.0,0.0033,-0.0021,0.0
2021-07-02,0.019596445148945874,0.019596445148945874,0.005600000000000001,-0.015300000000000001,-0.006999999999999999,0.0066,-0.0014000000000000002,-0.008,0.0
2021-07-06,0.014718582928781254,0.014718582928781254,-0.0027,-0.0102,-0.02,0.0055000000000000005,-0.0075,-0.0148,0.0
2021-07-07,0.017954877715670614,0.017954877715670614,0.001,-0.0084,0.0008,0.017,0.0034999999999999996,-0.0113,0.0
2021-07-08,-0.009199591736146595,-0.009199591736146595,-0.0086,-0.0001,-0.0079,-0.0022,-0.0003,-0.0031,0.0
2021-07-09,0.013054775740231506,0.013054775740231506,0.0126,0.0085,0.015700000000000002,-0.0017000000000000001,0.0040999999999999995,0.0165,0.0
2021-07-12,-0.004203488489479046,-0.004203488489479046,0.0023,-0.0002,0.005600000000000001,0.0028000000000000004,-0.0027,0.0086,0.0
2021-07-13,0.007889168037078065,0.007889168037078065,-0.0055000000000000005,-0.0121,-0.0040999999999999995,0.0075,0.0012,-0.0121,0.0
2021-07-14,0.024100709363294337,0.024100709363294337,-0.0025,-0.0116,0.0034999999999999996,0.0194,0.0063,-0.0138,0.0
2021-07-15,-0.004492162141380152,-0.004492162141380152,-0.0038,-0.0026,0.0079,0.0034000000000000002,-0.0007000000000000001,-0.0068000000000000005,0.0
2021-07-16,-0.014076080350088116,-0.014076080350088116,-0.0076,-0.004,-0.0127,0.0013,-0.0084,-0.0154,0.0
2021-07-19,-0.02691434607691101,-0.02691434607691101,-0.014199999999999999,0.0004,-0.0177,-0.0043,-0.0111,-0.0063,0.0
2021-07-20,0.02597410596394334,0.02597410596394334,0.017,0.0086,0.0014000000000000002,-0.0058,0.0033,0.0159,0.0
2021-07-21,-0.005131636681109275,-0.005131636681109275,0.0095,0.0073,0.008100000000000001,-0.0096,0.0008,0.018500000000000003,0.0
2021-07-22,0.009628522390980443,0.009628522390980443,0.001,-0.015600000000000001,-0.0102,0.005,-0.0043,-0.0066,0.0
2021-07-23,0.011988857700886868,0.011988857700886868,0.009899999999999999,-0.0033,-0.0045000000000000005,0.0049,-0.0036,0.001,0.0
2021-07-26,0.0028948436368914088,0.0028948436368914088,0.0018,0.0009,0.013300000000000001,0.0029,0.0087,0.0101,0.0
2021-07-27,-0.014900392566113752,-0.014900392566113752,-0.006500000000000001,-0.0046,0.0059,0.0046,0.0009,-0.0108,0.0
2021-07-28,-0.012195837949329769,-0.012195837949329769,0.0027,0.0121,-0.0064,-0.015700000000000002,-0.0073,0.0062,0.0
2021-07-29,0.004551988655582262,0.004551988655582262,0.0040999999999999995,0.0022,0.009399999999999999,0.008199999999999999,0.0055000000000000005,0.008,0.0
2021-07-30,0.0015107049956646357,0.0015107049956646357,-0.006500000000000001,-0.0009,-0.0018,0.005699999999999999,0.0042,-0.0011,0.0
2021-08-02,-0.0023313310854277125,-0.0023313310854277125,-0.0012,-0.0013,-0.0045000000000000005,-0.0007000000000000001,-0.0039000000000000003,-0.0005,0.0
2021-08-03,0.012644596537962682,0.012644596537962682,0.0073,-0.0039000000000000003,0.009300000000000001,0.006500000000000001,0.0027,0.0051,0.0
2021-08-04,-0.002782006417135996,-0.002782006417135996,-0.0039000000000000003,-0.0098,-0.015700000000000002,-0.0037,-0.0113,-0.0021,0.0
2021-08-05,0.0007484586230324108,0.0007484586230324108,0.0074,0.0108,-0.0012,-0.0129,-0.004,0.0085,0.0
2021-08-06,-0.004767162680571757,-0.004767162680571757,0.0009,0.0046,0.018799999999999997,0.0048,0.0029,0.0049,0.0
2021-08-09,-0.00034212737714833796,-0.00034212737714833796,0.0,-0.0046,-0.0027,-0.0064,-0.0052,0.0062,0.0
2021-08-10,-0.003354231377392658,-0.003354231377392658,0.0006,0.0038,0.0182,0.0072,0.0092,0.0040999999999999995,0.0
2021-08-11,0.0017859616025777125,0.0017859616025777125,0.002,0.003,0.0144,0.0091,0.005600000000000001,-0.0026,0.0
2021-08-12,0.020773295617072085,0.020773295617072085,0.0024,-0.0068000000000000005,-0.0040999999999999995,0.0007000000000000001,0.0011,0.0033,0.0
2021-08-13,0.001410373659183728,0.001410373659183728,0.0002,-0.0095,-0.0027,0.006999999999999999,-0.0001,-0.008199999999999999,0.0
2021-08-16,0.013548029070927115,0.013548029070927115,-0.0003,-0.0086,0.0006,0.0166,0.0022,-0.0048,0.0
2021-08-17,-0.0061542159624724535,-0.0061542159624724535,-0.0079,-0.005,-0.0013,-0.003,0.0008,-0.0124,0.0
2021-08-18,-0.02550072481105803,-0.02550072481105803,-0.0096,0.001,-0.0018,-0.0032,-0.0066,0.0044,0.0
2021-08-19,0.002322669327457394,0.002322669327457394,-0.0013,-0.0096,-0.0083,0.0138,-0.004699999999999999,-0.008100000000000001,0.0
2021-08-20,0.010157032720881976,0.010157032720881976,0.0092,0.0086,-0.005,-0.0036,-0.0032,0.0019,0.0
2021-08-23,0.01025696137413723,0.01025696137413723,0.010700000000000001,0.0075,-0.0083,-0.018500000000000003,-0.001,0.0073,0.0
2021-08-24,-0.0006009560750326326,-0.0006009560750326326,0.004,0.004,0.0034999999999999996,-0.0072,0.0002,0.009399999999999999,0.0
2021-08-25,-0.008421371810957812,-0.008421371810957812,0.0027,0.0006,0.0036,-0.0042,-0.0001,0.0072,0.0
2021-08-26,-0.005527308709544543,-0.005527308709544543,-0.006500000000000001,-0.0044,-0.0033,-0.0006,-0.0012,-0.0033,0.0
2021-08-27,0.007184679526330173,0.007184679526330173,0.010700000000000001,0.016399999999999998,0.0031,-0.0069,0.0016,0.0096,0.0
2021-08-30,0.03041710852077184,0.03041710852077184,0.0034999999999999996,-0.0069,-0.0139,0.0066,0.0007000000000000001,-0.011399999999999999,0.0
2021-08-31,-0.008424838254037614,-0.008424838254037614,-0.0013,0.0046,-0.0004,-0.004699999999999999,-0.002,-0.0024,0.0
2021-09-01,0.00447860001761935,0.00447860001761935,0.0011,0.004,-0.0096,-0.0045000000000000005,-0.0039000000000000003,-0.0060999999999999995,0.0
2021-09-02,0.007474921607745655,0.007474921607745655,0.0034999999999999996,0.002,-0.0002,-0.0044,0.0059,0.0022,0.0
2021-09-03,0.004230674384891664,0.004230674384891664,-0.0002,-0.005600000000000001,-0.0028000000000000004,0.0003,-0.0031,0.0026,0.0
2021-09-07,0.015489264387436252,0.015489264387436252,-0.0036,-0.0036,-0.0008,-0.006,0.0014000000000000002,0.0023,0.0
2021-09-08,-0.010083539945928144,-0.010083539945928144,-0.0033,-0.0074,0.0007000000000000001,0.0073,0.002,-0.0092,0.0
2021-09-09,-0.0067053416710615155,-0.0067053416710615155,-0.0028000000000000004,0.0025,0.0009,-0.0078000000000000005,-0.0027,0.0089,0.0
2021-09-10,-0.033101560773839744,-0.033101560773839744,-0.0076,-0.0003,0.0002,0.002,-0.0037,-0.0019,0.0
2021-09-13,0.003893431196113628,0.003893431196113628,0.0014000000000000002,0.0024,0.013500000000000002,0.0023,0.009300000000000001,0.0,0.0
2021-09-14,-0.00956219159029259,-0.00956219159029259,-0.0066,-0.0067,-0.0097,0.0042,-0.004699999999999999,-0.0009,0.0
2021-09-15,0.0061437790039282625,0.0061437790039282625,0.0088,0.0012,0.0067,-0.0024,0.0043,0.0105,0.0
2021-09-16,-0.0016105965348083284,-0.0016105965348083284,-0.0005,-0.001,-0.0058,-0.0042,-0.0053,-0.001,0.0
2021-09-17,-0.01834781647788586,-0.01834781647788586,-0.0074,0.01,-0.0005,-0.0064,-0.0048,-0.0078000000000000005,0.0
2021-09-20,-0.021360934729269254,-0.021360934729269254,-0.018600000000000002,-0.005600000000000001,0.0022,0.0078000000000000005,0.0023,-0.006500000000000001,0.0
2021-09-21,0.003427601682433945,0.003427601682433945,0.0003,0.0027,-0.0068000000000000005,-0.0043,-0.0036,0.0017000000000000001,0.0
2021-09-22,0.01687255864461079,0.01687255864461079,0.01,0.0014000000000000002,0.0060999999999999995,-0.0052,0.0046,0.013000000000000001,0.0
2021-09-23,0.006719394976644866,0.006719394976644866,0.0128,0.0046,0.0092,-0.0101,0.0022,0.010700000000000001,0.0
2021-09-24,0.0006129565570103246,0.0006129565570103246,0.0009,-0.004,0.0070999999999999995,0.005699999999999999,0.0023,0.0022,0.0
2021-09-27,-0.010549960016653537,-0.010549960016653537,-0.0011,0.0171,0.024399999999999998,-0.0024,0.0078000000000000005,0.0060999999999999995,0.0
2021-09-28,-0.023801455199992327,-0.023801455199992327,-0.0217,-0.0001,0.0176,0.0083,0.010700000000000001,-0.0058,0.0
2021-09-29,0.006482963590103141,0.006482963590103141,0.0004,-0.002,0.008100000000000001,0.0115,0.0034000000000000002,-0.0048,0.0
2021-09-30,-0.00931175224272418,-0.00931175224272418,-0.0103,0.0007000000000000001,-0.0077,-0.0124,-0.0037,-0.0014000000000000002,0.0
2021-10-01,0.008127185196781683,0.008127185196781683,0.011200000000000002,0.0048,0.0051,-0.0009,0.0055000000000000005,0.006500000000000001,0.0
2021-10-04,-0.024605794266620795,-0.024605794266620795,-0.014199999999999999,0.004,0.0235,0.0069,0.011000000000000001,0.0011,0.0
2021-10-05,0.014158832348878603,0.014158832348878603,0.0106,-0.0058,-0.0007000000000000001,-0.0009,-0.0034000000000000002,0.006999999999999999,0.0
2021-10-06,0.006306856133990735,0.006306856133990735,0.0034000000000000002,-0.01,-0.005,0.0033,-0.0068000000000000005,-0.008100000000000001,0.0
2021-10-07,0.00908458635661713,0.00908458635661713,0.0101,0.0045000000000000005,-0.0018,-0.0007000000000000001,0.0004,0.0063,0.0
2021-10-08,-0.0027218020272784527,-0.0027218020272784527,-0.0027,-0.0046,0.0113,0.0009,0.0059,0.0007000000000000001,0.0
2021-10-11,-0.0006299234665978481,-0.0006299234665978481,-0.0072,0.0023,-0.0028000000000000004,-0.0004,0.0028000000000000004,0.0009,0.0
2021-10-12,-0.009102950051206649,-0.009102950051206649,-0.0007000000000000001,0.0055000000000000005,-0.0043,-0.0088,-0.0028000000000000004,-0.0006,0.0
2021-10-13,-0.004240187291244979,-0.004240187291244979,0.0043,-0.0009,-0.0105,-0.0049,-0.0079,-0.004699999999999999,0.0
2021-10-14,0.020226071571789683,0.020226071571789683,0.0165,-0.0037,-0.0028000000000000004,0.0,-0.0012,0.0013,0.0
2021-10-15,0.007512446110564008,0.007512446110564008,0.0064,-0.0113,0.0028000000000000004,0.0037,-0.0008,0.0014000000000000002,0.0
2021-10-18,0.011805969291626806,0.011805969291626806,0.004,-0.0040999999999999995,-0.0001,0.005699999999999999,-0.0008,0.0137,0.0
2021-10-19,0.015080130707916473,0.015080130707916473,0.006999999999999999,-0.0048,-0.0024,-0.0017000000000000001,0.001,-0.0073,0.0
2021-10-20,0.0033612282396173754,0.0033612282396173754,0.0034000000000000002,0.0023,0.012,0.0028000000000000004,0.0055000000000000005,0.001,0.0
2021-10-21,0.0014737470529775365,0.0014737470529775365,0.0036,0.0003,-0.009899999999999999,0.0031,-0.0060999999999999995,0.0002,0.0
2021-10-22,-0.005284851032129945,-0.005284851032129945,-0.0025,0.0002,0.0102,0.0043,0.004699999999999999,0.0033,0.0
2021-10-25,-0.00033626000178865745,-0.00033626000178865745,0.005600000000000001,0.0036,-0.0013,-0.0040999999999999995,-0.0037,0.011699999999999999,0.0
2021-10-26,0.0045750321480495515,0.0045750321480495515,0.0005,-0.0078000000000000005,-0.003,-0.0038,-0.0015,-0.002,0.0
2021-10-27,-0.0031476749228351864,-0.0031476749228351864,-0.0076,-0.009399999999999999,-0.012,0.0086,-0.0063,-0.001,0.0
2021-10-28,0.02499164720483793,0.02499164720483793,0.0111,0.0083,-0.005,-0.0027,-0.0017000000000000001,0.008199999999999999,0.0
2021-10-29,-0.0181558315557675,-0.0181558315557675,0.0021,0.0013,-0.0083,0.005600000000000001,-0.0083,0.0058,0.0
2021-11-01,-0.00560732945308462,-0.00560732945308462,0.005,0.020499999999999997,0.0044,-0.0113,0.0007000000000000001,0.0096,0.0
2021-11-02,0.007115978999790995,0.007115978999790995,0.0025,-0.0033,-0.0055000000000000005,0.0042,0.0016,0.0001,0.0
2021-11-03,0.00979856546181912,0.00979856546181912,0.0079,0.0144,-0.0016,0.0021,-0.0043,-0.003,0.0
2021-11-04,-0.003498310688528794,-0.003498310688528794,0.0039000000000000003,-0.0029,-0.0138,0.0066,-0.0074,-0.0046,0.0
2021-11-05,0.0035820969765241184,0.0035820969765241184,0.0037,0.0079,0.012199999999999999,0.0005,0.013600000000000001,0.0083,0.0
2021-11-08,-0.005552847255344551,-0.005552847255344551,0.0016,0.0002,0.001,-0.0053,-0.0012,0.0046,0.0
2021-11-09,0.0024600106786332177,0.0024600106786332177,-0.0034000000000000002,-0.0013,0.0046,0.0059,0.0029,-0.0088,0.0
2021-11-10,-0.019163390782625078,-0.019163390782625078,-0.0104,-0.003,0.0095,0.0137,0.0002,-0.0092,0.0
2021-11-11,-0.0003380458037807177,-0.0003380458037807177,0.0017000000000000001,0.0062,0.0034000000000000002,0.0014000000000000002,0.001,0.0095,0.0
2021-11-12,0.014336995942289876,0.014336995942289876,0.0074,-0.0046,-0.0091,0.0037,-0.0029,-0.0021,0.0
2021-11-15,6.644696121282934e-05,6.644696121282934e-05,-0.0006,-0.0045000000000000005,0.006999999999999999,0.0053,0.005,-0.0017000000000000001,0.0
2021-11-16,0.006666853427846897,0.006666853427846897,0.0044,-0.0016,-0.0068000000000000005,0.0017000000000000001,-0.006500000000000001,0.0023,0.0
2021-11-17,0.016489870268845408,0.016489870268845408,-0.0040999999999999995,-0.006500000000000001,-0.0026,0.008100000000000001,0.0018,0.0001,0.0
2021-11-18,0.02853620314249561,0.02853620314249561,0.0014000000000000002,-0.0075,-0.0006,0.0125,-0.0011,0.0101,0.0
2021-11-19,0.016975916086966247,0.016975916086966247,-0.0025,-0.0040999999999999995,-0.0131,0.0103,-0.0064,0.0002,0.0
2021-11-22,0.0029276170545733393,0.0029276170545733393,-0.005699999999999999,0.0007000000000000001,0.0278,0.0125,0.0163,0.005699999999999999,0.0
2021-11-23,0.0024218715059598495,0.0024218715059598495,-0.0002,-0.0019,0.0177,0.0024,0.0115,0.0011,0.0
2021-11-24,0.003283751238181365,0.003283751238181365,0.003,-0.0014000000000000002,-0.0087,-0.0054,-0.0025,0.0013,0.0
2021-11-26,-0.03167858391713796,-0.03167858391713796,-0.0223,-0.0128,-0.0095,0.0026,-0.0060999999999999995,-0.0070999999999999995,0.0
2021-11-29,0.021873687828276367,0.021873687828276367,0.011000000000000001,-0.0131,-0.0078000000000000005,0.0038,-0.0031,0.0124,0.0
2021-11-30,0.031577439914492356,0.031577439914492356,-0.0195,0.0018,-0.0113,-0.0009,0.0039000000000000003,-0.0018,0.0
2021-12-01,-0.0032059081549461466,-0.0032059081549461466,-0.0159,-0.0044,0.0109,0.0233,0.0078000000000000005,-0.0022,0.0
2021-12-02,-0.006129910258917737,-0.006129910258917737,0.015300000000000001,0.01,0.0124,-0.0066,0.0004,-0.0026,0.0
2021-12-03,-0.011724549495322534,-0.011724549495322534,-0.0118,-0.0087,0.0108,0.0176,0.010700000000000001,-0.011200000000000002,0.0
2021-12-06,0.021502724555516384,0.021502724555516384,0.012,0.0084,0.0063,0.0009,0.0062,-0.0096,0.0
2021-12-07,0.03544629851946457,0.03544629851946457,0.0222,-0.0017000000000000001,-0.0178,-0.0144,-0.004699999999999999,0.009399999999999999,0.0
2021-12-08,0.022783007637348085,0.022783007637348085,0.0046,0.0034999999999999996,-0.0085,-0.0097,0.0019,-0.0053,0.0
2021-12-09,-0.002970079182482266,-0.002970079182482266,-0.0104,-0.0105,0.0155,0.0144,0.01,0.0,0.0
2021-12-10,0.028013438460837703,0.028013438460837703,0.0070999999999999995,-0.0087,0.0052,0.0138,0.0077,0.0077,0.0
2021-12-13,-0.02067415710775078,-0.02067415710775078,-0.0104,-0.0029,-0.009899999999999999,0.0031,-0.003,-0.0181,0.0
2021-12-14,-0.008023352816235674,-0.008023352816235674,-0.0076,-0.0034999999999999996,0.0165,0.0040999999999999995,0.0018,-0.003,0.0
2021-12-15,0.028509363811375366,0.028509363811375366,0.016200000000000003,0.0001,-0.0191,0.0005,-0.0034999999999999996,0.0049,0.0
2021-12-16,-0.03926404848260967,-0.03926404848260967,-0.011899999999999999,-0.0085,0.027999999999999997,0.0062,0.0067,-0.0113,0.0
2021-12-17,-0.006501796457143438,-0.006501796457143438,-0.0066,0.0147,-0.023399999999999997,-0.017,-0.0037,-0.016399999999999998,0.0
2021-12-20,-0.008122175008258403,-0.008122175008258403,-0.0126,-0.0021,-0.0040999999999999995,0.0003,0.0017000000000000001,-0.0032,0.0
2021-12-21,0.019086962043255662,0.019086962043255662,0.0206,0.0066,0.0019,-0.0109,-0.0024,0.0060999999999999995,0.0
2021-12-22,0.015318959110492303,0.015318959110492303,0.0097,0.0018,-0.0034999999999999996,0.0034000000000000002,0.0005,0.0095,0.0
2021-12-23,0.00364384035336629,0.00364384035336629,0.0072,0.0028000000000000004,-0.0049,-0.0037,-0.0040999999999999995,0.0004,0.0
2021-12-27,0.022974935225894555,0.022974935225894555,0.0123,-0.0013,0.0031,0.0098,0.0045000000000000005,0.0199,0.0
2021-12-28,-0.005767305837343084,-0.005767305837343084,-0.0026,-0.0040999999999999995,0.008199999999999999,0.0084,0.0023,-0.0054,0.0
2021-12-29,0.0005019478469130423,0.0005019478469130423,0.0007000000000000001,-0.0002,0.0017000000000000001,0.0070999999999999995,0.0,0.0044,0.0
2021-12-30,-0.006578218032510352,-0.006578218032510352,-0.0017000000000000001,0.0007000000000000001,-0.0040999999999999995,-0.0083,-0.0044,-0.0113,0.0
2021-12-31,-0.0035353023109072623,-0.0035353023109072623,-0.0031,0.0017000000000000001,0.0052,0.0034999999999999996,0.0045000000000000005,0.0046,0.0
2022-01-03,0.025004350242654683,0.025004350242654683,0.0072,0.0044,0.0077,-0.011699999999999999,0.0053,-0.0106,0.0
2022-01-04,-0.012691681719922188,-0.012691681719922188,-0.0027,-0.0006,0.0364,0.0064,0.015600000000000001,0.0044,0.0
2022-01-05,-0.026599823445575654,-0.026599823445575654,-0.0226,-0.009300000000000001,0.0258,0.0141,0.0129,-0.0075,0.0
2022-01-06,-0.016693572866833373,-0.016693572866833373,0.0,0.0038,0.0176,-0.005600000000000001,0.0001,0.0075,0.0
2022-01-07,0.0009884097311176898,0.0009884097311176898,-0.0049,-0.0096,0.0202,-0.0013,0.0085,-0.0062,0.0
2022-01-10,0.00011631811607482057,0.00011631811607482057,-0.0014000000000000002,-0.0031,-0.0026,-0.0006,-0.0036,-0.0014000000000000002,0.0
2022-01-11,0.01678351406963441,0.01678351406963441,0.0108,-0.002,-0.0027,-0.0124,0.0034999999999999996,-0.0011,0.0
2022-01-12,0.002570178470637563,0.002570178470637563,0.0013,-0.0085,0.0052,0.0076,0.0029,0.0124,0.0
2022-01-13,-0.019027751128723458,-0.019027751128723458,-0.0155,0.0088,0.0239,0.0118,0.0104,-0.0021,0.0
2022-01-14,0.005110597770199732,0.005110597770199732,0.0008,0.0005,0.0055000000000000005,-0.0085,0.0052,-0.001,0.0
2022-01-18,-0.018894200384615645,-0.018894200384615645,-0.0206,-0.009000000000000001,0.0138,0.0079,0.0098,0.0008,0.0
2022-01-19,-0.021024798747132256,-0.021024798747132256,-0.0102,-0.0036,-0.0067,0.0025,0.0009,-0.0038,0.0
2022-01-20,-0.010346906678615153,-0.010346906678615153,-0.0115,-0.0084,-0.0023,-0.0031,0.0009,-0.0044,0.0
2022-01-21,-0.01276527982145148,-0.01276527982145148,-0.0209,0.0039000000000000003,0.004699999999999999,0.0103,0.0054,0.0048,0.0
2022-01-24,-0.004864230620626131,-0.004864230620626131,0.0053,0.0175,-0.0025,-0.0006,-0.0067,0.0009,0.0
2022-01-25,-0.01138492339992725,-0.01138492339992725,-0.014199999999999999,-0.0018,0.027999999999999997,-0.0079,0.016200000000000003,0.0023,0.0
2022-01-26,-0.0005630429700824724,-0.0005630429700824724,-0.0029,-0.0106,0.001,0.0042,-0.0002,0.0137,0.0
2022-01-27,-0.002943187587490015,-0.002943187587490015,-0.0076,-0.0146,0.0083,0.0105,0.0092,0.0036,0.0
2022-01-28,0.06977765912847911,0.06977765912847911,0.0246,-0.0062,-0.0208,0.0016,0.0016,-0.0027,0.0
2022-01-31,0.026125598328349042,0.026125598328349042,0.0232,0.006999999999999999,-0.0287,-0.0182,-0.0167,-0.0177,0.0
2022-02-01,-0.0009725990201793211,-0.0009725990201793211,0.0087,0.0012,0.006500000000000001,-0.011000000000000001,0.0033,0.0002,0.0
2022-02-02,0.007044385533476749,0.007044385533476749,0.0051,-0.0158,0.006999999999999999,0.015,0.005,0.024399999999999998,0.0
2022-02-03,-0.01671976813975573,-0.01671976813975573,-0.0248,0.0046,0.0219,0.0043,0.013600000000000001,0.0127,0.0
2022-02-04,-0.0016793108130829237,-0.0016793108130829237,0.0089,-0.003,-0.006,-0.0173,-0.012,-0.0241,0.0
2022-02-07,-0.004234797066765217,-0.004234797066765217,-0.0024,0.0067,0.002,-0.006999999999999999,-0.0001,-0.0037,0.0
2022-02-08,0.018466940977388546,0.018466940977388546,0.0102,0.0073,-0.0029,0.009300000000000001,-0.0042,-0.0018,0.0
2022-02-09,0.008293652351767378,0.008293652351767378,0.016,0.0002,-0.0196,-0.011000000000000001,-0.0026,-0.0111,0.0
2022-02-10,-0.02359885791450711,-0.02359885791450711,-0.0169,0.0002,0.0123,-0.005600000000000001,0.0027,0.0034000000000000002,0.0
2022-02-11,-0.020218292843872776,-0.020218292843872776,-0.0191,0.0092,0.0213,-0.002,0.0143,0.0077,0.0
2022-02-14,0.0014232213965017504,0.0014232213965017504,-0.0034999999999999996,0.0008,-0.0062,0.0069,-0.0018,-0.0007000000000000001,0.0
2022-02-15,0.023152310025298606,0.023152310025298606,0.018500000000000003,0.0102,-0.013999999999999999,-0.0068000000000000005,-0.008100000000000001,-0.0096,0.0
2022-02-16,-0.0013888586664302371,-0.0013888586664302371,-0.0002,0.0004,0.0032,0.0060999999999999995,0.0042,0.0063,0.0
2022-02-17,-0.021269091155353248,-0.021269091155353248,-0.0229,-0.0005,0.0115,0.0088,0.0147,0.0123,0.0
2022-02-18,-0.009355855354415077,-0.009355855354415077,-0.0085,0.0012,0.0095,0.010700000000000001,0.0044,0.0115,0.0
2022-02-22,-0.017812275986206272,-0.017812275986206272,-0.011699999999999999,-0.0036,0.0009,-0.0004,0.0016,0.005,0.0
2022-02-23,-0.025864232244497742,-0.025864232244497742,-0.0195,0.0006,0.0125,0.0002,0.010700000000000001,0.009300000000000001,0.0
2022-02-24,0.01668006663956456,0.01668006663956456,0.0187,0.0069,-0.0388,-0.0179,-0.018000000000000002,-0.0304,0.0
2022-02-25,0.012965640850425508,0.012965640850425508,0.022400000000000003,-0.0014000000000000002,0.011899999999999999,0.0036,-0.0019,0.0073,0.0
2022-02-28,0.0016377456216212227,0.0016377456216212227,0.0003,0.0039000000000000003,-0.0046,-0.008,0.0025,-0.0029,0.0
2022-03-01,-0.01162783116878574,-0.01162783116878574,-0.0155,-0.0028000000000000004,-0.0085,-0.0040999999999999995,0.0053,0.0027,0.0
2022-03-02,0.020588123389551294,0.020588123389551294,0.0182,0.0063,0.013000000000000001,0.0052,0.004699999999999999,0.013300000000000001,0.0
2022-03-03,-0.001981274186354076,-0.001981274186354076,-0.0086,-0.0022,0.0151,0.0125,0.0125,0.013500000000000002,0.0
2022-03-04,-0.018408031080059062,-0.018408031080059062,-0.0109,-0.0052,0.0072,0.0037,0.0123,0.0151,0.0
2022-03-07,-0.023717733953220854,-0.023717733953220854,-0.031400000000000004,0.0073,0.0089,-0.0069,0.013500000000000002,0.0058,0.0
2022-03-08,-0.011676278884643176,-0.011676278884643176,-0.0053,0.01,0.003,-0.011200000000000002,-0.0024,-0.009000000000000001,0.0
2022-03-09,0.03499744435704333,0.03499744435704333,0.0279,0.0001,-0.0217,-0.0040999999999999995,-0.0158,-0.0104,0.0
2022-03-10,-0.027186095890811002,-0.027186095890811002,-0.004699999999999999,0.003,0.0118,-0.0032,0.0034000000000000002,0.0097,0.0
2022-03-11,-0.023908580381905797,-0.023908580381905797,-0.0148,-0.0012,0.0176,0.0097,0.0064,0.0131,0.0
2022-03-14,-0.026562828012237527,-0.026562828012237527,-0.0104,-0.0084,0.0179,0.0219,0.001,0.013300000000000001,0.0
2022-03-15,0.029677493398763577,0.029677493398763577,0.0215,-0.0049,-0.023700000000000002,0.0077,-0.009899999999999999,-0.0078000000000000005,0.0
2022-03-16,0.029015570832267912,0.029015570832267912,0.026000000000000002,0.0044,-0.018500000000000003,-0.0116,-0.0158,-0.0216,0.0
2022-03-17,0.006454168521242476,0.006454168521242476,0.014199999999999999,0.0016,-0.0106,-0.0161,-0.002,-0.006999999999999999,0.0
2022-03-18,0.020918826049826533,0.020918826049826533,0.0132,-0.0019,-0.0187,-0.0055000000000000005,-0.0084,-0.0101,0.0
2022-03-21,0.00853758134178606,0.00853758134178606,-0.0017000000000000001,-0.009399999999999999,0.016399999999999998,-0.0019,0.0155,0.016,0.0
2022-03-22,0.020800781259212586,0.020800781259212586,0.013000000000000001,-0.0022,-0.011899999999999999,-0.008199999999999999,-0.0103,-0.0087,0.0
2022-03-23,0.008233665883669694,0.008233665883669694,-0.0125,-0.0062,0.004,-0.0051,0.0152,0.0079,0.0
2022-03-24,0.022677724377820452,0.022677724377820452,0.014199999999999999,-0.0032,-0.008199999999999999,-0.0048,-0.0013,-0.0023,0.0
2022-03-25,0.003734318037701634,0.003734318037701634,0.0028000000000000004,-0.003,0.0219,0.002,0.0137,0.0113,0.0
2022-03-28,0.005036436321489646,0.005036436321489646,0.0073,-0.0087,-0.0172,0.005,-0.0124,-0.0054,0.0
2022-03-29,0.019134382957574303,0.019134382957574303,0.0143,0.011899999999999999,-0.0192,-0.0032,-0.009899999999999999,-0.0202,0.0
2022-03-30,-0.0066494297935673075,-0.0066494297935673075,-0.008199999999999999,-0.011200000000000002,0.004,0.0037,0.0092,0.0104,0.0
2022-03-31,-0.01777579397189022,-0.01777579397189022,-0.0154,0.0062,-0.0045000000000000005,-0.0022,0.004,0.0040999999999999995,0.0
2022-04-01,-0.0017183797837335701,-0.0017183797837335701,0.0039000000000000003,0.0058,-0.0060999999999999995,-0.0092,0.0005,-0.0017000000000000001,0.0
2022-04-04,0.02369372289935856,0.02369372289935856,0.009300000000000001,-0.0055000000000000005,-0.018600000000000002,-0.0077,-0.006999999999999999,-0.015300000000000001,0.0
2022-04-05,-0.018941844360301552,-0.018941844360301552,-0.015300000000000001,-0.0072,0.008199999999999999,0.0069,0.0015,0.0126,0.0
2022-04-06,-0.018451207905901046,-0.018451207905901046,-0.0123,-0.003,0.0108,0.0023,0.0088,0.0146,0.0
2022-04-07,0.001804381542846567,0.001804381542846567,0.0034000000000000002,-0.0060999999999999995,-0.0012,0.0037,0.003,0.012,0.0
2022-04-08,-0.011909057218669639,-0.011909057218669639,-0.0038,-0.0053,0.0227,0.0037,0.0104,0.0096,0.0
2022-04-11,-0.0255157229918056,-0.0255157229918056,-0.0154,0.0062,0.0105,0.0046,0.001,-0.0085,0.0
2022-04-12,0.011523298902931467,0.011523298902931467,-0.0029,0.005600000000000001,0.004699999999999999,-0.0024,0.010700000000000001,0.0095,0.0
2022-04-13,0.0163426764056831,0.0163426764056831,0.0139,0.0060999999999999995,-0.0070999999999999995,-0.01,0.0,-0.0018,0.0
2022-04-14,-0.029988305352885214,-0.029988305352885214,-0.0128,0.0032,0.0143,0.0017000000000000001,0.0098,0.0078000000000000005,0.0
2022-04-18,-0.0013311553594128611,-0.0013311553594128611,-0.0019,-0.005699999999999999,0.018000000000000002,0.0077,0.0067,0.0155,0.0
2022-04-19,0.01411518013453672,0.01411518013453672,0.0176,0.004,-0.0097,0.0054,-0.0126,-0.0139,0.0
2022-04-20,-0.0010153033635861286,-0.0010153033635861286,-0.0027,0.005,0.0126,0.0077,0.0118,0.0225,0.0
2022-04-21,-0.004843778804250909,-0.004843778804250909,-0.0173,-0.005600000000000001,0.0040999999999999995,0.0179,0.0044,0.0034999999999999996,0.0
2022-04-22,-0.02782117232012349,-0.02782117232012349,-0.0274,0.0026,-0.0018,-0.0015,-0.0021,-0.0033,0.0
2022-04-25,0.006736985999134415,0.006736985999134415,0.006999999999999999,0.0012,-0.018600000000000002,0.0011,-0.0111,-0.0125,0.0
2022-04-26,-0.03732797066689142,-0.03732797066689142,-0.029900000000000003,-0.0036,0.018000000000000002,0.0024,0.0125,0.0129,0.0
2022-04-27,-0.0014664132366032367,-0.0014664132366032367,0.0013,-0.005600000000000001,0.0034000000000000002,0.0014000000000000002,0.008,0.0123,0.0
2022-04-28,0.04515508983736449,0.04515508983736449,0.0245,-0.0052,-0.0042,0.0048,0.0005,-0.004,0.0
2022-04-29,-0.03660468147198992,-0.03660468147198992,-0.0354,0.0088,0.0060999999999999995,-0.0024,0.0068000000000000005,0.0026,0.0
2022-05-02,0.0019666781990757,0.0019666781990757,0.008,0.0038,-0.0116,-0.0063,-0.013500000000000002,-0.0178,0.0
2022-05-03,0.009622578540126936,0.009622578540126936,0.0040999999999999995,0.0016,0.0165,0.0001,0.011899999999999999,0.008,0.0
2022-05-04,0.041008280543584075,0.041008280543584075,0.0301,-0.004699999999999999,0.0024,0.0002,0.0007000000000000001,-0.0029,0.0
2022-05-05,-0.055716437428791954,-0.055716437428791954,-0.038,-0.0023,0.023700000000000002,0.0059,0.012199999999999999,0.0121,0.0
2022-05-06,0.004727495285342442,0.004727495285342442,-0.0085,-0.0101,0.0184,0.0098,0.0139,0.0141,0.0
2022-05-09,-0.03318943410399844,-0.03318943410399844,-0.0352,-0.0005,0.013300000000000001,0.0425,-0.002,0.0013,0.0
2022-05-10,0.016112080115768368,0.016112080115768368,0.0022,-0.0049,-0.012199999999999999,-0.0068000000000000005,0.0028000000000000004,0.011200000000000002,0.0
2022-05-11,-0.05184115615191276,-0.05184115615191276,-0.019299999999999998,-0.0060999999999999995,0.026099999999999998,0.0062,0.0102,0.0202,0.0
2022-05-12,-0.026894584470928518,-0.026894584470928518,0.0015,0.012,-0.0123,-0.0034000000000000002,-0.011200000000000002,-0.025099999999999997,0.0
2022-05-13,0.03191674318786486,0.03191674318786486,0.0274,0.0037,-0.0218,-0.0213,-0.0075,-0.0144,0.0
2022-05-16,-0.010672413630606226,-0.010672413630606226,-0.0059,0.0009,0.0131,0.0019,0.0131,0.0158,0.0
2022-05-17,0.025422832584949262,0.025422832584949262,0.0213,0.009399999999999999,-0.0005,-0.0068000000000000005,-0.0031,-0.0148,0.0
2022-05-18,-0.056419306380187884,-0.056419306380187884,-0.0406,0.0046,0.0154,-0.0059,0.004,0.0008,0.0
2022-05-19,-0.024641319029976683,-0.024641319029976683,-0.0034000000000000002,0.004,-0.008,-0.0121,-0.0091,-0.0139,0.0
2022-05-20,0.0017473800641243376,0.0017473800641243376,-0.0005,-0.0013,-0.0019,-0.001,0.0019,-0.0008,0.0
2022-05-23,0.04011895787538866,0.04011895787538866,0.0175,-0.0092,0.0131,-0.0005,0.0097,0.0095,0.0
2022-05-24,-0.019215977242796556,-0.019215977242796556,-0.0121,-0.0046,0.0183,0.0139,0.0125,0.0233,0.0
2022-05-25,0.0011401977016021192,0.0011401977016021192,0.0121,0.0074,0.002,-0.0051,-0.0003,-0.009000000000000001,0.0
2022-05-26,0.023199374198596523,0.023199374198596523,0.0218,0.0001,-0.0060999999999999995,-0.0014000000000000002,-0.0034000000000000002,-0.009399999999999999,0.0
2022-05-27,0.040756389246292324,0.040756389246292324,0.0258,0.0003,-0.0128,-0.006500000000000001,-0.0028000000000000004,-0.0072,0.0
2022-05-31,-0.005345774221123256,-0.005345774221123256,-0.0070999999999999995,-0.0039000000000000003,0.0046,0.008,-0.0021,-0.0052,0.0
2022-06-01,-0.0008735441715470582,-0.0008735441715470582,-0.0074,0.0023,0.008,-0.002,0.0103,0.0129,0.0
2022-06-02,0.016811099625009263,0.016811099625009263,0.0208,0.004,-0.0208,-0.0042,-0.015300000000000001,-0.0203,0.0
2022-06-03,-0.038555426613115285,-0.038555426613115285,-0.0163,0.0103,0.0055000000000000005,-0.008100000000000001,0.0046,0.009000000000000001,0.0
2022-06-06,0.005227451411962569,0.005227451411962569,0.0033,0.0004,0.0066,0.004699999999999999,0.0017000000000000001,-0.0003,0.0
2022-06-07,0.017586013399192302,0.017586013399192302,0.01,0.002,-0.0015,-0.015700000000000002,0.006500000000000001,0.0033,0.0
2022-06-08,-0.005043246081328001,-0.005043246081328001,-0.0102,-0.0027,-0.0052,-0.006999999999999999,-0.0025,-0.0091,0.0
2022-06-09,-0.03595556984674386,-0.03595556984674386,-0.024300000000000002,0.0046,0.0026,0.0085,0.0021,0.0118,0.0
2022-06-10,-0.03862880219182652,-0.03862880219182652,-0.03,0.0027,0.0066,0.0029,0.0055000000000000005,0.023799999999999998,0.0
2022-06-13,-0.03828489296116355,-0.03828489296116355,-0.0412,-0.0046,0.006,0.0169,-0.0031,0.0213,0.0
2022-06-14,0.0066726100032095115,0.0066726100032095115,-0.0026,0.0011,0.0011,0.0011,0.0005,0.0034999999999999996,0.0
2022-06-15,0.020111617122291925,0.020111617122291925,0.0155,-0.0003,-0.0167,-0.0019,-0.0115,-0.023399999999999997,0.0
2022-06-16,-0.03965148887412162,-0.03965148887412162,-0.0352,-0.0109,0.0,0.0059,-0.0062,0.0096,0.0
2022-06-17,0.011533266564259126,0.011533266564259126,0.0045000000000000005,0.0073,-0.0268,0.0037,-0.0203,-0.034,0.0
2022-06-21,0.032760475090299446,0.032760475090299446,0.023799999999999998,-0.0083,0.0024,-0.009300000000000001,0.0,0.013300000000000001,0.0
2022-06-22,-0.0038271542088950117,-0.0038271542088950117,-0.0019,0.0004,-0.0182,0.0062,-0.0159,-0.016399999999999998,0.0
2022-06-23,0.021573747057086923,0.021573747057086923,0.011200000000000002,0.0031,-0.038900000000000004,0.005,-0.019299999999999998,-0.0381,0.0
2022-06-24,0.02451721180217903,0.02451721180217903,0.0313,-0.0042,-0.0001,0.0011,-0.0037,-0.009899999999999999,0.0
2022-06-27,0.0,0.0,-0.0027,0.0077,0.0125,-0.0033,0.0127,0.0242,0.0
2022-06-28,-0.02978954811734802,-0.02978954811734802,-0.0209,0.0004,0.024,-0.0069,0.013300000000000001,0.029300000000000003,0.0
2022-06-29,0.013023772996138883,0.013023772996138883,-0.0019,-0.0058,-0.013300000000000001,0.0108,-0.0087,-0.001,0.0
2022-06-30,-0.018027803904218986,-0.018027803904218986,-0.0096,0.0051,-0.0014000000000000002,0.009000000000000001,-0.0015,0.0098,0.0
2022-07-01,0.016164424956353507,0.016164424956353507,0.0115,-0.0004,0.0012,-0.008100000000000001,-0.0009,-0.011699999999999999,0.0
2022-07-05,0.01893037579524126,0.01893037579524126,0.0048,0.011200000000000002,-0.0334,-0.0184,-0.0226,-0.048,0.0
2022-07-06,0.009607268509398637,0.009607268509398637,0.0017000000000000001,-0.0087,-0.0076,0.0004,-0.0034999999999999996,0.0021,0.0
2022-07-07,0.023999337269747567,0.023999337269747567,0.0176,0.0087,-0.0095,-0.0079,-0.013999999999999999,-0.0102,0.0
2022-07-08,0.004714858216816387,0.004714858216816387,-0.0007000000000000001,0.0008,-0.0008,-0.0026,-0.0022,0.0044,0.0
2022-07-11,-0.014757957107578101,-0.014757957107578101,-0.0138,-0.009899999999999999,0.0161,0.017,0.013999999999999999,0.0277,0.0
2022-07-12,0.006833816844245444,0.006833816844245444,-0.0089,0.0088,0.0052,0.0015,0.0092,-0.0064,0.0
2022-07-13,-0.002536609415125124,-0.002536609415125124,-0.0039000000000000003,0.0042,-0.0040999999999999995,0.0003,-0.0033,-0.0004,0.0
2022-07-14,0.02048228841578803,0.02048228841578803,-0.0040999999999999995,-0.0045000000000000005,-0.0101,0.0076,-0.0001,0.005600000000000001,0.0
2022-07-15,0.011450271546013191,0.011450271546013191,0.0196,0.0003,0.005,-0.0017000000000000001,-0.0031,-0.0068000000000000005,0.0
2022-07-18,-0.020643069104331113,-0.020643069104331113,-0.0070999999999999995,0.0034999999999999996,0.0101,0.0021,-0.0018,0.0022,0.0
2022-07-19,0.026721811671229334,0.026721811671229334,0.0281,0.008199999999999999,-0.0054,-0.0022,-0.0066,-0.0155,0.0
2022-07-20,0.013509877503318446,0.013509877503318446,0.0089,0.0108,-0.0132,-0.0146,-0.0159,-0.028399999999999998,0.0
2022-07-21,0.01509418520339878,0.01509418520339878,0.0097,-0.0038,-0.0161,-0.0026,-0.01,-0.01,0.0
2022-07-22,-0.008110857680931671,-0.008110857680931671,-0.0118,-0.0084,0.0139,0.0176,0.0152,0.0236,0.0
2022-07-25,-0.007398103947727996,-0.007398103947727996,0.0012,0.001,0.0165,0.0064,0.0054,0.021,0.0
2022-07-26,-0.008826434937355465,-0.008826434937355465,-0.0132,0.0037,0.010700000000000001,0.006500000000000001,0.0123,0.024399999999999998,0.0
2022-07-27,0.03423482191420746,0.03423482191420746,0.027200000000000002,0.0015,-0.0127,-0.0019,-0.015,-0.0183,0.0
2022-07-28,0.0035717621342341577,0.0035717621342341577,0.011899999999999999,-0.0003,-0.0091,0.0013,-0.0096,-0.0014000000000000002,0.0
2022-07-29,0.0327928028538933,0.0327928028538933,0.014499999999999999,-0.0091,0.0045000000000000005,0.0049,-0.0123,-0.0067,0.0
2022-08-01,-0.006153473029725798,-0.006253473029725798,-0.002,0.0017000000000000001,-0.0024,0.0023,0.0036,-0.005,0.0001
2022-08-02,-0.009287021463945111,-0.00938702146394511,-0.005,0.005600000000000001,-0.0141,-0.0223,-0.0052,-0.0113,0.0001
2022-08-03,0.03824744460138829,0.03814744460138829,0.0167,0.0027,-0.0195,-0.0154,-0.0085,-0.0315,0.0001
2022-08-04,-0.0019261925331696128,-0.0020261925331696126,-0.0005,0.0040999999999999995,-0.0165,-0.013000000000000001,-0.009399999999999999,-0.015,0.0001
2022-08-05,-0.0013890165097916185,-0.0014890165097916185,-0.0004,0.0095,-0.0005,-0.0126,-0.0021,-0.0013,0.0001
2022-08-08,-0.0029030782451844317,-0.0030030782451844315,0.0,0.0096,-0.0009,-0.0054,0.0022,-0.009000000000000001,0.0001
2022-08-09,0.00030326871589769766,0.00020326871589769767,-0.0067,-0.013500000000000002,0.021,0.0086,0.0129,0.027000000000000003,0.0001
2022-08-10,0.026194605151401706,0.026094605151401707,0.0235,0.0074,-0.016200000000000003,-0.0137,-0.014499999999999999,-0.031,0.0001
2022-08-11,-0.004431844160280307,-0.004531844160280307,-0.0007000000000000001,0.0021,0.0167,0.0077,0.01,0.0069,0.0001
2022-08-12,0.021425681456368695,0.021325681456368695,0.0176,0.005,-0.0079,-0.0064,-0.0059,-0.0070999999999999995,0.0001
2022-08-15,0.006333679424179062,0.0062336794241790614,0.0038,-0.0002,-0.0060999999999999995,-0.0019,-0.0005,0.0001,0.0001
2022-08-16,-0.0009239470161388486,-0.0010239470161388486,0.0019,-0.0014000000000000002,0.006999999999999999,0.0104,0.0052,0.002,0.0001
2022-08-17,0.008784804916426747,0.008684804916426748,-0.0092,-0.0092,0.0104,0.0128,0.0070999999999999995,0.024700000000000003,0.0001
2022-08-18,-0.002291691826138753,-0.002391691826138753,0.0027,0.0034999999999999996,0.0045000000000000005,0.0079,0.0004,0.012,0.0001
2022-08-19,-0.015102039576637694,-0.015202039576637693,-0.0149,-0.009300000000000001,0.0098,0.0103,0.013500000000000002,0.024900000000000002,0.0001
2022-08-22,-0.02302898309383017,-0.023128983093830168,-0.0213,-0.0005,0.0034000000000000002,0.0015,0.0021,0.015700000000000002,0.0001
2022-08-23,-0.0020294442089447973,-0.002129444208944797,-0.0011,0.0011,0.0031,-0.0036,-0.0025,0.0014000000000000002,0.0001
2022-08-24,0.0017941196115711655,0.0016941196115711655,0.0039000000000000003,0.0052,-0.0062,-0.0144,-0.005600000000000001,-0.0092,0.0001
2022-08-25,0.014922766112029917,0.014822766112029918,0.014499999999999999,0.0012,-0.0001,0.0018,-0.0039000000000000003,-0.0077,0.0001
2022-08-26,-0.037699542771618466,-0.03779954277161847,-0.0337,-0.0027,0.0166,0.0016,0.0089,0.0196,0.0001
2022-08-29,-0.013689932312876296,-0.013789932312876296,-0.0070999999999999995,-0.004,0.0044,0.0027,0.0044,0.0060999999999999995,0.0001
2022-08-30,-0.01530569258707215,-0.01540569258707215,-0.0111,-0.0039000000000000003,-0.0022,-0.0025,0.0012,-0.0089,0.0001
2022-08-31,-0.010634815216267635,-0.010734815216267634,-0.0075,0.0023,-0.0046,-0.006500000000000001,-0.0018,-0.0029,0.0001
2022-09-01,0.004706850898267501,0.0046068508982675,0.0,-0.0104,-0.0028000000000000004,0.005600000000000001,0.0055000000000000005,0.0014000000000000002,0.0001
2022-09-02,-0.013611310491321027,-0.013711310491321026,-0.009899999999999999,0.001,0.0103,-0.0006,0.0026,0.006500000000000001,0.0001
2022-09-06,-0.008214980745312017,-0.008314980745312017,-0.0051,-0.0054,-0.0054,-0.002,-0.0069,0.0031,0.0001
2022-09-07,0.009253910570262924,0.009153910570262925,0.0192,0.0040999999999999995,-0.015300000000000001,-0.013500000000000002,-0.0054,-0.0195,0.0001
2022-09-08,-0.009617833270341603,-0.009717833270341602,0.0078000000000000005,-0.0015,-0.0018,-0.012199999999999999,-0.0106,-0.0121,0.0001
2022-09-09,0.018839613254777232,0.018739613254777233,0.0167,0.0037,-0.0051,-0.0014000000000000002,-0.0052,-0.011399999999999999,0.0001
2022-09-12,0.03850803103276479,0.038408031032764786,0.010700000000000001,0.0025,-0.0017000000000000001,-0.0012,-0.0015,-0.0011,0.0001
2022-09-13,-0.05867934446029044,-0.05877934446029044,-0.0429,0.0006,0.0141,-0.0036,0.01,0.0175,0.0001
2022-09-14,0.009555303374890523,0.009455303374890523,0.0044,-0.0018,-0.0032,-0.0077,-0.0052,0.004699999999999999,0.0001
2022-09-15,-0.01893002796156995,-0.01903002796156995,-0.0104,0.0039000000000000003,0.0060999999999999995,-0.0031,0.0025,-0.0015,0.0001
2022-09-16,-0.010960083149894384,-0.011060083149894383,-0.0098,-0.0075,0.0086,0.0171,0.0095,0.0158,0.0001
2022-09-19,0.025082757708697168,0.024982757708697168,0.0072,-0.0009,0.0068000000000000005,0.0063,-0.0006,0.0079,0.0001
2022-09-20,0.015665473983357492,0.015565473983357492,-0.0115,-0.0029,0.0003,-0.0011,0.0033,0.0129,0.0001
2022-09-21,-0.020267713762306183,-0.020367713762306183,-0.0168,0.0034000000000000002,0.0006,0.0038,0.0012,0.0053,0.0001
2022-09-22,-0.006375278472507739,-0.00647527847250774,-0.011399999999999999,-0.0113,0.0044,0.011399999999999999,0.0102,0.0175,0.0001
2022-09-23,-0.01512363540881767,-0.01522363540881767,-0.018500000000000003,-0.0046,-0.008,0.0019,-0.0018,-0.0087,0.0001
2022-09-26,0.0022603699655914244,0.0021603699655914246,-0.0102,-0.0004,-0.0075,0.0017000000000000001,-0.0044,0.0069,0.0001
2022-09-27,0.006566260603478424,0.006466260603478424,-0.0004,0.0058,-0.0097,-0.006500000000000001,-0.0092,-0.0013,0.0001
2022-09-28,-0.012651573784103753,-0.012751573784103753,0.021400000000000002,0.009000000000000001,-0.0036,-0.0087,-0.008199999999999999,-0.015,0.0001
2022-09-29,-0.04911920306752726,-0.049219203067527265,-0.0216,-0.0029,0.0092,0.0043,0.0055000000000000005,0.009000000000000001,0.0001
2022-09-30,-0.030039212200865473,-0.030139212200865472,-0.0143,0.005699999999999999,0.0027,-0.0066,-0.0012,0.0052,0.0001
2022-10-03,0.030752593203295486,0.030652593203295487,0.0256,0.0,0.006999999999999999,0.0089,0.0043,-0.0017000000000000001,0.0001
2022-10-04,0.02562298085052883,0.025522980850528832,0.0329,0.0074,-0.0009,-0.0097,-0.0039000000000000003,-0.0236,0.0001
2022-10-05,0.002053278110732748,0.001953278110732748,-0.0021,-0.0037,0.0004,0.0034999999999999996,0.0014000000000000002,0.0051,0.0001
2022-10-06,-0.006625502478214251,-0.006725502478214252,-0.0085,0.0045000000000000005,0.0012,-0.0012,-0.0051,0.0002,0.0001
2022-10-07,-0.03671893059850617,-0.036818930598506175,-0.028999999999999998,-0.0022,0.0168,0.009300000000000001,0.015700000000000002,0.021,0.0001
2022-10-10,0.002355913643077523,0.002255913643077523,-0.008,0.0024,0.0076,0.0154,0.0044,0.013500000000000002,0.0001
2022-10-11,-0.010254908647191363,-0.010354908647191362,-0.006999999999999999,0.0062,0.0033,0.005699999999999999,0.0060999999999999995,0.01,0.0001
2022-10-12,-0.00460517206235167,-0.00470517206235167,-0.0027,0.0002,0.0004,0.0001,0.0003,-0.0059,0.0001
2022-10-13,0.033613006901313636,0.03351300690131363,0.0241,-0.0024,0.015700000000000002,0.006500000000000001,0.009300000000000001,0.0069,0.0001
2022-10-14,-0.03224030600732375,-0.03234030600732375,-0.0245,-0.0018,0.0123,0.0055000000000000005,0.0173,0.009399999999999999,0.0001
2022-10-17,0.029123065784681046,0.029023065784681047,0.0274,0.0034999999999999996,-0.0141,-0.0098,-0.0129,-0.018500000000000003,0.0001
2022-10-18,0.009409302815384324,0.009309302815384324,0.011899999999999999,-0.0013,-0.0002,-0.0042,0.0002,-0.0023,0.0001
2022-10-19,0.0007652377106892594,0.0006652377106892593,-0.0087,-0.0118,0.011899999999999999,0.0070999999999999995,0.008100000000000001,0.0195,0.0001
2022-10-20,-0.0032667783168278675,-0.0033667783168278673,-0.008,-0.0032,-0.0045000000000000005,-0.0060999999999999995,0.0013,-0.0064,0.0001
2022-10-21,0.02705875409346592,0.02695875409346592,0.023,-0.0007000000000000001,0.0009,0.0068000000000000005,-0.003,0.0034000000000000002,0.0001
2022-10-24,0.014802675362001638,0.014702675362001639,0.0103,-0.0060999999999999995,0.004699999999999999,0.011399999999999999,0.0054,0.0083,0.0001
2022-10-25,0.019337726257049548,0.01923772625704955,0.0178,0.0101,-0.015300000000000001,-0.0123,-0.0134,-0.0297,0.0001
2022-10-26,-0.019627195815381082,-0.01972719581538108,-0.0066,0.006999999999999999,0.0089,-0.0072,0.0069,0.006,0.0001
2022-10-27,-0.030465295901610734,-0.030565295901610733,-0.0054,0.0044,0.0108,-0.003,0.004699999999999999,0.006,0.0001
2022-10-28,0.07555232670886158,0.07545232670886158,0.0233,0.0009,-0.0034000000000000002,0.004,0.0066,0.0001,0.0001
2022-10-31,-0.015410273355746074,-0.015510273355746073,-0.0068000000000000005,0.0045000000000000005,0.0073,-0.0021,0.0044,0.0074,0.0001
2022-11-01,-0.01754276679687916,-0.01764276679687916,-0.0034999999999999996,0.0045000000000000005,0.008,0.0001,0.0053,-0.001,0.0001
2022-11-02,-0.037304991285443956,-0.03740499128544396,-0.026699999999999998,-0.0084,0.016,0.0031,0.0116,0.022799999999999997,0.0001
2022-11-03,-0.042404626891543784,-0.04250462689154379,-0.0103,0.0039000000000000003,0.0028000000000000004,-0.0004,0.0004,0.005,0.0001
2022-11-04,-0.001947525686873619,-0.002047525686873619,0.0116,-0.0025,0.0128,0.0233,0.006500000000000001,0.0034000000000000002,0.0001
2022-11-07,0.0039022029466526664,0.0038022029466526666,0.0087,-0.0033,0.006,0.011000000000000001,0.0101,0.0024,0.0001
2022-11-08,0.004174806115014418,0.0040748061150144175,0.0051,-0.0053,-0.004,-0.0016,0.0005,-0.0028000000000000004,0.0001
2022-11-09,-0.03318956720863142,-0.033289567208631424,-0.022400000000000003,-0.0049,0.0055000000000000005,0.0095,0.0123,0.0183,0.0001
2022-11-10,0.08897432726205756,0.08887432726205756,0.056799999999999996,0.0096,-0.030899999999999997,-0.006500000000000001,-0.0292,-0.0668,0.0001
2022-11-11,0.019268795654535653,0.019168795654535654,0.0106,0.0014000000000000002,-0.0105,-0.009000000000000001,-0.012199999999999999,-0.0461,0.0001
2022-11-14,-0.009485722965015153,-0.009585722965015153,-0.0095,-0.0023,0.0034999999999999996,0.005699999999999999,0.0054,0.0176,0.0001
2022-11-15,0.011869366580966823,0.011769366580966823,0.0103,0.0044,-0.0073,-0.005,-0.0054,-0.0167,0.0001
2022-11-16,-0.008331171628718992,-0.008431171628718991,-0.0102,-0.010700000000000001,0.0058,0.0116,0.0095,0.0291,0.0001
2022-11-17,0.012971469406066971,0.012871469406066972,-0.0042,-0.0027,0.005600000000000001,0.013600000000000001,0.008100000000000001,0.0165,0.0001
2022-11-18,0.0037818013946293583,0.0036818013946293584,0.004,-0.0009,0.0011,0.0038,0.0070999999999999995,0.013000000000000001,0.0001
2022-11-21,-0.02168016449938248,-0.02178016449938248,-0.0052,-0.002,0.009899999999999999,0.005,0.011399999999999999,0.0172,0.0001
2022-11-22,0.014661041973027533,0.014561041973027534,0.013600000000000001,-0.0038,0.0044,0.0078000000000000005,-0.0023,-0.0005,0.0001
2022-11-23,0.005926511954992941,0.005826511954992941,0.0063,-0.0025,-0.009300000000000001,-0.0074,-0.0062,-0.018500000000000003,0.0001
2022-11-25,-0.01959368995714672,-0.01969368995714672,-0.0003,0.0028000000000000004,0.0043,-0.0018,0.0012,0.0068000000000000005,0.0001
2022-11-28,-0.02626442629185821,-0.02636442629185821,-0.0155,-0.0049,-0.0019,0.0027,0.0029,0.0083,0.0001
2022-11-29,-0.021148187215932146,-0.021248187215932145,-0.0018,0.0034999999999999996,0.0104,0.0021,0.005,0.0043,0.0001
2022-11-30,0.04859411037555961,0.048494110375559604,0.031200000000000002,-0.0015,-0.0208,-0.0077,-0.0147,-0.028900000000000002,0.0001
2022-12-01,0.0018912681348388638,0.0016912681348388637,-0.0002,0.0004,-0.0069,-0.0034000000000000002,-0.0036,-0.0063,0.0002
2022-12-02,-0.003371487675874696,-0.003571487675874696,-0.0008,0.0084,-0.005600000000000001,-0.0040999999999999995,0.0026,0.0022,0.0002
2022-12-05,-0.007982660926203478,-0.008182660926203478,-0.0202,-0.0053,-0.0054,0.0087,0.011000000000000001,0.0072,0.0002
2022-12-06,-0.025370322372630705,-0.025570322372630704,-0.0151,-0.0004,0.011399999999999999,0.0086,0.0077,0.0159,0.0002
2022-12-07,-0.01378491288765793,-0.01398491288765793,-0.0024,-0.0018,-0.0032,0.001,-0.0016,0.005600000000000001,0.0002
2022-12-08,0.012132786800882034,0.011932786800882033,0.0076,-0.001,-0.012,-0.005600000000000001,-0.0063,-0.0134,0.0002
2022-12-09,-0.0034348172975082747,-0.0036348172975082748,-0.008,-0.0053,0.0034000000000000002,0.0019,0.0013,-0.0055000000000000005,0.0002
2022-12-12,0.016389969868527032,0.016189969868527034,0.0141,-0.0027,-0.0016,-0.0023,-0.0013,0.0006,0.0002
2022-12-13,0.006782367564163838,0.0065823675641638385,0.0066,0.0007000000000000001,-0.0077,-0.0027,-0.0054,-0.0124,0.0002
2022-12-14,-0.015535845969273598,-0.015735845969273597,-0.005600000000000001,0.0003,-0.0045000000000000005,-0.0019,-0.0007000000000000001,0.0032,0.0002
2022-12-15,-0.04685426737846121,-0.04705426737846121,-0.025699999999999997,-0.0013,0.0139,0.0025,0.0042,0.017,0.0002
2022-12-16,-0.014578912455525783,-0.014778912455525784,-0.0102,0.0053,0.0017000000000000001,-0.0007000000000000001,0.0046,0.0037,0.0002
2022-12-19,-0.015909528362680003,-0.016109528362680002,-0.01,-0.006,0.0125,0.0073,0.012,0.0213,0.0002
2022-12-20,-0.0005284603593718185,-0.0007284603593718184,0.0013,0.0025,0.0025,-0.004699999999999999,0.0048,0.0067,0.0002
2022-12-21,0.023809138088422666,0.023609138088422667,0.015300000000000001,0.0014000000000000002,-0.0012,0.0039000000000000003,-0.0028000000000000004,-0.0009,0.0002
2022-12-22,-0.02377234831558972,-0.02397234831558972,-0.0152,0.0022,0.0038,-0.0013,0.0089,0.0102,0.0002
2022-12-23,-0.0027982607184050545,-0.0029982607184050546,0.0052,-0.0034999999999999996,0.0116,0.0086,0.0053,0.009300000000000001,0.0002
2022-12-27,-0.013878680844227276,-0.014078680844227276,-0.005,-0.0042,0.014199999999999999,0.0115,0.013500000000000002,0.0223,0.0002
2022-12-28,-0.030684925256552753,-0.030884925256552752,-0.0124,-0.003,-0.0028000000000000004,-0.009300000000000001,-0.0008,-0.0033,0.0002
2022-12-29,0.028324258915715328,0.02812425891571533,0.0187,0.0102,-0.0106,-0.0103,-0.009000000000000001,-0.0281,0.0002
2022-12-30,0.002469034464866793,0.0022690344648667927,-0.0022,0.0014000000000000002,-0.0004,-0.0054,-0.0002,-0.0028000000000000004,0.0002
2023-01-03,-0.037404748003157406,-0.037604748003157405,-0.004699999999999999,0.0007000000000000001,-0.001,0.0028000000000000004,0.0053,-0.0111,0.0002
2023-01-04,0.010314174484809646,0.010114174484809646,0.008100000000000001,0.005600000000000001,0.0005,-0.0069,0.0,-0.021099999999999997,0.0002
2023-01-05,-0.010604593205540636,-0.010804593205540636,-0.011399999999999999,0.0017000000000000001,0.012,0.008100000000000001,0.009000000000000001,0.0127,0.0002
2023-01-06,0.036794235462112246,0.03659423546211225,0.022099999999999998,-0.0001,0.0003,0.0083,0.0018,-0.0018,0.0002
2023-01-09,0.004088817976396708,0.003888817976396708,0.0003,0.0033,-0.0123,-0.006500000000000001,-0.0116,-0.021,0.0002
2023-01-10,0.004456359148370392,0.004256359148370393,0.0079,0.0087,-0.005600000000000001,-0.004,-0.005,-0.0102,0.0002
2023-01-11,0.021112167007889315,0.020912167007889317,0.0125,0.0001,-0.0083,-0.0019,-0.010700000000000001,-0.018000000000000002,0.0002
2023-01-12,-0.0005993028958977131,-0.0007993028958977131,0.0045000000000000005,0.013999999999999999,-0.0027,-0.011000000000000001,-0.0051,-0.0058,0.0002
2023-01-13,0.010119286342519906,0.009919286342519906,0.0046,0.0024,-0.003,-0.0014000000000000002,-0.0029,-0.0024,0.0002
2023-01-17,0.008756265877186031,0.00855626587718603,-0.0018,-0.0001,-0.0055000000000000005,-0.0060999999999999995,-0.0043,-0.0072,0.0002
2023-01-18,-0.005369979254482127,-0.005569979254482126,-0.0155,0.0002,-0.0070999999999999995,0.0027,0.0002,-0.0031,0.0002
2023-01-19,0.00044373063632097143,0.00024373063632097142,-0.0086,-0.001,0.0084,0.0054,0.006999999999999999,0.0064,0.0002
2023-01-20,0.01922075595937578,0.01902075595937578,0.0194,-0.0004,-0.0068000000000000005,-0.0017000000000000001,-0.008,-0.0223,0.0002
2023-01-23,0.023500506928016307,0.023300506928016308,0.0128,-0.0004,-0.009899999999999999,-0.0040999999999999995,-0.0104,-0.0215,0.0002
2023-01-24,0.010063051324874728,0.009863051324874727,-0.0016,-0.0016,0.0018,-0.002,0.0038,0.0118,0.0002
2023-01-25,-0.004700860614906155,-0.004900860614906155,0.0,0.0013,0.0069,0.0006,0.0021,0.0011,0.0002
2023-01-26,0.014803310260684821,0.01460331026068482,0.0108,-0.0063,0.0001,-0.002,-0.004699999999999999,-0.0127,0.0002
2023-01-27,0.01368447796796124,0.013484477967961239,0.0034000000000000002,0.0033,-0.0113,-0.006,-0.0129,-0.0253,0.0002
2023-01-30,-0.020078101668823956,-0.020278101668823954,-0.0138,0.0003,0.0074,0.0034999999999999996,0.009300000000000001,0.0139,0.0002
2023-01-31,0.009020772093462748,0.008820772093462747,0.0158,0.009300000000000001,-0.0006,-0.0011,-0.0055000000000000005,-0.0079,0.0002
2023-02-01,0.007900876198365658,0.007700876198365659,0.011899999999999999,0.0063,-0.0165,-0.0012,-0.011399999999999999,-0.0259,0.0002
2023-02-02,0.037062339460926186,0.03686233946092619,0.0154,0.0115,-0.0207,-0.0024,-0.0176,-0.0466,0.0002
2023-02-03,0.02440013481886716,0.02420013481886716,-0.0108,0.004,0.0098,0.0101,0.0105,0.015600000000000001,0.0002
2023-02-06,-0.017928874784976512,-0.01812887478497651,-0.0073,-0.008,0.0043,-0.0022,0.0045000000000000005,0.01,0.0002
2023-02-07,0.019244887096443897,0.019044887096443898,0.0125,-0.005,-0.0004,0.003,-0.0036,-0.008100000000000001,0.0002
2023-02-08,-0.01765288185854741,-0.017852881858547408,-0.0118,-0.0069,0.0070999999999999995,-0.0028000000000000004,-0.0004,0.0092,0.0002
2023-02-09,-0.006911524189107898,-0.007111524189107898,-0.009399999999999999,-0.0060999999999999995,0.0021,0.0031,0.0038,0.0111,0.0002
2023-02-10,0.0024561386893264814,0.0022561386893264813,0.0012,-0.003,0.015,0.0054,0.0091,0.0229,0.0002
2023-02-13,0.018806749349217222,0.018606749349217223,0.011399999999999999,0.0009,-0.0073,0.0049,-0.0031,-0.004699999999999999,0.0002
2023-02-14,-0.004224865878273643,-0.004424865878273642,0.0012,-0.0005,-0.0068000000000000005,-0.0060999999999999995,-0.009399999999999999,-0.0097,0.0002
2023-02-15,0.013903580383253233,0.013703580383253233,0.005,0.0072,-0.0091,-0.011899999999999999,-0.0106,-0.0169,0.0002
2023-02-16,-0.010429727453747373,-0.010629727453747373,-0.0137,0.0022,0.0097,0.008100000000000001,0.0092,0.0144,0.0002
2023-02-17,-0.007546512327083255,-0.007746512327083254,-0.0028000000000000004,0.0066,-0.0014000000000000002,0.0015,0.005600000000000001,0.005,0.0002
2023-02-21,-0.026679963139899177,-0.026879963139899175,-0.0216,-0.0113,0.0088,0.0038,0.0083,0.0151,0.0002
2023-02-22,0.0028964758203853247,0.0026964758203853246,-0.0004,0.0044,-0.0046,-0.0034999999999999996,-0.0043,-0.006500000000000001,0.0002
2023-02-23,0.0032905068611499555,0.0030905068611499554,0.004699999999999999,0.0012,-0.0023,0.002,-0.0049,0.0048,0.0002
2023-02-24,-0.01800537239249589,-0.018205372392495887,-0.0108,-0.0025,0.0126,0.0032,0.0042,0.0129,0.0002
2023-02-27,0.008247147856521586,0.008047147856521586,0.0031,0.0005,-0.003,0.0007000000000000001,-0.0045000000000000005,-0.0033,0.0002
2023-02-28,-0.003447666000568006,-0.003647666000568006,-0.0026,0.0052,-0.0069,-0.005600000000000001,-0.0018,-0.004,0.0002
2023-03-01,-0.01424612768220801,-0.01444612768220801,-0.0040999999999999995,0.0039000000000000003,0.0062,0.0015,0.0073,0.015700000000000002,0.0002
2023-03-02,0.004129314246545057,0.0039293142465450575,0.0067,-0.0051,-0.0044,-0.0012,0.0016,-0.0033,0.0002
2023-03-03,0.035090180543891236,0.03489018054389124,0.0161,-0.0008,-0.0054,-0.0037,-0.0077,-0.0077,0.0002
2023-03-06,0.0185393469551538,0.018339346955153803,-0.0013,-0.015700000000000002,-0.0008,0.0031,-0.0012,0.0062,0.0002
2023-03-07,-0.01449655515025805,-0.01469655515025805,-0.014499999999999999,0.0063,-0.0067,-0.0013,-0.0012,0.0024,0.0002
2023-03-08,0.008377306966270481,0.00817730696627048,0.0008,0.0008,-0.0039000000000000003,0.0042,-0.0015,-0.0005,0.0002
2023-03-09,-0.014914844342010403,-0.015114844342010403,-0.0202,-0.006999999999999999,-0.0076,0.0106,0.0074,0.011000000000000001,0.0002
2023-03-10,-0.013878359377526128,-0.014078359377526129,-0.0168,-0.0141,0.0072,0.0108,0.0116,0.0054,0.0002
2023-03-13,0.013266037540392572,0.013066037540392572,-0.0034000000000000002,-0.011699999999999999,-0.036000000000000004,-0.0109,-0.0073,-0.005699999999999999,0.0002
2023-03-14,0.014088842827856052,0.013888842827856051,0.0172,0.0001,-0.0036,-0.0015,-0.0046,-0.0019,0.0002
2023-03-15,0.002621605193534382,0.002421605193534382,-0.0079,-0.005,-0.0184,0.0031,-0.0044,-0.0194,0.0002
2023-03-16,0.018694005383774526,0.018494005383774527,0.0176,0.0001,-0.0016,0.0013,-0.0072,-0.005600000000000001,0.0002
2023-03-17,-0.005454032021505295,-0.005654032021505295,-0.0121,-0.0106,-0.0163,0.0027,-0.0024,-0.0009,0.0002
2023-03-20,0.015483958622868554,0.015283958622868554,0.0084,-0.0034999999999999996,0.0078000000000000005,0.0051,0.0076,0.0141,0.0002
2023-03-21,0.011944100600318253,0.011744100600318252,0.0149,0.004699999999999999,0.0073,-0.0026,-0.0121,-0.0128,0.0002
2023-03-22,-0.009103627820756688,-0.009303627820756688,-0.0174,-0.008,-0.0053,0.008,0.0023,0.0078000000000000005,0.0002
2023-03-23,0.00696956819705874,0.00676956819705874,0.0021,-0.0043,-0.0154,0.0015,-0.0085,-0.0046,0.0002
2023-03-24,0.00830561493759796,0.00810561493759796,0.0046,0.0018,0.0070999999999999995,0.0029,0.0038,0.0037,0.0002
2023-03-27,-0.012293334546189971,-0.012493334546189972,0.0028000000000000004,0.005,0.0103,-0.0022,0.0040999999999999995,0.0073,0.0002
2023-03-28,-0.003980231013097857,-0.0041802310130978565,-0.0017000000000000001,-0.0003,0.0075,0.0011,0.004699999999999999,0.0074,0.0002
2023-03-29,0.019790737206288878,0.01959073720628888,0.0139,-0.0036,-0.0054,-0.0092,-0.005699999999999999,-0.011399999999999999,0.0002
2023-03-30,0.009889688339149938,0.009689688339149937,0.0051,-0.0062,-0.006,0.002,-0.0007000000000000001,-0.0038,0.0002
2023-03-31,0.01564434135845305,0.01544434135845305,0.015300000000000001,0.0049,-0.0076,-0.0048,-0.008199999999999999,-0.0108,0.0002
2023-04-03,0.0077015418600594465,0.007501541860059447,0.0028000000000000004,-0.0017000000000000001,0.0079,0.0055000000000000005,0.0070999999999999995,0.011200000000000002,0.0002
2023-04-04,-0.0032495044552367514,-0.0034495044552367514,-0.0072,-0.0113,-0.0072,-0.0005,-0.0001,-0.0124,0.0002
2023-04-05,-0.011290407147123815,-0.011490407147123816,-0.0039000000000000003,-0.01,0.013999999999999999,0.0079,0.0129,0.0092,0.0002
2023-04-06,0.005496080471428577,0.0052960804714285775,0.0034000000000000002,-0.0002,-0.0051,-0.0044,-0.0016,-0.0095,0.0002
2023-04-10,-0.015972428238170466,-0.016172428238170465,0.002,0.0085,0.0026,-0.0002,-0.0013,0.0045000000000000005,0.0002
2023-04-11,-0.007591223746383768,-0.007791223746383768,0.0006,0.0069,0.0055000000000000005,0.0005,0.0013,0.0003,0.0002
2023-04-12,-0.00435298937352524,-0.00455298937352524,-0.0051,-0.0043,0.0037,0.0048,0.0044,0.0134,0.0002
2023-04-13,0.03410364082576445,0.03390364082576445,0.0139,0.0015,-0.011899999999999999,-0.0027,-0.0075,-0.011899999999999999,0.0002
2023-04-14,-0.0021141522311373118,-0.002314152231137312,-0.0023,-0.0076,0.002,0.0072,0.0013,0.005699999999999999,0.0002
2023-04-17,0.00012099223772366052,-7.900776227633949e-05,0.0033,0.0070999999999999995,-0.002,-0.0129,-0.0033,-0.0038,0.0002
2023-04-18,0.007504740792116937,0.007304740792116938,0.0004,-0.0040999999999999995,-0.0031,0.0005,0.0018,0.0109,0.0002
2023-04-19,0.006968067580409132,0.006768067580409132,-0.0004,0.0026,0.0042,0.0001,0.0011,-0.0018,0.0002
2023-04-20,-0.005846362150482842,-0.006046362150482842,-0.0060999999999999995,0.0014000000000000002,-0.0028000000000000004,0.0073,0.0053,0.0174,0.0002
2023-04-21,-0.009780549468004773,-0.009980549468004774,0.0008,0.0009,-0.009399999999999999,-0.0064,-0.0018,-0.0053,0.0002
2023-04-24,0.0018783375190589702,0.00167833751905897,0.0,-0.0027,0.0046,0.0068000000000000005,0.0032,0.0052,0.0002
2023-04-25,-0.00943551699495171,-0.00963551699495171,-0.0176,-0.008199999999999999,0.0009,0.0043,0.0096,0.0116,0.0002
2023-04-26,-6.126477385348661e-05,-0.0002612647738534866,-0.0040999999999999995,-0.0004,-0.0074,0.0002,-0.0039000000000000003,-0.0059,0.0002
2023-04-27,0.028395358326662734,0.028195358326662735,0.018500000000000003,-0.0059,0.0,0.0044,-0.0025,-0.0067,0.0002
2023-04-28,0.007541118136326519,0.007341118136326519,0.0078000000000000005,0.0022,0.0019,0.0013,0.0022,0.0001,0.0002
2023-05-01,-0.0005304417252552929,-0.0007304417252552929,-0.0002,0.0019,-0.008199999999999999,-0.0039000000000000003,0.0024,0.0161,0.0002
2023-05-02,-0.006191466365277343,-0.006391466365277342,-0.0127,-0.0074,-0.0146,0.0060999999999999995,0.0017000000000000001,0.0089,0.0002
2023-05-03,-0.006467334847828243,-0.006667334847828243,-0.005699999999999999,0.0088,-0.0103,-0.0092,-0.0040999999999999995,-0.0026,0.0002
2023-05-04,-0.00991339061111296,-0.01011339061111296,-0.0078000000000000005,-0.0052,-0.0104,-0.0060999999999999995,-0.0032,0.0038,0.0002
2023-05-05,0.04692686617199393,0.04672686617199393,0.0191,0.005,0.0069,0.0026,-0.0072,-0.0127,0.0002
2023-05-08,-0.000403210315322422,-0.000603210315322422,0.0007000000000000001,-0.0038,-0.003,-0.0055000000000000005,-0.0038,0.0027,0.0002
2023-05-09,-0.009971258000759153,-0.010171258000759154,-0.0043,0.0011,-0.0002,-0.004,-0.0043,0.0063,0.0002
2023-05-10,0.010420980378720968,0.010220980378720967,0.0043,0.002,-0.0132,-0.0013,-0.0083,0.0011,0.0002
2023-05-11,0.0010946186150746495,0.0008946186150746495,-0.002,-0.0052,-0.0009,0.0084,0.0013,0.0017000000000000001,0.0002
2023-05-12,-0.0054173062661696525,-0.005617306266169652,-0.0022,-0.001,0.0034000000000000002,0.0038,0.0048,0.0054,0.0002
2023-05-15,-0.0028974530626603157,-0.0030974530626603158,0.0046,0.008,0.0001,-0.006500000000000001,-0.0053,-0.0096,0.0002
2023-05-16,0.0,-0.0002,-0.0072,-0.0046,-0.0048,0.0079,-0.0013,0.0073,0.0002
2023-05-17,0.003603091341672915,0.003403091341672915,0.0131,0.0085,0.012199999999999999,-0.003,-0.0031,-0.0171,0.0002
2023-05-18,0.013665996880909415,0.013465996880909414,0.009899999999999999,-0.0023,-0.0038,0.0019,-0.0070999999999999995,-0.0031,0.0002
2023-05-19,0.0006284656176491765,0.00042846561764917654,-0.0026,-0.0037,-0.0032,-0.0002,0.0014000000000000002,0.0042,0.0002
2023-05-22,-0.0054806789071530915,-0.005680678907153091,0.0017000000000000001,0.011200000000000002,-0.002,-0.0126,-0.009399999999999999,-0.0213,0.0002
2023-05-23,-0.015154992953047453,-0.015354992953047453,-0.011000000000000001,0.006,0.0109,0.0018,0.0024,-0.009300000000000001,0.0002
2023-05-24,0.0016321010749065223,0.0014321010749065223,-0.0072,-0.0039000000000000003,-0.002,-0.0003,-0.0007000000000000001,0.0096,0.0002
2023-05-25,0.006692327151079702,0.0064923271510797026,0.006500000000000001,-0.0104,-0.0108,0.0179,-0.0132,0.017,0.0002
2023-05-26,0.014104577152729947,0.013904577152729946,0.0132,-0.003,-0.0085,-0.0024,-0.0058,-0.006,0.0002
2023-05-30,0.01065953829794486,0.010459538297944859,-0.0001,-0.0025,-0.0042,-0.0029,-0.0098,-0.0063,0.0002
2023-05-31,-0.0002817710384092065,-0.00048177103840920646,-0.006,-0.0026,-0.0116,-0.0111,0.0011,0.0018,0.0002
2023-06-01,0.01602249072278661,0.01582249072278661,0.0102,0.0006,-0.0006,0.0003,-0.0040999999999999995,0.0007000000000000001,0.0002
2023-06-02,0.004775402831636466,0.004575402831636466,0.016200000000000003,0.0172,0.0166,0.0036,0.0070999999999999995,-0.013300000000000001,0.0002
2023-06-05,-0.007571176349263298,-0.007771176349263297,-0.0026,-0.0111,-0.0075,-0.0066,-0.004699999999999999,0.0034000000000000002,0.0002
2023-06-06,-0.002060322468233844,-0.002260322468233844,0.0046,0.022400000000000003,0.013500000000000002,-0.0019,-0.0046,-0.0165,0.0002
2023-06-07,-0.007756245900249703,-0.007956245900249704,-0.0036,0.0189,0.022799999999999997,0.0076,0.0139,-0.0147,0.0002
2023-06-08,0.015465147985302519,0.015265147985302518,0.0059,-0.0078000000000000005,-0.0116,-0.0015,-0.0055000000000000005,0.0040999999999999995,0.0002
2023-06-09,0.002159830733214685,0.001959830733214685,0.0003,-0.008,-0.0040999999999999995,0.0009,-0.0022,0.001,0.0002
2023-06-12,0.015638546601528747,0.015438546601528746,0.009399999999999999,-0.0026,-0.0141,-0.0029,-0.0078000000000000005,-0.0006,0.0002
2023-06-13,-0.0026116229734854945,-0.0028116229734854946,0.0074,0.0053,0.0006,-0.005,-0.0052,-0.0111,0.0002
2023-06-14,0.0034914789968898408,0.0032914789968898407,-0.0003,-0.0105,-0.0092,0.0069,-0.0026,0.010700000000000001,0.0002
2023-06-15,0.011198699357061637,0.010998699357061636,0.012199999999999999,-0.0037,0.0009,0.0011,-0.0003,-0.0062,0.0002
2023-06-16,-0.005860072251024362,-0.006060072251024362,-0.0045000000000000005,-0.0051,0.0022,0.0022,0.0040999999999999995,-0.0064,0.0002
2023-06-20,0.0004868073776984616,0.0002868073776984616,-0.0048,0.002,-0.0069,-0.0008,-0.005600000000000001,0.005699999999999999,0.0002
2023-06-21,-0.005675288805504941,-0.005875288805504941,-0.005600000000000001,0.0029,0.0053,0.0060999999999999995,0.009300000000000001,0.013000000000000001,0.0002
2023-06-22,0.01652527102479917,0.016325271024799172,0.0032,-0.0096,-0.0126,0.002,-0.0055000000000000005,0.0044,0.0002
2023-06-23,-0.001711249927952574,-0.001911249927952574,-0.0084,-0.006,0.0007000000000000001,0.0023,0.001,0.0019,0.0002
2023-06-26,-0.007553223965384492,-0.007753223965384492,-0.0048,0.0,0.0129,0.006,0.008100000000000001,-0.0059,0.0002
2023-06-27,0.01505934467589709,0.01485934467589709,0.0121,0.0032,-0.0051,0.0025,-0.0070999999999999995,-0.0033,0.0002
2023-06-28,0.006327656185654007,0.006127656185654007,0.0003,0.0048,-0.0043,-0.006500000000000001,-0.0044,0.0022,0.0002
2023-06-29,0.0017966274367005042,0.001596627436700504,0.0044,0.0076,0.0078000000000000005,0.006,0.0048,-0.0034000000000000002,0.0002
2023-06-30,0.023102550424006107,0.02290255042400611,0.011399999999999999,-0.0072,-0.0078000000000000005,-0.0005,-0.0033,0.008199999999999999,0.0002
2023-07-03,-0.007784779601431202,-0.007984779601431203,0.0015,0.0027,0.0106,0.0018,0.0011,-0.011200000000000002,0.0002
2023-07-05,-0.0058711973542879825,-0.006071197354287982,-0.0029,-0.0106,-0.0026,-0.0031,-0.0001,-0.0009,0.0002
2023-07-06,0.002508702555209963,0.002308702555209963,-0.009399999999999999,-0.0058,-0.0069,0.005699999999999999,0.0005,0.0040999999999999995,0.0002
2023-07-07,-0.005891415839529013,-0.0060914158395290125,-0.0013,0.013000000000000001,0.0121,-0.0024,0.0019,-0.0068000000000000005,0.0002
2023-07-10,-0.010855829311031462,-0.011055829311031462,0.0036,0.0124,-0.0001,-0.0103,0.0054,0.0052,0.0002
2023-07-11,-0.002809920531049781,-0.003009920531049781,0.0076,0.0019,0.0048,-0.0021,0.0028000000000000004,-0.008,0.0002
2023-07-12,0.008985498296641747,0.008785498296641747,0.0074,0.0037,0.0046,-0.003,-0.0043,0.0007000000000000001,0.0002
2023-07-13,0.004057529405092408,0.003857529405092408,0.009000000000000001,-0.0007000000000000001,-0.001,-0.0016,-0.0067,0.0016,0.0002
2023-07-14,0.000787306413202904,0.000587306413202904,-0.0025,-0.0069,-0.0152,0.0042,-0.0055000000000000005,0.0076,0.0002
2023-07-17,0.017305572086423693,0.017105572086423694,0.0048,0.006500000000000001,-0.0027,-0.004,-0.0005,0.009000000000000001,0.0002
2023-07-18,-0.0013404105563138424,-0.0015404105563138425,0.0078000000000000005,0.0044,0.0108,0.0063,-0.0044,-0.0049,0.0002
2023-07-19,0.007071720727023445,0.006871720727023445,0.0025,0.0027,0.0132,0.0017000000000000001,0.0017000000000000001,-0.018500000000000003,0.0002
2023-07-20,-0.010097444642925835,-0.010297444642925835,-0.008100000000000001,-0.0034999999999999996,0.006500000000000001,0.0043,0.0147,-0.0001,0.0002
2023-07-21,-0.006161625046717578,-0.006361625046717578,-0.0005,-0.0037,-0.0036,-0.0014000000000000002,0.001,-0.0079,0.0002
2023-07-24,0.004220219163846739,0.004020219163846739,0.0031,-0.0003,0.0076,0.0095,-0.0022,-0.0048,0.0002
2023-07-25,0.004513570558976943,0.004313570558976943,0.0025,-0.0024,-0.0078000000000000005,0.0042,-0.004,0.009300000000000001,0.0002
2023-07-26,0.004544877950383608,0.004344877950383608,0.0001,0.0087,0.0102,-0.0034000000000000002,0.006500000000000001,-0.0161,0.0002
2023-07-27,-0.006580894910622748,-0.006780894910622747,-0.0074,-0.008199999999999999,0.0028000000000000004,0.0038,0.0012,0.0095,0.0002
2023-07-28,0.01350793569883102,0.013307935698831019,0.0113,0.0043,-0.0034000000000000002,-0.0072,-0.0037,0.0052,0.0002
2023-07-31,0.003165929584064031,0.002965929584064031,0.0025,0.01,-0.0009,-0.0095,0.0007000000000000001,-0.0005,0.0002
2023-08-01,-0.004275789654577089,-0.004475789654577089,-0.0034000000000000002,-0.0011,0.0031,0.002,-0.0028000000000000004,0.0062,0.0002
2023-08-02,-0.015490007456832267,-0.015690007456832265,-0.0149,-0.0005,0.005699999999999999,0.0068000000000000005,0.0066,-0.0028000000000000004,0.0002
2023-08-03,-0.007321657333731468,-0.007521657333731468,-0.0019,0.0002,0.0008,0.003,-0.0033,0.0015,0.0002
2023-08-04,-0.048020038463597925,-0.048220038463597924,-0.0048,0.0007000000000000001,0.0076,-0.0018,-0.006500000000000001,-0.0043,0.0002
2023-08-07,-0.0172537676563419,-0.0174537676563419,0.0077,-0.0109,0.006,0.0063,-0.0009,0.0040999999999999995,0.0002
2023-08-08,0.005311667467883252,0.005111667467883252,-0.004699999999999999,0.001,0.0014000000000000002,0.004699999999999999,0.0003,0.0036,0.0002
2023-08-09,-0.008954261803311825,-0.009154261803311825,-0.0078000000000000005,-0.0001,-0.0004,0.0088,0.0001,-0.0029,0.0002
2023-08-10,-0.001234694936403713,-0.001434694936403713,0.0001,-0.0045000000000000005,-0.0067,-0.0004,-0.0006,-0.0031,0.0002
2023-08-11,0.0003376179781224842,0.00013761797812248417,-0.0011,0.0024,0.0045000000000000005,-0.0021,0.0037,-0.0026,0.0002
2023-08-14,0.009392963336710913,0.009192963336710913,0.0051,-0.0085,-0.0077,0.001,-0.0063,0.0113,0.0002
2023-08-15,-0.011200052532966298,-0.011400052532966299,-0.0118,0.0,-0.0103,0.002,0.0004,0.0105,0.0002
2023-08-16,-0.004959397952358224,-0.005159397952358224,-0.008100000000000001,-0.0048,-0.0014000000000000002,0.0038,0.0001,-0.0017000000000000001,0.0002
2023-08-17,-0.014554968044024563,-0.014754968044024564,-0.0087,-0.0018,0.0049,0.005,0.002,-0.0111,0.0002
2023-08-18,0.002816082207842685,0.002616082207842685,0.0004,0.004,-0.0022,0.0007000000000000001,-0.0012,0.005,0.0002
2023-08-21,0.007736748473957222,0.007536748473957223,0.0064,-0.0088,-0.0059,0.002,-0.0087,0.0044,0.0002
2023-08-22,0.007904965915771056,0.0077049659157710565,-0.0032,-0.0001,-0.0104,-0.0034000000000000002,-0.0022,0.0045000000000000005,0.0002
2023-08-23,0.021948965213454796,0.021748965213454798,0.0108,-0.0022,-0.0012,-0.004,-0.0023,0.0073,0.0002
2023-08-24,-0.02617047099589953,-0.02637047099589953,-0.014199999999999999,0.0002,0.0062,0.0052,0.0039000000000000003,-0.0028000000000000004,0.0002
2023-08-25,0.012643065704502687,0.012443065704502687,0.006500000000000001,-0.0024,-0.005699999999999999,-0.0034999999999999996,-0.0017000000000000001,-0.005,0.0002
2023-08-28,0.008845995226847592,0.008645995226847591,0.0063,0.0009,0.0040999999999999995,0.0025,0.0004,0.0009,0.0002
2023-08-29,0.021810443343665442,0.021610443343665443,0.015,-0.0008,-0.0012,-0.0005,-0.0042,0.0001,0.0002
2023-08-30,0.01917237006934469,0.018972370069344692,0.0040999999999999995,0.0009,-0.0046,-0.004,-0.0003,0.0034000000000000002,0.0002
2023-08-31,0.001172187726074414,0.000972187726074414,-0.0008,-0.002,0.0022,0.0004,-0.0024,0.0021,0.0002
2023-09-01,0.00846348909218797,0.00826348909218797,0.0026,0.0085,0.0058,0.0,-0.0021,0.0033,0.0002
2023-09-05,0.0012666153990947837,0.0010666153990947836,-0.0054,-0.015700000000000002,-0.0087,-0.003,-0.0048,-0.0040999999999999995,0.0002
2023-09-06,-0.03579334102705667,-0.03599334102705667,-0.0070999999999999995,0.0001,-0.0018,-0.0045000000000000005,0.001,0.0072,0.0002
2023-09-07,-0.02924929558708822,-0.02944929558708822,-0.004,-0.0069,0.0002,-0.0019,0.0001,0.0014000000000000002,0.0002
2023-09-08,0.0034916817252281795,0.0032916817252281795,0.0012,-0.0051,0.004,0.0029,0.0001,0.0009,0.0002
2023-09-11,0.0066225596664841735,0.006422559666484174,0.0066,-0.004699999999999999,-0.0052,-0.0051,-0.0034999999999999996,-0.005,0.0002
2023-09-12,-0.01706065792313405,-0.017260657923134047,-0.0059,0.002,0.0101,0.0025,0.0022,-0.0067,0.0002
2023-09-13,-0.011854755863100586,-0.012054755863100586,0.0003,-0.0087,-0.0019,0.0027,-0.0036,0.0019,0.0002
2023-09-14,0.008782502391769809,0.008582502391769808,0.0083,0.005,0.0086,0.008,0.0003,-0.004,0.0002
2023-09-15,-0.004153964196038862,-0.0043539641960388615,-0.0121,0.0021,0.0025,-0.0034000000000000002,0.004699999999999999,-0.0062,0.0002
2023-09-18,0.01691341918926681,0.01671341918926681,-0.0004,-0.008199999999999999,-0.0018,0.0017000000000000001,-0.0003,0.0127,0.0002
2023-09-19,0.006180765425322976,0.005980765425322976,-0.0026,-0.0011,0.0,0.0033,0.0029,-0.0008,0.0002
2023-09-20,-0.01999209771200694,-0.02019209771200694,-0.0095,-0.0005,0.0026,0.0028000000000000004,0.0049,-0.0039000000000000003,0.0002
2023-09-21,-0.008889407459199195,-0.009089407459199195,-0.0168,0.0034000000000000002,0.0038,0.005699999999999999,0.0011,0.0005,0.0002
2023-09-22,0.004944442596966914,0.004744442596966914,-0.0025,-0.001,-0.005,0.0019,-0.0017000000000000001,0.0068000000000000005,0.0002
2023-09-25,0.007380350010537828,0.007180350010537829,0.0039000000000000003,-0.0006,0.0032,0.0058,-0.0046,0.0013,0.0002
2023-09-26,-0.023398440203527437,-0.023598440203527436,-0.0146,0.0036,-0.005,-0.0034000000000000002,-0.0007000000000000001,0.0039000000000000003,0.0002
2023-09-27,-0.008897506228650043,-0.009097506228650043,0.0013,0.0078000000000000005,0.001,0.0018,-0.0026,0.0115,0.0002
2023-09-28,0.0015257367119621001,0.0013257367119621,0.006500000000000001,0.0019,0.0003,0.0040999999999999995,-0.0002,0.0026,0.0002
2023-09-29,0.0030463717524877865,0.0028463717524877864,-0.0027,-0.0002,0.0032,-0.0017000000000000001,-0.0015,-0.009300000000000001,0.0002
2023-10-02,0.014835484012871047,0.014635484012871047,-0.0014000000000000002,-0.0128,-0.0105,0.0088,-0.0053,0.0132,0.0002
2023-10-03,-0.007769877612010978,-0.007969877612010979,-0.0149,-0.0027,-0.0014000000000000002,0.003,0.0014000000000000002,-0.0076,0.0002
2023-10-04,0.0073087270910987545,0.007108727091098755,0.0077,-0.0053,-0.0037,-0.0039000000000000003,-0.0032,0.009300000000000001,0.0002
2023-10-05,0.007197990009356836,0.006997990009356836,-0.0015,0.0029,0.001,-0.0045000000000000005,-0.0012,-0.0015,0.0002
2023-10-06,0.014750395537233008,0.014550395537233007,0.0121,-0.0045000000000000005,-0.005600000000000001,-0.0033,-0.0052,0.006999999999999999,0.0002
2023-10-09,0.008451165659994597,0.008251165659994597,0.0059,-0.0015,0.0025,0.0084,-0.0039000000000000003,0.0008,0.0002
2023-10-10,-0.0033520676786576997,-0.0035520676786577,0.006,0.0033,0.0063,-0.0024,0.002,-0.006,0.0002
2023-10-11,0.00790388797321806,0.00770388797321806,0.0033,-0.006500000000000001,0.0038,0.0060999999999999995,-0.0023,0.0062,0.0002
2023-10-12,0.00506135878267977,0.0048613587826797705,-0.008100000000000001,-0.0149,0.0011,0.012,-0.0021,0.0025,0.0002
2023-10-13,-0.010292708471420275,-0.010492708471420276,-0.0059,-0.0034999999999999996,0.0006,0.0009,0.0045000000000000005,-0.0075,0.0002
2023-10-16,-0.00072686704135283,-0.00092686704135283,0.0113,0.0058,-0.001,-0.0034000000000000002,-0.0002,-0.0028000000000000004,0.0002
2023-10-17,-0.008784735938291655,-0.008984735938291655,0.0009,0.0104,0.006999999999999999,-0.0009,0.0032,-0.0060999999999999995,0.0002
2023-10-18,-0.007394994018215639,-0.007594994018215639,-0.0146,-0.006,-0.0018,0.0087,0.0045000000000000005,0.0025,0.0002
2023-10-19,-0.0021610248944861077,-0.0023610248944861078,-0.0092,-0.0054,-0.0022,-0.0005,-0.0001,-0.0009,0.0002
2023-10-20,-0.014704159720812626,-0.014904159720812627,-0.0132,0.0008,-0.0015,0.0019,0.0038,0.0043,0.0002
2023-10-23,0.0006940896641469685,0.0004940896641469685,-0.0023,-0.0058,-0.0078000000000000005,0.0017000000000000001,-0.0045000000000000005,0.0087,0.0002
2023-10-24,0.0025433493974396093,0.002343349397439609,0.0074,0.0008,-0.0058,-0.0098,0.0016,0.006,0.0002
2023-10-25,-0.013491627775631287,-0.013691627775631288,-0.015700000000000002,-0.0002,0.0085,0.0149,0.0019,-0.0073,0.0002
2023-10-26,-0.0246056111704952,-0.0248056111704952,-0.011399999999999999,0.011899999999999999,0.0168,-0.0073,0.0048,-0.013999999999999999,0.0002
2023-10-27,0.007969439962458802,0.007769439962458802,-0.0052,-0.0059,-0.0059,0.0045000000000000005,-0.0097,0.015300000000000001,0.0002
2023-10-30,0.012305296079035521,0.012105296079035521,0.0115,-0.0033,0.0029,-0.0018,0.0017000000000000001,0.0013,0.0002
2023-10-31,0.0028187668589738646,0.0026187668589738645,0.0063,0.0006,-0.0006,-0.008,0.0005,-0.0058,0.0002
2023-11-01,0.018738686621079248,0.01853868662107925,0.009300000000000001,-0.006999999999999999,-0.0002,0.0016,-0.0072,0.0175,0.0002
2023-11-02,0.020693202412661593,0.020493202412661594,0.0194,0.0072,0.0163,-0.0022,0.0055000000000000005,-0.0121,0.0002
2023-11-03,-0.005181095797972657,-0.0053810957979726565,0.011000000000000001,0.0173,0.0060999999999999995,-0.0118,0.0017000000000000001,-0.0101,0.0002
2023-11-06,0.014604929154835133,0.014404929154835133,0.0001,-0.0124,-0.0064,0.0084,-0.002,0.0105,0.0002
2023-11-07,0.014450954585660147,0.014250954585660147,0.0034999999999999996,-0.004,-0.012199999999999999,-0.0126,-0.0007000000000000001,0.0076,0.0002
2023-11-08,0.005885047264357679,0.005685047264357679,-0.0003,-0.0101,-0.0046,0.0040999999999999995,0.0005,0.010700000000000001,0.0002
2023-11-09,-0.0026245707104403104,-0.0028245707104403105,-0.0089,-0.0101,0.0049,0.0052,-0.0028000000000000004,0.01,0.0002
2023-11-10,0.02321978930547597,0.02301978930547597,0.0149,-0.0062,-0.0044,0.0073,-0.0034999999999999996,0.012199999999999999,0.0002
2023-11-13,-0.00858355834243607,-0.008783558342436071,-0.0005,0.0006,-0.0026,-0.003,-0.0018,0.0022,0.0002
2023-11-14,0.014285621158331319,0.014085621158331318,0.0218,0.032400000000000005,0.011899999999999999,-0.0096,-0.0023,-0.0202,0.0002
2023-11-15,0.003040925476272882,0.002840925476272882,0.0018,0.0013,0.005,-0.0012,0.005,-0.016200000000000003,0.0002
2023-11-16,0.009042297087828555,0.008842297087828554,-0.0011,-0.015,-0.003,-0.0048,-0.0037,0.0091,0.0002
2023-11-17,-0.00010534812711948671,-0.0003053481271194867,0.0025,0.0121,0.0063,0.0002,0.0036,-0.0054,0.0002
2023-11-20,0.00927820706279725,0.00907820706279725,0.0073,-0.0011,-0.0029,-0.0029,-0.0031,0.005600000000000001,0.0002
2023-11-21,-0.0042309683065413495,-0.004430968306541349,-0.0032,-0.0095,-0.0060999999999999995,0.0042,-0.0003,0.006999999999999999,0.0002
2023-11-22,0.003514457805361193,0.003314457805361193,0.004699999999999999,0.0019,-0.0004,-0.0037,0.0001,-0.0019,0.0002
2023-11-24,-0.007004137832597235,-0.007204137832597234,0.0011,0.0062,0.0018,-0.005,0.0024,-0.0031,0.0002
2023-11-27,-0.0009476484399898455,-0.0011476484399898456,-0.0023,-0.0013,-0.0009,0.0012,-0.0024,0.0077,0.0002
2023-11-28,0.0032141236548954843,0.0030141236548954843,0.0005,-0.003,0.0004,-0.0015,0.0001,-0.0058,0.0002
2023-11-29,-0.005409660798068705,-0.005609660798068705,0.0001,0.0058,0.0069,-0.0076,-0.0004,-0.009300000000000001,0.0002
2023-11-30,0.003062783014632142,0.002862783014632142,0.0034999999999999996,-0.0042,0.0001,-0.0013,0.0018,0.0016,0.0002
2023-12-01,0.006791247541188428,0.006591247541188428,0.008100000000000001,0.0223,0.010700000000000001,-0.0036,0.005699999999999999,-0.016,0.0002
2023-12-04,-0.009464836752463013,-0.009664836752463013,-0.0044,0.0149,0.0051,-0.0042,0.0076,-0.0070999999999999995,0.0002
2023-12-05,0.021063514965244057,0.020863514965244058,-0.0021,-0.0106,-0.0083,0.002,-0.0043,0.0123,0.0002
2023-12-06,-0.00568724125719311,-0.005887241257193109,-0.004,0.0036,0.0032,-0.0023,0.0025,-0.0137,0.0002
2023-12-07,0.010139437035057375,0.009939437035057374,0.008100000000000001,0.001,0.004699999999999999,0.0008,-0.002,-0.0009,0.0002
2023-12-08,0.007412272329655245,0.007212272329655245,0.0044,0.0014000000000000002,0.0052,-0.0012,-0.0013,0.0060999999999999995,0.0002
2023-12-11,-0.012927213477926913,-0.013127213477926914,0.0036,-0.0043,-0.0012,0.0003,0.0067,-0.0008,0.0002
2023-12-12,0.007920126353610168,0.007720126353610169,0.0034000000000000002,-0.0064,-0.0088,-0.0038,-0.0022,0.006,0.0002
2023-12-13,0.016691364942367004,0.016491364942367005,0.0154,0.019299999999999998,0.013500000000000002,-0.0095,0.0015,-0.0208,0.0002
2023-12-14,0.0007578852956131588,0.0005578852956131588,0.005,0.0183,0.0203,0.0005,0.0042,-0.0161,0.0002
2023-12-15,-0.002725821876537027,-0.002925821876537027,-0.0006,-0.0059,-0.005699999999999999,0.0011,-0.0034999999999999996,0.0092,0.0002
2023-12-18,-0.008503287955207606,-0.008703287955207606,0.0042,-0.0052,-0.0036,0.0034000000000000002,-0.0025,0.0102,0.0002
2023-12-19,0.005359995755020774,0.005159995755020775,0.0072,0.015,0.0069,-0.0038,0.0006,-0.005,0.0002
2023-12-20,-0.01071373590613156,-0.010913735906131561,-0.0155,-0.0034000000000000002,0.0013,0.0075,0.0006,0.0059,0.0002
2023-12-21,-0.0007699815483470651,-0.0009699815483470651,0.0109,0.0075,-0.0004,-0.006,-0.0018,-0.0021,0.0002
2023-12-22,-0.005547456837136422,-0.0057474568371364216,0.002,0.0060999999999999995,0.001,-0.0064,0.002,-0.0048,0.0002
2023-12-26,-0.002841096294759815,-0.003041096294759815,0.0048,0.008199999999999999,0.0044,-0.0032,-0.0015,-0.0021,0.0002
2023-12-27,0.0005181074804208041,0.00031810748042080414,0.0016,0.0016,0.0011,-0.0032,-0.0013,0.0011,0.0002
2023-12-28,0.0022260847815331886,0.0020260847815331885,-0.0001,-0.0038,0.0004,-0.0032,0.0016,-0.004699999999999999,0.0002
2023-12-29,-0.005423957837667692,-0.005623957837667692,-0.0043,-0.0113,-0.0037,0.0067,-0.0008,0.0008,0.0002
2024-01-02,-0.03578644388949814,-0.03598644388949814,-0.006999999999999999,-0.0026,0.0078000000000000005,0.0067,0.0063,-0.021099999999999997,0.0002
2024-01-03,-0.007487873108251497,-0.007687873108251497,-0.0101,-0.0192,-0.0011,0.0036,-0.0018,0.0059,0.0002
2024-01-04,-0.012700125662565953,-0.012900125662565954,-0.0033,0.0024,0.0009,-0.0043,0.0024,-0.003,0.0002
2024-01-05,-0.00401296987789157,-0.00421296987789157,0.0015,-0.006,0.0063,0.0009,-0.0017000000000000001,-0.0025,0.0002
2024-01-08,0.024175002631961373,0.023975002631961374,0.0149,0.0055000000000000005,-0.0127,-0.0098,-0.0044,0.009000000000000001,0.0002
2024-01-09,-0.002263536208713779,-0.002463536208713779,-0.0021,-0.0075,-0.0089,-0.0031,-0.0017000000000000001,0.0098,0.0002
2024-01-10,0.005671386593290473,0.005471386593290473,0.0051,-0.003,-0.0044,0.0024,-0.0019,0.0095,0.0002
2024-01-11,-0.003222599155748518,-0.003422599155748518,-0.0014000000000000002,-0.0066,-0.0052,0.0045000000000000005,-0.0013,0.0098,0.0002
2024-01-12,0.001778163993040538,0.0015781639930405379,-0.0001,-0.0022,-0.0049,0.0011,-0.0025,0.0064,0.0002
2024-01-16,-0.01231706006150346,-0.01251706006150346,-0.004699999999999999,-0.0088,-0.0060999999999999995,0.0016,-0.0026,0.011399999999999999,0.0002
2024-01-17,-0.005173589134882417,-0.005373589134882417,-0.0059,-0.0016,-0.0025,0.0026,-0.0024,0.0059,0.0002
2024-01-18,0.03257066292500954,0.03237066292500954,0.0087,-0.0027,-0.0034999999999999996,0.006999999999999999,-0.0019,0.009300000000000001,0.0002
2024-01-19,0.015533084525156005,0.015333084525156004,0.011899999999999999,-0.0038,0.0067,-0.0003,-0.0023,0.0084,0.0002
2024-01-22,0.012163238090554085,0.011963238090554084,0.0038,0.0183,0.0058,-0.0044,0.0011,-0.0002,0.0002
2024-01-23,0.006653244885740595,0.006453244885740595,0.0022,-0.0069,-0.0055000000000000005,-0.0015,0.0022,-0.0063,0.0002
2024-01-24,-0.003483907531442565,-0.003683907531442565,-0.0001,-0.0078000000000000005,0.0005,0.0026,-0.0038,0.005699999999999999,0.0002
2024-01-25,-0.0016966272327491039,-0.001896627232749104,0.0046,0.002,0.005699999999999999,-0.0018,0.0055000000000000005,-0.0027,0.0002
2024-01-26,-0.009012672275704126,-0.009212672275704126,-0.0002,0.0034999999999999996,-0.0027,0.002,-0.0002,-0.0012,0.0002
2024-01-29,-0.0035858913895905342,-0.0037858913895905343,0.0085,0.0089,-0.0059,-0.011000000000000001,-0.0032,0.0033,0.0002
2024-01-30,-0.019245806687405276,-0.019445806687405275,-0.0012,-0.0097,0.0085,0.0096,0.0013,0.0046,0.0002
2024-01-31,-0.019357602712058664,-0.019557602712058662,-0.0174,-0.0089,-0.0029,-0.0021,0.0034999999999999996,-0.0039000000000000003,0.0002
2024-02-01,0.01334050294490119,0.013140502944901189,0.012199999999999999,0.0033,-0.013500000000000002,-0.0006,-0.0028000000000000004,0.0032,0.0002
2024-02-02,-0.005405025194742286,-0.005605025194742285,0.009899999999999999,-0.015700000000000002,-0.0051,-0.0017000000000000001,-0.013999999999999999,0.0166,0.0002
2024-02-05,0.009846538270943395,0.009646538270943394,-0.0042,-0.009399999999999999,-0.0066,0.0008,-0.0014000000000000002,0.0124,0.0002
2024-02-06,0.008631833311827375,0.008431833311827374,0.0027,0.0076,-0.004699999999999999,-0.0072,0.0058,-0.0144,0.0002
2024-02-07,0.0005811591673636762,0.00038115916736367625,0.0077,-0.0103,-0.0060999999999999995,0.0063,-0.008199999999999999,0.0091,0.0002
2024-02-08,-0.005754887895638383,-0.005954887895638383,0.0021,0.0141,0.0001,-0.0053,-0.002,-0.0004,0.0002
2024-02-09,0.004094041492038958,0.0038940414920389578,0.006500000000000001,0.0084,-0.0042,-0.0033,-0.0042,0.0088,0.0002
2024-02-12,-0.009001793268891056,-0.009201793268891057,0.0004,0.0165,0.0111,-0.0004,0.0045000000000000005,-0.013999999999999999,0.0002
2024-02-13,-0.011274400393775696,-0.011474400393775697,-0.016,-0.0254,-0.006500000000000001,0.0075,-0.0006,0.0116,0.0002
2024-02-14,-0.004809850878700783,-0.005009850878700783,0.011399999999999999,0.0137,-0.0022,-0.015600000000000001,-0.0018,0.0,0.0002
2024-02-15,-0.0015747626526944059,-0.001774762652694406,0.0067,0.0123,0.0104,-0.0021,0.0028000000000000004,-0.0124,0.0002
2024-02-16,-0.008430214437560202,-0.008630214437560202,-0.0053,-0.0066,-0.0017000000000000001,0.0006,0.0019,0.0006,0.0002
2024-02-20,-0.004113961027066293,-0.004313961027066293,-0.0073,-0.0070999999999999995,0.0033,0.0039000000000000003,0.0051,-0.0043,0.0002
2024-02-21,0.004185839053898022,0.003985839053898022,-0.0002,-0.0066,0.0014000000000000002,0.0087,0.002,-0.0031,0.0002
2024-02-22,0.011243800482060973,0.011043800482060972,0.0202,-0.015600000000000001,-0.0129,0.0038,-0.011699999999999999,0.021400000000000002,0.0002
2024-02-23,-0.010033827879818658,-0.010233827879818658,0.0002,0.0032,0.0,0.0007000000000000001,-0.001,0.0008,0.0002
2024-02-26,-0.007451424395086281,-0.007651424395086281,-0.0026,0.0097,-0.0012,-0.0074,-0.0002,0.0106,0.0002
2024-02-27,0.008114544491461428,0.007914544491461428,0.0026,0.0124,-0.0044,-0.011000000000000001,0.0066,-0.0095,0.0002
2024-02-28,-0.006625467661190654,-0.0068254676611906534,-0.0026,-0.009000000000000001,-0.0001,-0.0006,0.0053,-0.0006,0.0002
2024-02-29,-0.003693206649183378,-0.0038932066491833782,0.0053,-0.0017000000000000001,0.0098,0.0028000000000000004,-0.0072,0.0040999999999999995,0.0002
2024-03-01,-0.006030353424640422,-0.006230353424640422,0.0076,0.0,-0.0055000000000000005,-0.0025,-0.0013,0.0072,0.0002
2024-03-04,-0.02538124105795514,-0.02558124105795514,-0.0018,-0.0060999999999999995,0.0034000000000000002,-0.0021,0.0023,0.0007000000000000001,0.0002
2024-03-05,-0.02844100520428705,-0.02864100520428705,-0.010700000000000001,0.0003,0.011699999999999999,0.009399999999999999,0.0058,-0.009399999999999999,0.0002
2024-03-06,-0.005877999614099627,-0.006077999614099627,0.0053,-0.0025,-0.0003,-0.0109,-0.0004,-0.0005,0.0002
2024-03-07,-0.0007095998923742908,-0.0009095998923742908,0.0102,-0.0049,0.0003,0.0034000000000000002,-0.0074,0.0005,0.0002
2024-03-08,0.010236538490500102,0.010036538490500102,-0.0066,0.0062,0.005699999999999999,-0.004,0.0055000000000000005,-0.0077,0.0002
2024-03-11,0.011831629397762944,0.011631629397762943,-0.002,-0.0062,0.004,0.0046,0.0063,-0.0149,0.0002
2024-03-12,0.0027783993469565615,0.0025783993469565615,0.0104,-0.011699999999999999,-0.0069,0.0052,-0.0075,0.0183,0.0002
2024-03-13,-0.01212257476824008,-0.01232257476824008,-0.0014000000000000002,0.0034000000000000002,-0.0002,-0.0006,0.0017000000000000001,-0.0001,0.0002
2024-03-14,0.010927573245513411,0.01072757324551341,-0.0042,-0.0147,-0.0104,0.0106,-0.0009,0.006500000000000001,0.0002
2024-03-15,-0.002196610358093154,-0.002396610358093154,-0.0058,0.0095,0.0079,-0.0012,0.004,-0.005600000000000001,0.0002
2024-03-18,0.006372362504787343,0.006172362504787344,0.0053,-0.0102,-0.0025,0.0021,-0.0013,0.0034000000000000002,0.0002
2024-03-19,0.013585075942063485,0.013385075942063484,0.0054,0.0046,-0.0027,0.0045000000000000005,0.0005,0.0051,0.0002
2024-03-20,0.014709331076680154,0.014509331076680154,0.0102,0.0104,0.0101,-0.0021,-0.0007000000000000001,0.0031,0.0002
2024-03-21,-0.040857567319954935,-0.041057567319954934,0.0042,0.0034999999999999996,0.0095,0.0023,0.0007000000000000001,0.0059,0.0002
2024-03-22,0.005310181858539265,0.005110181858539265,-0.0023,-0.0098,-0.0053,0.0029,-0.0038,0.0049,0.0002
2024-03-25,-0.008300366449919716,-0.008500366449919717,-0.0027,-0.001,0.0086,-0.002,-0.0017000000000000001,-0.0033,0.0002
2024-03-26,-0.006672397334833047,-0.006872397334833046,-0.0026,0.0009,-0.0013,-0.0051,0.0024,0.0008,0.0002
2024-03-27,0.02121244208531503,0.021012442085315032,0.0088,0.0129,0.0091,-0.002,0.0058,-0.0137,0.0002
2024-03-28,-0.010559155139424292,-0.010759155139424293,0.0011,0.0046,0.0048,-0.0001,0.0009,-0.0043,0.0002
2024-04-01,-0.00845575932902276,-0.008655759329022761,-0.0026,-0.009000000000000001,-0.0028000000000000004,0.0034000000000000002,-0.0032,0.0026,0.0002
2024-04-02,-0.006998781992209269,-0.007198781992209268,-0.0085,-0.0103,0.0003,0.0029,0.0005,0.0026,0.0002
2024-04-03,0.0047973779096968094,0.00459737790969681,0.0017000000000000001,0.0031,-0.0003,0.0,-0.0019,0.0068000000000000005,0.0002
2024-04-04,-0.004892309544345164,-0.005092309544345163,-0.012199999999999999,0.0021,0.0015,-0.0002,0.0007000000000000001,-0.009899999999999999,0.0002
2024-04-05,0.004501814842648999,0.004301814842648999,0.0106,-0.0052,-0.0068000000000000005,-0.0036,-0.0058,0.0146,0.0002
2024-04-08,-0.006663516390456592,-0.006863516390456592,0.0001,0.0054,0.0014000000000000002,-0.0024,0.001,-0.0060999999999999995,0.0002
2024-04-09,0.007242441912852282,0.0070424419128522825,0.0013,0.0031,-0.0032,-0.0015,0.0006,-0.0138,0.0002
2024-04-10,-0.011139062685944667,-0.011339062685944668,-0.01,-0.015700000000000002,-0.0104,0.0033,-0.0044,0.0083,0.0002
2024-04-11,0.04327081579258496,0.04307081579258496,0.0073,0.0005,-0.0062,0.0012,-0.0053,0.0129,0.0002
2024-04-12,0.008626584052663366,0.008426584052663366,-0.015300000000000001,-0.0036,0.0011,0.006500000000000001,-0.0024,-0.0004,0.0002
2024-04-15,-0.02186350131775472,-0.022063501317754718,-0.0129,-0.0024,0.0075,0.008199999999999999,0.0042,-0.0027,0.0002
2024-04-16,-0.019167398219477327,-0.019367398219477326,-0.0023,-0.0028000000000000004,-0.008199999999999999,0.0,-0.0026,0.0068000000000000005,0.0002
2024-04-17,-0.008147327994428077,-0.008347327994428078,-0.0064,-0.0038,0.005600000000000001,-0.0031,0.0053,-0.0092,0.0002
2024-04-18,-0.005714370185268769,-0.005914370185268769,-0.0027,-0.0009,0.0087,0.0001,0.0028000000000000004,-0.005699999999999999,0.0002
2024-04-19,-0.012212490501268047,-0.012412490501268048,-0.008199999999999999,0.0125,0.019,-0.0004,0.0129,-0.018500000000000003,0.0002
2024-04-22,0.005090855447134057,0.004890855447134058,0.0087,-0.0012,0.0054,-0.0024,-0.0001,0.0052,0.0002
2024-04-23,0.0063916092618898634,0.006191609261889864,0.0127,0.0055000000000000005,0.0,-0.0028000000000000004,-0.0060999999999999995,0.0127,0.0002
2024-04-24,0.01270249420494518,0.01250249420494518,-0.0001,-0.0029,0.0027,0.0027,-0.0003,-0.0060999999999999995,0.0002
2024-04-25,0.0051472779869607965,0.004947277986960797,-0.004699999999999999,-0.0039000000000000003,-0.002,0.0038,-0.0008,0.0,0.0002
2024-04-26,-0.0034729022376658314,-0.0036729022376658315,0.0103,0.0021,-0.010700000000000001,0.0002,-0.0043,0.011699999999999999,0.0002
2024-04-29,0.024808044540281404,0.024608044540281405,0.0033,0.0034000000000000002,-0.0048,0.0019,-0.0012,-0.0098,0.0002
2024-04-30,-0.018270738404299602,-0.0184707384042996,-0.0167,-0.0027,-0.0025,-0.0059,0.0062,-0.0054,0.0002
2024-05-01,-0.006047253084913162,-0.006247253084913162,-0.0027,0.009399999999999999,0.0003,-0.0134,0.0006,-0.0027,0.0002
2024-05-02,0.02203188474645512,0.021831884746455123,0.0101,0.0072,-0.0003,-0.0002,-0.0079,0.0044,0.0002
2024-05-03,0.05981614644241273,0.05961614644241273,0.0118,-0.0005,-0.0019,0.0042,-0.0053,-0.0025,0.0002
2024-05-06,-0.009106869661387185,-0.009306869661387185,0.0108,-0.0002,-0.0006,-0.0025,-0.0069,0.0103,0.0002
2024-05-07,0.00379715931634661,0.00359715931634661,0.0005,0.0001,-0.006,0.0015,0.0024,-0.0016,0.0002
2024-05-08,0.0018642937886839128,0.0016642937886839127,-0.0009,-0.004,0.0058,0.006999999999999999,0.0015,-0.0005,0.0002
2024-05-09,0.010014182615567302,0.009814182615567301,0.0052,0.0052,0.0037,0.0004,0.0006,-0.0059,0.0002
2024-05-10,-0.006890122338867433,-0.007090122338867432,0.0009,-0.009000000000000001,0.0001,0.0054,-0.0006,0.0029,0.0002
2024-05-13,0.017645324772822102,0.017445324772822103,-0.0004,0.0026,-0.0026,0.0019,0.0024,-0.0115,0.0002
2024-05-14,0.0061736051915970425,0.005973605191597043,0.005600000000000001,0.0051,0.0002,-0.0016,-0.0003,-0.0028000000000000004,0.0002
2024-05-15,0.012218029973138034,0.012018029973138033,0.0115,-0.0046,-0.0022,-0.0043,-0.0038,0.0111,0.0002
2024-05-16,0.0006322623494956492,0.0004322623494956492,-0.0025,-0.0021,-0.0001,-0.0002,0.0038,-0.0101,0.0002
2024-05-17,0.00015798599742589126,-4.2014002574108754e-05,0.0011,-0.0022,0.004,-0.0017000000000000001,-0.0012,0.0033,0.0002
2024-05-20,0.006162184369986168,0.005962184369986168,0.0014000000000000002,0.0016,-0.0088,0.0016,-0.006500000000000001,0.0042,0.0002
2024-05-21,0.00685740383354716,0.00665740383354716,0.0016,-0.0043,0.0018,0.0039000000000000003,-0.0031,0.0013,0.0002
2024-05-22,-0.007538507396037231,-0.00773850739603723,-0.0034999999999999996,-0.004,-0.0037,-0.0044,-0.0005,-0.005699999999999999,0.0002
2024-05-23,-0.021057978534119726,-0.021257978534119724,-0.0084,-0.0069,-0.0064,0.0121,-0.0063,0.019299999999999998,0.0002
2024-05-24,0.01658791309562324,0.016387913095623242,0.0070999999999999995,0.0016,0.0015,0.0028000000000000004,-0.0039000000000000003,0.0026,0.0002
2024-05-28,5.27853602114714e-05,-0.0001472146397885286,-0.0004,0.0013,-0.0088,0.0008,-0.0111,0.005600000000000001,0.0002
2024-05-29,0.001579098943894408,0.001379098943894408,-0.0077,-0.0039000000000000003,-0.0062,0.005,-0.0002,0.0024,0.0002
2024-05-30,0.005254878697576348,0.005054878697576349,-0.0053,0.013600000000000001,0.01,0.0029,0.0106,-0.0048,0.0002
2024-05-31,0.005018841189157186,0.004818841189157186,0.0068000000000000005,-0.0001,0.0078000000000000005,0.0095,0.0078000000000000005,-0.006500000000000001,0.0002
2024-06-03,0.009258569284626317,0.009058569284626316,0.0005,-0.0031,-0.005699999999999999,0.0039000000000000003,-0.0044,-0.0019,0.0002
2024-06-04,0.0016493488346982499,0.0014493488346982498,-0.0006,-0.0128,-0.0076,-0.0022,-0.0012,-0.002,0.0002
2024-06-05,0.007820931934811481,0.007620931934811482,0.0123,0.0032,-0.0060999999999999995,-0.0044,-0.0068000000000000005,0.0115,0.0002
2024-06-06,-0.0070966311607036925,-0.007296631160703692,-0.0006,-0.005699999999999999,-0.0007000000000000001,-0.0002,-0.0017000000000000001,-0.0055000000000000005,0.0002
2024-06-07,0.0123922255463782,0.012192225546378199,-0.0023,-0.0095,0.0007000000000000001,0.0033,0.0018,0.001,0.0002
2024-06-10,-0.019147840175202546,-0.019347840175202545,0.0027,-0.0015,-0.0028000000000000004,-0.0022,-0.0043,0.0088,0.0002
2024-06-11,0.07264912030631088,0.07244912030631087,0.002,-0.0019,-0.0106,0.0026,-0.0021,-0.002,0.0002
2024-06-12,0.02857834430617512,0.02837834430617512,0.009399999999999999,0.0073,0.0009,0.001,-0.0034000000000000002,0.0067,0.0002
2024-06-13,0.005491145290543953,0.005291145290543953,0.0005,-0.0101,-0.0063,0.0102,-0.0003,0.0067,0.0002
2024-06-14,-0.008168403790145162,-0.008368403790145163,-0.0016,-0.0148,-0.0064,0.0013,0.0007000000000000001,0.0022,0.0002
2024-06-17,0.019671598019842085,0.019471598019842086,0.0078000000000000005,-0.0033,0.0052,0.0084,0.0023,-0.0011,0.0002
2024-06-18,-0.010984594480380805,-0.011184594480380805,0.002,-0.0045000000000000005,0.0037,0.0026,-0.0009,0.0106,0.0002
2024-06-20,-0.021512816057792095,-0.021712816057792093,-0.003,-0.0034999999999999996,0.0025,-0.0060999999999999995,0.0032,-0.0083,0.0002
2024-06-21,-0.01044458660830172,-0.01064458660830172,-0.0013,0.0045000000000000005,-0.0051,-0.008,0.0017000000000000001,-0.0104,0.0002
2024-06-24,0.0031327428608844965,0.0029327428608844964,-0.0026,0.0062,0.0109,0.0004,0.006500000000000001,-0.0079,0.0002
2024-06-25,0.004468221739666767,0.004268221739666767,0.0031,-0.008199999999999999,-0.0121,0.0008,-0.012,0.0123,0.0002
2024-06-26,0.01999331429299378,0.01979331429299378,0.0016,-0.0001,-0.0021,0.0043,-0.0028000000000000004,-0.0042,0.0002
2024-06-27,0.003986032236866777,0.0037860322368667766,0.0014000000000000002,0.0053,-0.0039000000000000003,-0.0096,-0.0011,-0.0021,0.0002
2024-06-28,-0.01625424174164447,-0.01645424174164447,-0.0034999999999999996,0.0101,0.0127,-0.0017000000000000001,0.0070999999999999995,0.0036,0.0002
2024-07-01,0.0291045222586237,0.0289045222586237,0.0023,-0.0105,-0.004699999999999999,0.0048,-0.0033,0.0088,0.0002
2024-07-02,0.01623987264405713,0.01603987264405713,0.005699999999999999,-0.004699999999999999,0.004,0.0048,-0.0060999999999999995,-0.0048,0.0002
2024-07-03,0.005811190303754543,0.0056111903037545435,0.0048,-0.0029,-0.0069,-0.0001,0.0058,0.002,0.0002
2024-07-05,0.02162023817436909,0.02142023817436909,0.0048,-0.008,-0.0143,-0.0034000000000000002,-0.0103,-0.0029,0.0002
2024-07-08,0.006538874205380685,0.006338874205380685,0.001,0.0053,-0.0019,-0.0032,0.004699999999999999,0.003,0.0002
2024-07-09,0.0037749249751495295,0.0035749249751495294,0.0,-0.006,0.0051,-0.0048,0.0068000000000000005,0.004,0.0002
2024-07-10,0.018803440451236275,0.018603440451236276,0.0097,-0.0013,0.004,0.002,0.0018,0.0037,0.0002
2024-07-11,-0.023220749723427137,-0.023420749723427135,-0.006,0.042,0.0176,-0.0103,-0.001,-0.0129,0.0002
2024-07-12,0.013050926528869411,0.01285092652886941,0.0058,0.0062,-0.0046,-0.004699999999999999,0.0013,-0.0072,0.0002
2024-07-15,0.016743142192627403,0.016543142192627404,0.0038,0.0116,0.006,-0.0024,-0.0036,0.006500000000000001,0.0002
2024-07-16,0.0017920576928358578,0.0015920576928358577,0.008199999999999999,0.0277,0.0134,-0.0060999999999999995,0.0005,-0.0127,0.0002
2024-07-17,-0.025296029121242625,-0.025496029121242623,-0.0149,0.0049,0.024399999999999998,0.0077,-0.0012,-0.018600000000000002,0.0002
2024-07-18,-0.02053485990203685,-0.02073485990203685,-0.0095,-0.011399999999999999,0.0002,0.0098,0.0038,0.0089,0.0002
2024-07-19,0.0005798750976937495,0.00037987509769374947,-0.0068000000000000005,0.0008,-0.0013,-0.0011,-0.0049,0.0046,0.0002
2024-07-22,-0.0015603396693475435,-0.0017603396693475436,0.0108,0.0053,-0.005600000000000001,-0.0034000000000000002,0.0068000000000000005,0.0058,0.0002
2024-07-23,0.004688403183415124,0.004488403183415124,-0.0007000000000000001,0.0115,0.0,-0.0043,-0.0017000000000000001,0.0072,0.0002
2024-07-24,-0.028754332849365016,-0.028954332849365015,-0.024,0.0004,0.0171,0.0013,0.0004,-0.004699999999999999,0.0002
2024-07-25,-0.004804609515428937,-0.005004609515428937,-0.003,0.0167,0.0067,-0.0014000000000000002,0.0017000000000000001,-0.0171,0.0002
2024-07-26,0.0021610843611916675,0.0019610843611916674,0.011000000000000001,0.0055000000000000005,-0.0017000000000000001,0.0008,0.0013,0.0011,0.0002
2024-07-29,0.0012845819772639988,0.0010845819772639987,-0.0002,-0.01,-0.0048,0.0064,-0.0023,-0.005,0.0002
2024-07-30,0.0025660090547918735,0.0023660090547918734,-0.0049,0.0070999999999999995,0.0134,0.0040999999999999995,-0.0105,-0.0109,0.0002
2024-07-31,0.01499083349056729,0.01479083349056729,0.0152,-0.0097,-0.013300000000000001,0.0051,0.013999999999999999,0.01,0.0002
2024-08-01,-0.016750656594719193,-0.016950656594719192,-0.0161,-0.0123,-0.0066,0.0088,-0.009300000000000001,-0.0001,0.0002
2024-08-02,0.006869405460209421,0.0066694054602094216,-0.021099999999999997,-0.011899999999999999,-0.0077,0.0091,0.0079,-0.013999999999999999,0.0002
2024-08-05,-0.04816694368750174,-0.04836694368750174,-0.0302,-0.0034000000000000002,-0.0001,-0.0009,-0.0016,-0.0018,0.0002
2024-08-06,-0.009748240385636708,-0.009948240385636709,0.01,-0.0003,-0.005600000000000001,-0.0011,0.0027,0.013000000000000001,0.0002
2024-08-07,0.012498226204246565,0.012298226204246565,-0.0083,-0.0046,0.006999999999999999,0.0068000000000000005,-0.009000000000000001,-0.0017000000000000001,0.0002
2024-08-08,0.016633011341006476,0.016433011341006477,0.023799999999999998,0.0009,-0.008100000000000001,-0.0055000000000000005,0.0008,0.0087,0.0002
2024-08-09,0.01373621572499606,0.013536215724996059,0.0043,-0.0076,-0.0034000000000000002,0.0023,-0.0017000000000000001,0.0144,0.0002
2024-08-12,0.00712980351331205,0.00692980351331205,-0.0008,-0.0086,-0.0058,0.0009,0.004,0.0125,0.0002
2024-08-13,0.01719308123340446,0.016993081233404463,0.0169,0.0016,-0.0075,-0.0048,0.0106,-0.0031,0.0002
2024-08-14,0.0020336764469865987,0.0018336764469865986,0.003,-0.0108,0.0025,0.0013,0.0038,0.0076,0.0002
2024-08-15,0.013530650520211518,0.013330650520211517,0.0177,0.0096,-0.0075,-0.0045000000000000005,0.0040999999999999995,0.0006,0.0002
2024-08-16,0.005918421787055372,0.005718421787055373,0.0022,0.0004,0.0077,-0.0024,0.005,0.0009,0.0002
2024-08-19,-0.0007077554629322247,-0.0009077554629322247,0.0098,0.0022,-0.0026,-0.0103,0.004699999999999999,0.0022,0.0002
2024-08-20,0.002744614050824712,0.002544614050824712,-0.0031,-0.0074,-0.006500000000000001,0.0037,-0.0064,0.0006,0.0002
2024-08-21,-0.0004856871396362594,-0.0006856871396362594,0.0051,0.0085,-0.0064,-0.0040999999999999995,0.0019,0.001,0.0002
2024-08-22,-0.008259606105940343,-0.008459606105940343,-0.0096,-0.0024,0.0137,0.0051,-0.0024,0.0039000000000000003,0.0002
2024-08-23,0.010288138741991082,0.010088138741991081,0.0129,0.019,0.0085,-0.005,0.0070999999999999995,0.0013,0.0002
2024-08-26,0.001498759501125324,0.001298759501125324,-0.0034000000000000002,0.0033,0.0018,0.0014000000000000002,-0.0005,-0.0044,0.0002
2024-08-27,0.0037416300964006055,0.0035416300964006054,0.0005,-0.0089,0.0002,0.0028000000000000004,0.0023,0.0052,0.0002
2024-08-28,-0.00675341763269055,-0.00695341763269055,-0.0066,-0.0021,0.011399999999999999,0.005600000000000001,-0.0018,0.0033,0.0002
2024-08-29,0.014570064781431968,0.014370064781431968,0.0007000000000000001,0.0066,0.0029,-0.0013,-0.0121,-0.0078000000000000005,0.0002
2024-08-30,-0.0034378589403147863,-0.0036378589403147864,0.0098,-0.0055000000000000005,0.0005,-0.0018,-0.0013,0.0067,0.0002
2024-09-03,-0.02720522671033454,-0.02740522671033454,-0.0226,-0.0073,0.013600000000000001,0.0062,-0.008100000000000001,-0.0068000000000000005,0.0002
2024-09-04,-0.008618736083091272,-0.008818736083091272,-0.0022,0.0011,-0.0058,-0.0027,-0.0007000000000000001,-0.002,0.0002
2024-09-05,0.006927830288187886,0.0067278302881878865,-0.0031,-0.0005,-0.0068000000000000005,-0.0025,0.0002,-0.0034999999999999996,0.0002
2024-09-06,-0.007015016610743996,-0.007215016610743996,-0.0182,-0.0008,0.0018,0.0033,-0.0005,-0.0016,0.0002
2024-09-09,0.0004074108216591821,0.00020741082165918207,0.0109,-0.0106,-0.0072,-0.0108,0.0037,0.0089,0.0002
2024-09-10,-0.0036213941552589723,-0.0038213941552589724,0.004,-0.0028000000000000004,-0.0083,-0.0008,-0.0016,-0.0004,0.0002
2024-09-11,0.011585296802759215,0.011385296802759215,0.0104,-0.006500000000000001,-0.016399999999999998,-0.0018,0.0059,0.0086,0.0002
2024-09-12,0.0004939468363112098,0.00029394683631120985,0.008,0.0046,-0.005,0.0038,-0.0006,0.0055000000000000005,0.0002
2024-09-13,-0.0012121554534459955,-0.0014121554534459956,0.006999999999999999,0.019,0.0003,-0.0029,0.003,-0.0019,0.0002
2024-09-16,-0.027775174954122517,-0.027975174954122516,0.0016,0.0001,0.0091,0.0037,-0.0044,-0.0015,0.0002
2024-09-17,0.002172679125465704,0.001972679125465704,0.0008,0.0077,0.0055000000000000005,0.0039000000000000003,-0.0032,-0.0040999999999999995,0.0002
2024-09-18,0.017989755059126145,0.017789755059126146,-0.0025,0.0026,0.0027,0.0006,-0.0038,0.0002,0.0002
2024-09-19,0.037065552379127675,0.036865552379127677,0.0177,0.0032,-0.002,-0.002,-0.0004,0.006,0.0002
2024-09-20,-0.0029273684682535883,-0.0031273684682535884,-0.0026,-0.0078000000000000005,-0.0063,0.0023,-0.0034000000000000002,0.006999999999999999,0.0002
2024-09-23,-0.007581087742509096,-0.007781087742509096,0.0021,-0.008100000000000001,-0.001,0.0045000000000000005,-0.0023,-0.005600000000000001,0.0002
2024-09-24,0.003974029969266546,0.003774029969266546,0.0024,-0.0011,-0.005699999999999999,-0.0028000000000000004,0.008100000000000001,0.0,0.0002
2024-09-25,-0.0043982309358844285,-0.004598230935884428,-0.0029,-0.009300000000000001,-0.0070999999999999995,-0.0005,0.0014000000000000002,0.009899999999999999,0.0002
2024-09-26,0.005080371125923078,0.004880371125923078,0.0043,0.0021,0.0043,-0.0051,0.0055000000000000005,-0.0064,0.0002
2024-09-27,0.0011865107690476329,0.0009865107690476328,-0.0009,0.006999999999999999,0.005699999999999999,0.0011,-0.0006,-0.0166,0.0002
2024-09-30,0.022872080299366493,0.022672080299366494,0.0036,-0.0009,0.0014000000000000002,0.004,-0.0002,0.0062,0.0002
2024-10-01,-0.029141571814486955,-0.029341571814486954,-0.0097,-0.006500000000000001,-0.0004,0.0079,-0.0059,-0.0044,0.0002
2024-10-02,0.002519671757046593,0.002319671757046593,0.0,-0.0026,-0.0017000000000000001,-0.0051,0.0040999999999999995,0.0049,0.0002
2024-10-03,-0.00489464690145347,-0.00509464690145347,-0.0023,-0.0066,0.002,0.0045000000000000005,0.0033,0.008100000000000001,0.0002
2024-10-04,0.005007425946611299,0.0048074259466112995,0.0103,0.0048,0.0027,-0.0054,-0.0017000000000000001,0.0002,0.0002
2024-10-07,-0.022530878017077094,-0.022730878017077093,-0.0097,-0.0019,0.003,0.0007000000000000001,0.0077,0.0003,0.0002
2024-10-08,0.018404029552998136,0.018204029552998137,0.0087,-0.0075,-0.0111,-0.0032,0.0021,0.0147,0.0002
2024-10-09,0.016698405684277162,0.016498405684277163,0.0069,-0.004699999999999999,0.0018,0.0015,-0.0023,0.0007000000000000001,0.0002
2024-10-10,-0.00217819169937028,-0.00237819169937028,-0.002,-0.0038,0.0009,0.0013,0.0016,-0.0015,0.0002
2024-10-11,-0.006505375610907582,-0.006705375610907582,0.0075,0.0127,0.0076,-0.0098,0.0,0.011200000000000002,0.0002
2024-10-14,0.016479810507873838,0.01627981050787384,0.006999999999999999,-0.0011,-0.0031,-0.0011,0.0048,0.0059,0.0002
2024-10-15,0.011024614632410223,0.010824614632410223,-0.0072,0.0098,0.0051,-0.0027,-0.0044,0.0021,0.0002
2024-10-16,-0.008851754997465155,-0.009051754997465156,0.0052,0.0104,0.0054,-0.0032,0.0066,0.0026,0.0002
2024-10-17,0.001596264239817513,0.001396264239817513,-0.0005,-0.0009,0.0016,0.0029,0.0008,-0.0021,0.0002
2024-10-18,0.012276603449848267,0.012076603449848266,0.0036,-0.0043,-0.0074,-0.0058,0.0015,0.0005,0.0002
2024-10-21,0.006297830113760838,0.006097830113760839,-0.0029,-0.0137,-0.011899999999999999,-0.0017000000000000001,0.0044,0.0051,0.0002
2024-10-22,-0.0026217704872381065,-0.0028217704872381066,-0.0011,-0.0026,0.0058,0.0011,-0.0031,0.0004,0.0002
2024-10-23,-0.02162300567091724,-0.021823005670917238,-0.0097,-0.0002,0.0108,0.0026,-0.0009,-0.0033,0.0002
2024-10-24,-0.0008233301410509597,-0.0010233301410509598,0.0029,0.0008,-0.0029,-0.0001,-0.0033,0.0,0.0002
2024-10-25,0.003643041461818486,0.0034430414618184858,-0.0008,-0.0027,-0.008199999999999999,0.0007000000000000001,-0.0031,-0.0006,0.0002
2024-10-28,0.008599540700908737,0.008399540700908736,0.0038,0.0134,0.0064,-0.0059,-0.0009,0.0036,0.0002
2024-10-29,0.0011568170759594931,0.0009568170759594931,0.0015,-0.0023,-0.010700000000000001,-0.003,-0.0014000000000000002,0.005699999999999999,0.0002
2024-10-30,-0.01527798199444419,-0.01547798199444419,-0.0032,0.0017000000000000001,0.0074,0.004,-0.0012,-0.0033,0.0002
2024-10-31,-0.018209484702302325,-0.018409484702302324,-0.018000000000000002,-0.0001,0.0059,0.0040999999999999995,0.0019,-0.0108,0.0002
2024-11-01,-0.01327962645929659,-0.01347962645929659,0.004699999999999999,0.0031,-0.010700000000000001,-0.0037,0.0014000000000000002,-0.0023,0.0002
2024-11-04,-0.004037566612014709,-0.004237566612014709,-0.0027,0.0068000000000000005,-0.0055000000000000005,0.0017000000000000001,0.0036,-0.0044,0.0002
2024-11-05,0.006486198401892906,0.006286198401892907,0.013000000000000001,0.0066,-0.0012,-0.004,-0.002,0.0084,0.0002
2024-11-06,-0.0032667852593769586,-0.0034667852593769587,0.0291,0.0268,0.0359,-0.0007000000000000001,-0.0102,0.0113,0.0002
2024-11-07,0.021372023058644496,0.021172023058644497,0.0066,-0.0089,-0.027200000000000002,-0.0003,0.0026,0.0040999999999999995,0.0002
2024-11-08,-0.0011881399204867193,-0.0013881399204867194,0.0043,0.0037,-0.005,-0.0034000000000000002,-0.0074,0.0104,0.0002
2024-11-11,-0.012028600745126572,-0.012228600745126572,0.0032,0.011399999999999999,0.0086,-0.0087,-0.0074,-0.009000000000000001,0.0002
2024-11-12,0.0,-0.0002,-0.0038,-0.013500000000000002,0.0013,0.0058,0.0048,0.004,0.0002
2024-11-13,0.003969151834468887,0.003769151834468887,-0.0012,-0.0095,0.0018,0.0037,0.0016,-0.0060999999999999995,0.0002
2024-11-14,0.01377050993468365,0.01357050993468365,-0.0070999999999999995,-0.0067,0.0072,0.0070999999999999995,0.0018,0.0018,0.0002
2024-11-15,-0.014109290074550418,-0.014309290074550418,-0.0138,-0.0037,0.0166,0.0017000000000000001,-0.0028000000000000004,-0.0022,0.0002
2024-11-18,0.013422237936325354,0.013222237936325354,0.0040999999999999995,-0.0036,-0.0001,-0.0011,-0.0055000000000000005,-0.0027,0.0002
2024-11-19,0.0011401432542985646,0.0009401432542985646,0.0049,0.0026,-0.0161,-0.009300000000000001,0.0058,0.0132,0.0002
2024-11-20,0.0031540917956718317,0.0029540917956718316,0.0004,0.0005,-0.0011,0.0004,-0.0009,-0.0026,0.0002
2024-11-21,-0.002095959916285084,-0.002295959916285084,0.006500000000000001,0.0091,0.0028000000000000004,-0.0038,0.006500000000000001,-0.0022,0.0002
2024-11-22,0.005907499858088139,0.005707499858088139,0.0053,0.0139,0.0043,-0.0068000000000000005,-0.006500000000000001,-0.0037,0.0002
2024-11-25,0.013050754859699643,0.012850754859699642,0.0040999999999999995,0.0129,0.0022,0.0006,-0.004699999999999999,-0.0129,0.0002
2024-11-26,0.009404403404487782,0.009204403404487782,0.0042,-0.010700000000000001,-0.0068000000000000005,0.0054,-0.0034000000000000002,0.012199999999999999,0.0002
2024-11-27,-0.0005530308384982252,-0.0007530308384982252,-0.0039000000000000003,0.0045000000000000005,0.0049,-0.006,0.0011,-0.008199999999999999,0.0002
2024-11-29,0.010215862214021154,0.010015862214021154,0.0054,-0.0005,-0.0064,-0.0005,0.0032,0.0007000000000000001,0.0002
2024-12-02,0.00952245942923402,0.00932245942923402,0.0023,0.0018,-0.0066,0.0052,-0.004,-0.006500000000000001,0.0002
2024-12-03,0.012771927969859487,0.012571927969859486,0.0004,-0.0078000000000000005,-0.0055000000000000005,0.0036,-0.0013,0.0091,0.0002
2024-12-04,0.0014836197560410547,0.0012836197560410546,0.006999999999999999,-0.0018,-0.012199999999999999,-0.0109,-0.0003,0.0060999999999999995,0.0002
2024-12-05,0.00012345709464356425,-7.654290535643576e-05,-0.0028000000000000004,-0.0095,0.004699999999999999,0.0053,-0.0011,0.006999999999999999,0.0002
2024-12-06,-0.0008229246195863293,-0.0010229246195863294,0.0034999999999999996,0.0038,-0.0105,-0.010700000000000001,-0.0070999999999999995,0.0017000000000000001,0.0002
2024-12-09,0.016101227207422797,0.015901227207422798,-0.0073,0.0044,0.0011,0.006999999999999999,-0.0004,-0.0279,0.0002
2024-12-10,0.004133669430149256,0.003933669430149256,-0.0036,0.001,0.0012,0.011399999999999999,-0.0070999999999999995,-0.0005,0.0002
2024-12-11,-0.005165975895214059,-0.0053659758952140585,0.0087,-0.0019,-0.0058,-0.0007000000000000001,-0.0038,0.013600000000000001,0.0002
2024-12-12,0.005963678446599063,0.005763678446599064,-0.0062,-0.0078000000000000005,0.0043,0.0034999999999999996,0.0014000000000000002,-0.0018,0.0002
2024-12-13,0.0006856036498088525,0.0004856036498088525,-0.0005,-0.0051,-0.003,0.0032,-0.0031,0.0068000000000000005,0.0002
2024-12-16,0.011727552696808141,0.01152755269680814,0.0046,0.004,-0.0102,-0.011000000000000001,-0.0092,0.011399999999999999,0.0002
2024-12-17,0.009719644546690276,0.009519644546690275,-0.0049,-0.0054,-0.0058,0.0008,-0.0006,-0.0066,0.0002
2024-12-18,-0.021421712416383354,-0.021621712416383353,-0.0317,-0.0127,0.0007000000000000001,0.0106,0.0076,-0.0085,0.0002
2024-12-19,0.007014648414990665,0.0068146484149906655,-0.0012,-0.0025,0.0001,0.0027,0.0017000000000000001,0.0095,0.0002
2024-12-20,0.018815866855472763,0.018615866855472764,0.010700000000000001,-0.0026,0.0007000000000000001,-0.012,0.0064,0.0021,0.0002
2024-12-23,0.0030649057153011583,0.002864905715301158,0.0060999999999999995,-0.0085,-0.002,0.0029,0.0066,-0.0006,0.0002
2024-12-24,0.011478101666798635,0.011278101666798634,0.0111,-0.0012,-0.0005,-0.0011,-0.0036,0.0067,0.0002
2024-12-26,0.0031755741040111474,0.0029755741040111473,0.0001,0.0106,-0.0018,-0.0042,0.0034999999999999996,0.0001,0.0002
2024-12-27,-0.013242048961509711,-0.013442048961509712,-0.011699999999999999,-0.0044,0.0055000000000000005,0.0039000000000000003,0.0003,-0.0085,0.0002
2024-12-30,-0.01326346701893677,-0.01346346701893677,-0.0109,0.0025,0.0074,0.0054,0.0015,0.0008,0.0002
2024-12-31,-0.00705785333586606,-0.00725785333586606,-0.0046,0.0032,0.0070999999999999995,0.0033,0.0002,-0.0108,0.0002
2025-01-02,-0.026235840484950756,-0.026435840484950755,-0.0016,-0.0002,-0.0029,-0.0064,0.0062,0.0048,0.0002
2025-01-03,-0.002009540511499708,-0.002209540511499708,0.0134,0.0029,-0.0092,-0.0126,0.0037,0.008199999999999999,0.0002
2025-01-06,0.0067390710823393984,0.006539071082339399,0.0055000000000000005,-0.0062,-0.0032,-0.004,0.0055000000000000005,0.0,0.0002
2025-01-07,-0.01138774926149444,-0.01158774926149444,-0.0118,0.0013,0.008199999999999999,0.0021,-0.0106,-0.0158,0.0002
2025-01-08,0.002022956751811744,0.001822956751811744,0.001,-0.005699999999999999,-0.0009,0.0077,0.0,0.0074,0.0002
2025-01-10,-0.024103807037823,-0.024303807037823,-0.0155,-0.008100000000000001,-0.0018,0.0116,-0.0051,-0.0042,0.0002
2025-01-13,-0.010344139737610392,-0.010544139737610392,0.0012,-0.0019,0.011899999999999999,0.0076,-0.0025,-0.0095,0.0002
2025-01-14,-0.004778125129295097,-0.004978125129295096,0.0017000000000000001,0.0078000000000000005,0.0167,0.0042,-0.0031,0.0078000000000000005,0.0002
2025-01-15,0.01967599348798177,0.01947599348798177,0.0191,0.0027,0.0014000000000000002,-0.0058,-0.0027,0.016,0.0002
2025-01-16,-0.040400254989198636,-0.040600254989198635,-0.0019,0.0016,0.0018,-0.0039000000000000003,-0.0027,-0.0052,0.0002
2025-01-17,0.007535281019319884,0.007335281019319884,0.0096,-0.0058,0.0012,-0.0016,0.0009,0.008,0.0002
2025-01-21,-0.03191578373335435,-0.03211578373335435,0.0096,0.0097,-0.0101,-0.009000000000000001,0.0033,0.0034999999999999996,0.0002
2025-01-22,0.005344816017217369,0.005144816017217369,0.0054,-0.0098,-0.0121,0.0005,0.0037,0.0073,0.0002
2025-01-23,-0.0007594465955231833,-0.0009594465955231833,0.0048,-0.0002,-0.0027,-0.0043,0.0029,-0.0051,0.0002
2025-01-24,-0.003934463134585453,-0.004134463134585453,-0.0027,0.0006,0.0068000000000000005,0.0005,-0.006,0.0002,0.0002
2025-01-27,0.031780097318226064,0.031580097318226065,-0.0149,0.003,0.0245,-0.0014000000000000002,-0.0173,-0.0329,0.0002
2025-01-28,0.03654410787792717,0.03634410787792717,0.0092,-0.0053,-0.016399999999999998,-0.0058,0.0049,0.0187,0.0002
2025-01-29,0.004616791173381651,0.004416791173381652,-0.0042,0.0023,0.0052,0.0040999999999999995,-0.0052,0.0019,0.0002
2025-01-30,-0.007394656073237416,-0.007594656073237415,0.0058,0.0034999999999999996,-0.0001,-0.0029,0.0008,0.0060999999999999995,0.0002
2025-01-31,-0.006692297844612116,-0.006892297844612116,-0.0053,-0.0038,-0.0018,-0.0039000000000000003,-0.0069,0.005,0.0002
2025-02-03,-0.033855931828092656,-0.034055931828092655,-0.008199999999999999,-0.0069,-0.0025,-0.0022,-0.0040999999999999995,0.0021,0.0002
2025-02-04,0.0210079349094221,0.0208079349094221,0.0077,0.0079,-0.0013,-0.0032,-0.0033,0.0048,0.0002
2025-02-05,-0.0014175214257263757,-0.0016175214257263758,0.0039000000000000003,0.0049,0.003,-0.0038,0.0129,0.0033,0.0002
2025-02-06,0.0032260986328287444,0.0030260986328287443,0.0029,-0.0055000000000000005,0.0058,0.0033,0.0034999999999999996,0.011000000000000001,0.0002
2025-02-07,-0.023968732161316564,-0.024168732161316563,-0.0098,-0.0039000000000000003,0.0001,-0.006,0.0015,0.0,0.0002
2025-02-10,0.0011874024339522116,0.0009874024339522115,0.0066,-0.001,-0.0109,-0.0009,0.0028000000000000004,-0.0034999999999999996,0.0002
2025-02-11,0.02183170752005026,0.02163170752005026,-0.0014000000000000002,-0.0044,0.0126,0.0149,0.0018,-0.0066,0.0002
2025-02-12,0.01827018699047267,0.01807018699047267,-0.0031,-0.0066,-0.0060999999999999995,-0.009399999999999999,0.0004,0.0009,0.0002
2025-02-13,0.01967331608659073,0.019473316086590732,0.011000000000000001,0.0021,-0.0011,-0.0033,0.0037,0.0037,0.0002
2025-02-14,0.012710471921631106,0.012510471921631105,0.0002,-0.0018,0.0048,-0.0013,0.0075,0.0006,0.0002
2025-02-18,-0.0005313797438870616,-0.0007313797438870615,0.0025,-0.0006,0.0023,-0.0049,0.0017000000000000001,-0.0074,0.0002
2025-02-19,0.0016361205786892263,0.0014361205786892262,0.0009,-0.006,-0.0008,0.004699999999999999,0.0018,-0.0032,0.0002
2025-02-20,0.00392051359474177,0.00372051359474177,-0.0060999999999999995,-0.0053,-0.0017000000000000001,0.005600000000000001,0.0044,-0.0123,0.0002
2025-02-21,-0.0011389421346574835,-0.0013389421346574836,-0.019,-0.0086,0.0072,0.0059,0.0007000000000000001,-0.0134,0.0002
2025-02-24,0.006312308560903146,0.006112308560903146,-0.005699999999999999,-0.0051,0.0118,0.0078000000000000005,-0.0009,-0.012,0.0002
2025-02-25,-0.00024287122624622182,-0.0004428712262462218,-0.0058,0.0015,0.0067,0.0149,-0.0015,-0.0049,0.0002
2025-02-26,-0.027040141594328326,-0.027240141594328325,0.0002,-0.001,-0.0031,-0.0097,0.0053,0.0146,0.0002
2025-02-27,-0.012730890059846955,-0.012930890059846956,-0.0165,-0.0022,0.021400000000000002,0.0028000000000000004,-0.0098,-0.0070999999999999995,0.0002
2025-02-28,0.019131994041130085,0.018931994041130086,0.0159,-0.008100000000000001,0.0013,-0.004699999999999999,0.0034999999999999996,0.014499999999999999,0.0002
2025-03-03,-0.015754296282875613,-0.01595429628287561,-0.0192,-0.009300000000000001,0.0104,0.0043,-0.0087,-0.0026,0.0002
2025-03-04,-0.008822400114137041,-0.009022400114137042,-0.0127,0.0034999999999999996,-0.0209,-0.0022,0.0024,-0.0079,0.0002
2025-03-05,-0.0008052767851814968,-0.001005276785181497,0.0116,0.0015,-0.008199999999999999,-0.0070999999999999995,-0.0023,-0.0032,0.0002
2025-03-06,-0.0017392366739927834,-0.0019392366739927835,-0.0192,0.0040999999999999995,0.009000000000000001,0.0154,-0.0013,-0.0264,0.0002
2025-03-07,0.015892623751117663,0.015692623751117664,0.004699999999999999,-0.0008,-0.0036,0.005600000000000001,0.0072,-0.0111,0.0002
2025-03-10,-0.04847965693103984,-0.04867965693103984,-0.028999999999999998,-0.0019,0.0064,0.0158,0.003,-0.0217,0.0002
2025-03-11,-0.029189257846666816,-0.029389257846666815,-0.0063,0.008,-0.0011,-0.0118,-0.0044,0.016,0.0002
2025-03-12,-0.017478750557457845,-0.017678750557457844,0.0051,-0.0042,-0.0028000000000000004,-0.0141,0.0052,0.0194,0.0002
2025-03-13,-0.03364364095788941,-0.03384364095788941,-0.0149,-0.006500000000000001,0.0139,0.0008,0.006999999999999999,-0.0037,0.0002
2025-03-14,0.018170490476207224,0.017970490476207225,0.022099999999999998,0.0021,0.0011,-0.0072,0.001,0.008100000000000001,0.0002
2025-03-17,0.0023888680861419154,0.0021888680861419153,0.0072,0.0032,0.0015,-0.0055000000000000005,0.0004,-0.008100000000000001,0.0002
2025-03-18,-0.006121471833495873,-0.0063214718334958725,-0.0113,0.001,0.0101,0.0037,-0.0017000000000000001,-0.0074,0.0002
2025-03-19,0.01198926693711777,0.01178926693711777,0.012,0.0045000000000000005,-0.0038,-0.0002,-0.0043,0.0141,0.0002
2025-03-20,-0.005296319417141704,-0.0054963194171417035,-0.0024,-0.0040999999999999995,0.0024,-0.0013,0.0019,0.0022,0.0002
2025-03-21,0.019476844222606093,0.019276844222606095,0.0008,-0.0045000000000000005,-0.0070999999999999995,-0.0007000000000000001,-0.003,0.0063,0.0002
2025-03-24,0.01127044431081825,0.01107044431081825,0.019299999999999998,0.005600000000000001,-0.0039000000000000003,-0.0055000000000000005,-0.0040999999999999995,0.0077,0.0002
2025-03-25,0.013681886692452627,0.013481886692452627,0.0012,-0.0089,0.0005,0.0016,-0.0068000000000000005,0.0087,0.0002
2025-03-26,-0.009921751959082847,-0.010121751959082848,-0.012199999999999999,0.0009,0.015,0.0111,-0.0013,-0.009899999999999999,0.0002
2025-03-27,0.01047261781972253,0.010272617819722529,-0.0042,0.0023,0.003,0.0029,-0.0014000000000000002,-0.0048,0.0002
2025-03-28,-0.026580404734991903,-0.0267804047349919,-0.0207,-0.0032,0.0039000000000000003,0.0036,0.0074,0.0023,0.0002
2025-03-31,0.019412603230494874,0.019212603230494875,0.0039000000000000003,-0.0085,0.0036,0.0118,-0.0011,0.0069,0.0002
2025-04-01,0.004772015712181776,0.004572015712181777,0.004,-0.0043,0.0004,0.0067,-0.0038,0.0075,0.0002
2025-04-02,0.0031363578613554655,0.0029363578613554654,0.008100000000000001,0.008199999999999999,-0.0012,-0.006,-0.0040999999999999995,-0.0033,0.0002
2025-04-03,-0.09245617444452014,-0.09265617444452015,-0.0513,-0.0163,-0.005,0.0004,-0.0058,0.016,0.0002
2025-04-04,-0.07288738713042187,-0.07308738713042187,-0.0592,0.019799999999999998,-0.0026,0.0128,-0.0018,-0.0034000000000000002,0.0002
2025-04-07,-0.036734280065990776,-0.036934280065990775,-0.0023,-0.0073,-0.0022,-0.006500000000000001,0.0018,0.008199999999999999,0.0002
2025-04-08,-0.04981816434315467,-0.05001816434315467,-0.0167,-0.011899999999999999,0.0095,0.0016,-0.003,0.0207,0.0002
2025-04-09,0.1532885035937399,0.1530885035937399,0.0965,-0.0067,-0.03,-0.0066,0.005600000000000001,-0.021,0.0002
2025-04-10,-0.04239375215021912,-0.04259375215021912,-0.0354,-0.0072,-0.0014000000000000002,0.0063,-0.0053,0.0155,0.0002
2025-04-11,0.040594442814472664,0.040394442814472666,0.0176,-0.0037,-0.0096,-0.0007000000000000001,0.0002,-0.0034000000000000002,0.0002
2025-04-14,0.02205403401817052,0.021854034018170522,0.0079,0.0017000000000000001,0.0036,-0.0064,0.0009,0.004699999999999999,0.0002
2025-04-15,-0.0018764761244509653,-0.0020764761244509654,-0.0014000000000000002,0.0012,0.0045000000000000005,-0.0087,0.0038,0.0138,0.0002
2025-04-16,-0.03893339000256868,-0.03913339000256868,-0.0222,0.011200000000000002,0.0129,0.0006,-0.0068000000000000005,-0.0027,0.0002
2025-04-17,0.013949670799717984,0.013749670799717983,0.0022,0.0058,0.0075,0.0052,-0.0028000000000000004,-0.0088,0.0002
2025-04-21,-0.019392668828413617,-0.019592668828413616,-0.024,0.0019,0.0067,-0.0014000000000000002,0.0013,-0.012,0.0002
2025-04-22,0.03406496290719052,0.03386496290719052,0.0256,0.0014000000000000002,0.0025,-0.0026,-0.0025,0.004699999999999999,0.0002
2025-04-23,0.024331561715059236,0.024131561715059237,0.0175,-0.0014000000000000002,-0.006500000000000001,-0.0109,0.0004,0.0087,0.0002
2025-04-24,0.018426247586048383,0.018226247586048384,0.021400000000000002,-0.0001,-0.009000000000000001,-0.011899999999999999,0.0007000000000000001,-0.0032,0.0002
2025-04-25,0.004367143946655272,0.004167143946655272,0.0064,-0.004699999999999999,-0.0113,0.0001,-0.0015,0.0046,0.0002
2025-04-28,0.004109296910126625,0.003909296910126626,0.0008,0.0032,0.0013,-0.0003,-0.0017000000000000001,0.0012,0.0002
2025-04-29,0.005092001524013234,0.004892001524013235,0.0058,-0.0006,-0.0003,-0.0032,-0.0013,0.005699999999999999,0.0002
2025-04-30,0.006107619535950626,0.005907619535950626,0.0003,-0.0086,-0.006,-0.0003,0.0009,0.0013,0.0002
2025-05-01,0.003858967814071246,0.0036589678140712457,0.0059,0.0025,-0.0031,0.008199999999999999,-0.0034000000000000002,0.0059,0.0002
2025-05-02,-0.03736185629045474,-0.03756185629045474,0.015600000000000001,0.0072,0.003,-0.002,0.0002,-0.0015,0.0002
2025-05-05,-0.03145852416663597,-0.03165852416663597,-0.0066,-0.0015,-0.005,0.003,0.0008,0.0037,0.0002
2025-05-06,-0.0019106471414049864,-0.0021106471414049865,-0.008100000000000001,-0.0034000000000000002,0.0060999999999999995,0.0138,0.002,0.0084,0.0002
2025-05-07,-0.011384745624156367,-0.011584745624156368,0.004,-0.0034999999999999996,-0.0007000000000000001,-0.0036,0.005699999999999999,-0.0034999999999999996,0.0002
2025-05-08,0.006318560792864414,0.006118560792864414,0.0074,0.0143,-0.0006,-0.009399999999999999,0.0006,-0.0159,0.0002
2025-05-09,0.00526595035520816,0.00506595035520816,-0.0009,-0.0015,0.005600000000000001,0.0040999999999999995,-0.0034000000000000002,-0.0029,0.0002
2025-05-12,0.06314620219863021,0.0629462021986302,0.0336,0.003,-0.013999999999999999,0.0022,0.0014000000000000002,-0.0326,0.0002
2025-05-13,0.010152395771626965,0.009952395771626965,0.0079,-0.003,-0.0012,-0.0025,0.005600000000000001,0.0019,0.0002
2025-05-14,-0.002818009511025177,-0.003018009511025177,0.0008,-0.008199999999999999,-0.0088,0.001,0.0026,0.0101,0.0002
2025-05-15,-0.0041444717473814174,-0.004344471747381417,0.003,0.0015,0.0043,0.0031,0.0068000000000000005,0.0044,0.0002
2025-05-16,-0.0008984888839645988,-0.001098488883964599,0.0074,0.0003,-0.0043,-0.0049,-0.0002,-0.0007000000000000001,0.0002
2025-05-19,-0.011739050474280921,-0.011939050474280921,0.0001,-0.0049,-0.0003,0.0016,0.0,0.0070999999999999995,0.0002
2025-05-20,-0.009196290316480504,-0.009396290316480505,-0.0037,0.004,-0.0012,-0.0046,0.0001,-0.0029,0.0002
2025-05-21,-0.02305906406303615,-0.02325906406303615,-0.0173,-0.0106,-0.0029,0.0072,-0.0045000000000000005,0.0137,0.0002
2025-05-22,-0.003612238958434544,-0.003812238958434544,-0.0001,0.0015,-0.0040999999999999995,-0.0033,0.0034000000000000002,-0.0032,0.0002
2025-05-23,-0.030244294900949598,-0.030444294900949596,-0.0067,0.0008,0.0037,-0.0033,-0.0002,0.0098,0.0002
2025-05-27,0.025298329580485834,0.025098329580485836,0.0207,0.0046,-0.0026,0.0012,0.0038,-0.0049,0.0002
2025-05-28,0.0010488706643525525,0.0008488706643525525,-0.0062,-0.0043,-0.0024,-0.0022,0.0025,0.0038,0.0002
2025-05-29,-0.0023452459731247988,-0.002545245973124799,0.0033,-0.0011,0.0032,0.0011,0.0070999999999999995,-0.0025,0.0002
2025-05-30,0.00450130182792674,0.004301301827926741,-0.0002,-0.0038,-0.0018,0.0012,-0.0076,0.013500000000000002,0.0002
2025-06-02,0.004232039234800755,0.0040320392348007555,0.0038,-0.004,-0.0060999999999999995,-0.0052,0.0006,0.0026,0.0002
2025-06-03,0.007783712895285122,0.007583712895285122,0.0066,0.0092,-0.0026,-0.0028000000000000004,0.0043,-0.0165,0.0002
2025-06-04,-0.0022137778157271804,-0.0024137778157271804,-0.0002,-0.0001,-0.0124,-0.0027,0.0022,-0.004699999999999999,0.0002
2025-06-05,-0.010797788552668885,-0.010997788552668886,-0.0051,0.004699999999999999,0.001,0.0009,-0.0009,0.0016,0.0002
2025-06-06,0.016398317341402402,0.016198317341402403,0.010700000000000001,0.0060999999999999995,0.0007000000000000001,-0.0043,0.0003,-0.0027,0.0002
2025-06-09,-0.01211256903382385,-0.01231256903382385,0.0011,0.0048,-0.0008,-0.0049,-0.0006,-0.0124,0.0002
2025-06-10,0.0060561427340823926,0.005856142734082393,0.005,-0.0011,0.0029,0.003,-0.0005,-0.015,0.0002
2025-06-11,-0.019193775052397055,-0.019393775052397054,-0.0032,-0.0022,0.0021,-0.0019,-0.0004,0.0055000000000000005,0.0002
2025-06-12,0.00211298670755955,0.0019129867075595498,0.003,-0.0075,-0.0002,0.0054,-0.0021,0.0024,0.0002
2025-06-13,-0.013805284967704279,-0.01400528496770428,-0.0115,-0.009899999999999999,0.0013,0.0026,-0.0086,0.0002,0.0002
2025-06-16,0.010028001292163191,0.00982800129216319,0.0097,0.0043,-0.0034000000000000002,-0.0054,0.0015,0.0007000000000000001,0.0002
2025-06-17,-0.014010701402074721,-0.014210701402074722,-0.0088,-0.0026,-0.0006,0.0043,-0.004,0.0060999999999999995,0.0002
2025-06-18,0.004804701392514543,0.0046047013925145435,0.0003,0.0034999999999999996,0.0039000000000000003,-0.0059,0.0039000000000000003,0.0025,0.0002
2025-06-20,0.022484574452693362,0.022284574452693363,-0.0022,-0.0004,0.0043,0.0,0.0039000000000000003,0.0028000000000000004,0.0002
2025-06-23,0.0024875322078592443,0.0022875322078592442,0.009300000000000001,0.0042,-0.0014000000000000002,-0.0011,-0.001,0.0129,0.0002
2025-06-24,-0.0059553394813630645,-0.006155339481363064,0.011699999999999999,0.0024,-0.004699999999999999,-0.010700000000000001,0.003,-0.0038,0.0002
2025-06-25,0.006290396696255751,0.0060903966962557515,-0.0007000000000000001,-0.011699999999999999,-0.0005,-0.0014000000000000002,0.0086,-0.0048,0.0002
2025-06-26,-0.0027781287533092947,-0.0029781287533092947,0.0088,0.0076,0.0033,-0.0038,-0.0003,0.0017000000000000001,0.0002
2025-06-27,0.00039803566576535054,0.00019803566576535053,0.0046,-0.0028000000000000004,-0.0001,0.006999999999999999,0.0015,0.0045000000000000005,0.0002
2025-06-30,0.020340085199727076,0.020140085199727077,0.0049,-0.0048,-0.0003,-0.0034999999999999996,0.0018,0.0046,0.0002
2025-07-01,0.012916187517131972,0.012716187517131971,-0.001,0.014499999999999999,0.0235,0.0087,0.015300000000000001,-0.0268,0.0002
2025-07-02,0.022230773907156554,0.022030773907156555,0.005600000000000001,0.0115,-0.0008,-0.0009,-0.0011,-0.0084,0.0002
2025-07-03,0.0052249993937427686,0.005024999393742769,0.0088,0.0011,-0.0031,-0.0042,-0.0033,0.0068000000000000005,0.0002
2025-07-07,-0.016857890770172856,-0.017057890770172855,-0.0084,-0.0079,-0.0024,0.001,0.0009,0.0098,0.0002
2025-07-08,0.0002856912501358888,8.56912501358888e-05,-0.0008,0.0102,0.0039000000000000003,-0.0031,0.0031,-0.0241,0.0002
2025-07-09,0.005380661014048549,0.005180661014048549,0.0063,0.0048,-0.008,-0.0062,-0.0060999999999999995,0.0016,0.0002
2025-07-10,0.0060150834579031365,0.005815083457903137,0.0025,0.0026,0.006500000000000001,0.0055000000000000005,0.006999999999999999,-0.0103,0.0002
2025-07-11,-0.005884918858686472,-0.006084918858686472,-0.0044,-0.0097,0.0036,0.004699999999999999,-0.0046,-0.0005,0.0002
2025-07-14,-0.012028736525215633,-0.012228736525215634,0.0021,0.002,-0.0034999999999999996,-0.0083,-0.0040999999999999995,0.016399999999999998,0.0002
2025-07-15,0.002348754553017862,0.002148754553017862,-0.0052,-0.0134,-0.015,0.0015,-0.0045000000000000005,0.008199999999999999,0.0002
2025-07-16,0.00502129368152282,0.004821293681522821,0.0038,0.0049,-0.0044,-0.0079,-0.0017000000000000001,0.0031,0.0002
2025-07-17,-0.0006660927422884599,-0.0008660927422884599,0.0059,0.0068000000000000005,0.0014000000000000002,-0.0037,-0.0012,-0.003,0.0002
2025-07-18,0.0055231291161197404,0.005323129116119741,-0.0002,-0.008100000000000001,0.0029,-0.0009,0.0007000000000000001,0.009899999999999999,0.0002
2025-07-21,0.006155885100793457,0.005955885100793457,0.0005,-0.0012,0.0023,0.0022,0.0,-0.002,0.0002
2025-07-22,0.00903629650534632,0.008836296505346319,0.0008,0.01,0.011200000000000002,0.0012,0.009000000000000001,-0.0302,0.0002
2025-07-23,-0.0011661737108960013,-0.0013661737108960014,0.0077,0.008199999999999999,-0.0040999999999999995,0.0008,-0.0007000000000000001,-0.0046,0.0002
2025-07-24,-0.0018211459415494735,-0.0020211459415494736,-0.0003,-0.0141,-0.0067,0.0026,-0.0068000000000000005,0.006,0.0002
2025-07-25,0.0005614135657658892,0.0003614135657658892,0.004,-0.0012,-0.0007000000000000001,-0.0007000000000000001,0.0015,-0.0007000000000000001,0.0002
2025-07-28,0.000794871701126576,0.000594871701126576,0.0004,-0.0004,-0.0037,0.0029,-0.005699999999999999,0.0017000000000000001,0.0002
2025-07-29,-0.012987635336218717,-0.013187635336218717,-0.0037,-0.009300000000000001,0.0009,0.0019,-0.0004,0.0063,0.0002
2025-07-30,-0.010507943315991919,-0.01070794331599192,-0.0011,-0.0072,-0.0086,-0.004,-0.0087,0.0151,0.0002
2025-07-31,-0.007079590717716688,-0.007279590717716688,-0.0034000000000000002,-0.0042,-0.0077,0.0040999999999999995,-0.008199999999999999,0.0241,0.0002
2025-08-01,-0.025003623167530353,-0.025203623167530352,-0.0174,-0.005,-0.001,0.0019,0.003,-0.0029,0.0002
2025-08-04,0.0047931031922554546,0.004593103192255455,0.015300000000000001,0.0064,-0.0105,-0.0040999999999999995,-0.003,0.0067,0.0002
2025-08-05,-0.002114811461481847,-0.002314811461481847,-0.0042,0.008199999999999999,0.0059,-0.0033,0.0017000000000000001,-0.0062,0.0002
2025-08-06,0.05090686533782662,0.050706865337826625,0.0070999999999999995,-0.0049,-0.0064,0.0044,-0.0062,0.014199999999999999,0.0002
2025-08-07,0.03179367590592452,0.031593675905924525,-0.0014000000000000002,-0.0036,0.0019,0.0007000000000000001,0.011000000000000001,-0.005699999999999999,0.0002
2025-08-08,0.04235788102306204,0.04215788102306204,0.0069,-0.004,0.001,0.0091,-0.0028000000000000004,0.005600000000000001,0.0002
2025-08-11,-0.008337463123530675,-0.008537463123530676,-0.0024,0.0017000000000000001,0.0002,0.0021,-0.0011,0.006,0.0002
2025-08-12,0.010872425923938556,0.010672425923938555,0.0125,0.0167,0.0086,-0.0012,-0.0003,-0.0038,0.0002
2025-08-13,0.016024528257846837,0.01582452825784684,0.0039000000000000003,0.0183,0.0040999999999999995,-0.0079,0.009000000000000001,-0.0263,0.0002
2025-08-14,-0.0023571671382598414,-0.0025571671382598415,-0.0009,-0.0105,0.005600000000000001,0.0032,-0.0039000000000000003,0.0022,0.0002
2025-08-15,-0.005112200706281378,-0.0053122007062813776,-0.0028000000000000004,-0.0014000000000000002,-0.0073,-0.0037,0.0018,-0.0132,0.0002
2025-08-18,-0.003022625283013558,-0.003222625283013558,0.0003,0.0032,0.0004,-0.0019,-0.0003,0.001,0.0002
2025-08-19,-0.0014291668910864086,-0.0016291668910864087,-0.006999999999999999,-0.0021,0.0159,0.011000000000000001,0.0111,-0.0192,0.0002
2025-08-20,-0.01973466840525373,-0.01993466840525373,-0.0028000000000000004,-0.0025,0.0017000000000000001,-0.0029,0.0014000000000000002,0.0088,0.0002
2025-08-21,-0.004911204146943904,-0.0051112041469439035,-0.0038,0.004,-0.0016,-0.0033,-0.0016,0.001,0.0002
2025-08-22,0.012716753873613929,0.012516753873613928,0.017,0.022400000000000003,0.0118,-0.006,0.0019,-0.008100000000000001,0.0002
2025-08-25,-0.0026342927136550065,-0.0028342927136550066,-0.0048,-0.0051,0.0046,0.0046,-0.0003,0.0072,0.0002
2025-08-26,0.00946457099769904,0.00926457099769904,0.0043,0.0024,0.0012,-0.004699999999999999,-0.0046,0.011399999999999999,0.0002
2025-08-27,0.005146015261057624,0.004946015261057624,0.0024,0.0045000000000000005,0.0032,0.0002,0.0012,-0.0053,0.0002
2025-08-28,0.008980783797791325,0.008780783797791325,0.0034999999999999996,-0.0033,-0.0054,-0.0059,-0.0046,0.0074,0.0002
2025-08-29,-0.0018059976322623017,-0.002005997632262302,-0.0068000000000000005,0.0023,0.0085,0.0005,0.0055000000000000005,-0.012,0.0002
2025-09-02,-0.010424716156024028,-0.010624716156024028,-0.0060999999999999995,-0.0003,0.0008,-0.001,0.001,-0.0014000000000000002,0.0002
2025-09-03,0.038089880464190706,0.03788988046419071,0.0044,-0.0033,-0.0052,0.0052,-0.0032,0.006,0.0002
2025-09-04,0.005493341019489506,0.005293341019489506,0.0087,0.0033,0.0036,0.0069,0.0003,0.0025,0.0002
2025-09-05,-0.00037543780851623243,-0.0005754378085162324,-0.0022,0.0068000000000000005,-0.0055000000000000005,-0.0062,0.0025,-0.0104,0.0002
2025-09-08,-0.0075513833095535166,-0.007751383309553516,0.0026,-0.0012,-0.006,-0.0045000000000000005,-0.001,0.0092,0.0002
2025-09-09,-0.014839437773876418,-0.015039437773876419,0.0021,-0.0079,-0.0017000000000000001,-0.0034999999999999996,-0.0051,0.0067,0.0002
2025-09-10,-0.03225939684623469,-0.03245939684623469,0.0036,-0.0076,0.0036,0.0066,-0.0053,0.013000000000000001,0.0002
2025-09-11,0.014286401163462914,0.014086401163462913,0.0087,0.008199999999999999,0.0007000000000000001,-0.0004,0.0072,-0.006500000000000001,0.0002
2025-09-12,0.017562925755691072,0.017362925755691073,-0.0016,-0.0111,0.0004,-0.0003,-0.0064,0.012,0.0002
2025-09-15,0.011235933001189746,0.011035933001189746,0.0051,-0.0008,-0.0068000000000000005,0.0012,-0.0049,0.0103,0.0002
2025-09-16,0.006125867664642737,0.005925867664642737,-0.0009,0.0002,-0.001,-0.0017000000000000001,0.0008,-0.008100000000000001,0.0002
2025-09-17,0.0035272766349128126,0.0033272766349128125,-0.001,-0.0016,0.005699999999999999,-0.0044,0.0032,0.0016,0.0002
2025-09-18,-0.004644658831388204,-0.004844658831388204,0.0060999999999999995,0.014499999999999999,0.0052,-0.015600000000000001,-0.0019,0.003,0.0002
2025-09-19,0.032032998017618386,0.03183299801761839,0.0038,-0.0147,-0.0076,0.001,-0.0036,0.0139,0.0002
2025-09-22,0.043095660015793014,0.042895660015793015,0.0043,0.0045000000000000005,-0.0111,-0.001,-0.0054,0.0015,0.0002
2025-09-23,-0.006443333804605711,-0.006643333804605711,-0.0060999999999999995,-0.0008,0.0085,0.0002,0.0036,-0.0027,0.0002
2025-09-24,-0.008332232284984809,-0.008532232284984809,-0.0034000000000000002,-0.0016,0.0098,0.0002,-0.0003,-0.0062,0.0002
2025-09-25,0.01807292613835698,0.017872926138356983,-0.0058,-0.0059,0.0059,0.0036,-0.0001,0.0083,0.0002
2025-09-26,-0.005489118202509746,-0.005689118202509746,0.006,0.004,0.0045000000000000005,-0.0029,-0.0015,-0.0054,0.0002
2025-09-29,-0.004032023577640764,-0.004232023577640764,0.0025,-0.0031,-0.0075,-0.009000000000000001,-0.0036,0.0016,0.0002
2025-09-30,0.000786193666328483,0.000586193666328483,0.0029,-0.0028000000000000004,-0.0055000000000000005,0.004,0.0022,-0.0066,0.0002
2025-10-01,0.0032203746225192287,0.0030203746225192286,0.0033,-0.0004,-0.0007000000000000001,-0.0012,0.0017000000000000001,-0.0203,0.0002
2025-10-02,0.006576553167655819,0.006376553167655819,0.001,0.0025,-0.0052,-0.0077,-0.0021,-0.0013,0.0002
2025-10-03,0.003461262002619314,0.003261262002619314,0.0003,0.0068000000000000005,0.0054,-0.0033,0.0013,-0.0108,0.0002
2025-10-06,-0.005154574923412314,-0.005354574923412314,0.0039000000000000003,-0.0043,-0.0039000000000000003,-0.016200000000000003,-0.0088,0.0046,0.0002
2025-10-07,-0.0008181128954031225,-0.0010181128954031226,-0.0051,-0.0073,0.001,0.0021,-0.0004,0.0008,0.0002
2025-10-08,0.006160396746580643,0.005960396746580643,0.0066,0.0053,-0.0095,-0.011000000000000001,-0.005600000000000001,-0.0004,0.0002
2025-10-09,-0.01557788384056047,-0.015777883840560468,-0.0029,-0.0022,-0.0040999999999999995,-0.0052,-0.0068000000000000005,0.003,0.0002
2025-10-10,-0.034522098610332286,-0.034722098610332285,-0.0278,-0.0053,-0.0013,0.0072,0.0018,0.0009,0.0002
2025-10-13,0.009744389834039024,0.009544389834039024,0.016399999999999998,0.0055000000000000005,-0.0021,-0.005600000000000001,-0.0034000000000000002,0.0101,0.0002
2025-10-14,0.00044413082231420375,0.00024413082231420375,-0.0006,0.0134,0.0152,-0.0031,0.0070999999999999995,-0.004,0.0002
2025-10-15,0.0063365317531554055,0.006136531753155406,0.0042,0.0033,-0.0042,-0.009399999999999999,-0.0005,0.0017000000000000001,0.0002
2025-10-16,-0.007580000400476461,-0.007780000400476461,-0.0073,-0.0092,-0.0148,0.0091,-0.0004,-0.008199999999999999,0.0002
2025-10-17,0.01955945458120567,0.019359454581205672,0.0038,-0.0091,0.0073,0.005699999999999999,0.0006,-0.0021,0.0002
2025-10-20,0.0394388469774436,0.0392388469774436,0.011000000000000001,0.009300000000000001,0.0051,-0.0147,0.0002,-0.001,0.0002
2025-10-21,0.002021034975947522,0.001821034975947522,-0.0001,-0.0021,-0.0004,0.005,0.0076,-0.0129,0.0002
2025-10-22,-0.016440142034546246,-0.016640142034546244,-0.0067,-0.0033,0.004699999999999999,0.0118,0.0007000000000000001,-0.0018,0.0002
2025-10-23,0.00437203311509915,0.00417203311509915,0.0066,0.0028000000000000004,-0.0023,-0.0039000000000000003,0.0016,0.0066,0.0002
2025-10-24,0.01248175137693619,0.01228175137693619,0.0079,0.0024,0.003,-0.0067,-0.005,0.0095,0.0002
2025-10-27,0.022791388270230195,0.022591388270230196,0.0118,-0.009000000000000001,-0.0111,-0.0038,-0.011899999999999999,0.005,0.0002
2025-10-28,0.0007068181458209644,0.0005068181458209644,0.0018,-0.0039000000000000003,-0.0054,0.0053,-0.0101,0.0077,0.0002
2025-10-29,0.0026020957050163496,0.0024020957050163495,-0.0009,-0.0105,-0.0072,0.0017000000000000001,-0.013600000000000001,0.0194,0.0002
2025-10-30,0.0063033475055775945,0.006103347505577595,-0.011000000000000001,0.0004,0.0062,-0.0019,0.0042,-0.0003,0.0002
2025-10-31,-0.0037951561451632365,-0.003995156145163236,0.004,-0.0007000000000000001,-0.0025,-0.0129,0.0018,-0.0046,0.0002
2025-11-03,-0.004882360444995348,-0.005082360444995348,0.0012,-0.0044,0.0053,-0.0001,-0.0058,0.0085,0.0002
2025-11-04,0.003679849978061922,0.003479849978061922,-0.0126,-0.0051,0.008100000000000001,0.0128,0.0070999999999999995,-0.0060999999999999995,0.0002
2025-11-05,0.00037034495392229694,0.00017034495392229693,0.0042,0.009899999999999999,-0.0017000000000000001,-0.0034000000000000002,0.009000000000000001,0.0011,0.0002
2025-11-06,-0.0013698257358518706,-0.0015698257358518707,-0.0121,-0.008199999999999999,0.0148,0.009899999999999999,0.0049,-0.004699999999999999,0.0002
2025-11-07,-0.004818963020289169,-0.005018963020289168,0.0013,0.0013,0.0068000000000000005,-0.0006,0.0023,-0.0059,0.0002
2025-11-10,0.004548738842788724,0.004348738842788725,0.0151,-0.0021,-0.0085,-0.0059,-0.0108,0.0168,0.0002
2025-11-11,0.021601151019521758,0.02140115101952176,0.0018,0.0028000000000000004,0.0019,0.0012,0.0060999999999999995,-0.0108,0.0002
2025-11-12,-0.006466769865795197,-0.006666769865795196,0.0003,-0.003,0.0033,0.0006,0.0024,-0.0017000000000000001,0.0002
2025-11-13,-0.0019014763772919885,-0.0021014763772919886,-0.0179,-0.0027,0.0077,0.0152,0.0063,-0.015,0.0002
2025-11-14,-0.001978531453862953,-0.002178531453862953,-0.0005,0.0021,-0.0039000000000000003,-0.0054,-0.01,0.009399999999999999,0.0002
2025-11-17,-0.01817110773537789,-0.018371107735377888,-0.0103,-0.0095,-0.0083,0.0022,-0.0054,0.0098,0.0002
2025-11-18,-7.471106952616768e-05,-0.00027471106952616767,-0.0076,0.0074,0.009300000000000001,-0.0048,0.0069,-0.0031,0.0002
2025-11-19,0.004187793953672303,0.003987793953672303,0.0034000000000000002,-0.0046,-0.005,0.0048,-0.0062,0.011899999999999999,0.0002
2025-11-20,-0.008601361510023886,-0.008801361510023887,-0.0158,0.0025,0.0042,0.0115,0.0025,-0.0127,0.0002
2025-11-21,0.01968061086817685,0.019480610868176852,0.0103,0.0184,0.0072,0.0006,0.0095,-0.0166,0.0002
2025-11-24,0.016317453246910363,0.016117453246910364,0.0161,0.0004,-0.0097,-0.0109,-0.015600000000000001,0.0235,0.0002
2025-11-25,0.003805561683004388,0.003605561683004388,0.0104,0.015700000000000002,0.0005,-0.0012,0.0036,-0.0101,0.0002
2025-11-26,0.002093995691360595,0.001893995691360595,0.0069,-0.0001,-0.0007000000000000001,-0.0034999999999999996,-0.0006,0.0049,0.0002
2025-11-28,0.00468386682792965,0.004483866827929651,0.0054,-0.0034999999999999996,0.0036,-0.0073,-0.0001,0.0017000000000000001,0.0002
2025-12-01,0.01524117335723596,0.01504117335723596,-0.0053,-0.0028000000000000004,0.0051,0.008100000000000001,0.0013,-0.0085,0.0002
2025-12-02,0.010914842545035386,0.010714842545035385,0.0021,-0.0055000000000000005,0.0018,0.0015,0.0007000000000000001,0.0013,0.0002
2025-12-03,-0.007128103890149506,-0.007328103890149506,0.0044,0.013000000000000001,0.0011,-0.011399999999999999,0.0007000000000000001,-0.0104,0.0002
2025-12-04,-0.012141504532966252,-0.012341504532966252,0.0014000000000000002,0.0019,-0.0076,-0.005600000000000001,-0.0058,0.0064,0.0002
2025-12-05,-0.006840067419534801,-0.007040067419534801,0.0018,-0.0034000000000000002,0.0003,-0.0013,-0.0036,-0.0026,0.0002
2025-12-08,-0.003192442810390217,-0.003392442810390217,-0.0037,0.0024,-0.0001,-0.0074,-0.0039000000000000003,0.006999999999999999,0.0002
2025-12-09,-0.0025550641485947434,-0.0027550641485947435,-0.0007000000000000001,0.0054,0.0023,0.0006,0.0008,-0.0016,0.0002
2025-12-10,0.005772480348263054,0.005572480348263054,0.0068000000000000005,0.0087,0.014499999999999999,0.0008,0.0069,-0.0138,0.0002
2025-12-11,-0.0026902620286017864,-0.0028902620286017865,0.0022,0.0060999999999999995,0.0022,-0.0009,0.0006,-0.0046,0.0002
2025-12-12,0.0008992097080309236,0.0006992097080309236,-0.0111,-0.0013,0.0091,0.0066,0.0076,-0.0103,0.0002
2025-12-15,-0.014985057058964357,-0.015185057058964358,-0.0026,-0.0063,0.0092,0.0095,0.0051,0.0067,0.0002
2025-12-16,0.0018241385327160131,0.001624138532716013,-0.0025,0.0005,-0.0085,-0.002,-0.0039000000000000003,0.0,0.0002
2025-12-17,-0.010087037063657212,-0.010287037063657212,-0.0116,0.0019,0.0129,0.0067,0.009899999999999999,-0.014199999999999999,0.0002
2025-12-18,0.0012876722074433022,0.0010876722074433022,0.008,-0.0014000000000000002,-0.008100000000000001,-0.0039000000000000003,-0.0043,0.0083,0.0002
2025-12-19,0.005437378743868182,0.005237378743868182,0.009000000000000001,-0.0052,-0.0102,-0.009300000000000001,-0.0069,0.0191,0.0002
2025-12-22,-0.009865959632689436,-0.010065959632689437,0.0069,0.0012,-0.0028000000000000004,-0.0066,-0.0032,0.0068000000000000005,0.0002
2025-12-23,0.005129732868573544,0.004929732868573545,0.0032,-0.009000000000000001,-0.0019,0.0068000000000000005,-0.0042,0.008199999999999999,0.0002
2025-12-24,0.005323766193815027,0.0051237661938150275,0.0029,0.0007000000000000001,0.0001,-0.0004,0.0023,-0.0023,0.0002
2025-12-26,-0.0014973429371301084,-0.0016973429371301084,-0.0006,-0.0021,0.0009,0.005699999999999999,0.0023,-0.002,0.0002
2025-12-29,0.0013168127155420706,0.0011168127155420705,-0.0040999999999999995,-0.0015,0.0006,0.0033,0.0002,-0.0017000000000000001,0.0002
2025-12-30,-0.0024839549498967273,-0.0026839549498967274,-0.002,-0.0051,0.0031,0.0032,0.0013,-0.003,0.0002
2025-12-31,-0.004467617922242262,-0.0046676179222422615,-0.0076,0.0006,-0.0009,-0.0007000000000000001,-0.0005,0.0016,0.0002
2026-01-02,-0.0031265878039100636,-0.0033265878039100637,0.0025,0.0004,0.0087,-0.003,0.0043,0.010700000000000001,0.0002
2026-01-05,-0.013837078913669698,-0.014037078913669699,0.0075,0.0048,0.0004,-0.006,0.0012,-0.0037,0.0002
2026-01-06,-0.018334281183122636,-0.018534281183122635,0.0063,0.0074,-0.0008,-0.0031,0.0019,-0.0060999999999999995,0.0002
2026-01-07,-0.0077375221244099235,-0.007937522124409924,-0.0031,0.0018,-0.0088,-0.0051,-0.006999999999999999,0.0104,0.0002
2026-01-08,-0.004955135191556992,-0.0051551351915569915,0.0003,0.012,0.013300000000000001,0.0116,0.0063,-0.0144,0.0002
2026-01-09,0.0012739243260126987,0.0010739243260126986,0.0067,0.0014000000000000002,-0.0046,-0.0006,-0.002,0.0029,0.0002
2026-01-12,0.0033928880074423073,0.0031928880074423073,0.0018,0.0023,-0.0068000000000000005,-0.0016,-0.0005,0.0053,0.0002
2026-01-13,0.003073939033640505,0.0028739390336405047,-0.0021,-0.0015,0.0052,-0.0025,0.0032,0.0102,0.0002
2026-01-14,-0.004175543256686898,-0.004375543256686897,-0.0051,0.0113,0.0049,-0.006,0.0049,-0.0032,0.0002
2026-01-15,-0.006731765829002034,-0.006931765829002034,0.0026,0.0049,0.0067,0.0048,0.0034999999999999996,0.0049,0.0002
2026-01-16,-0.010379107417738509,-0.01057910741773851,-0.0012,-0.0014000000000000002,-0.0027,0.0001,-0.0046,0.006500000000000001,0.0002
2026-01-20,-0.03455562870506512,-0.03475562870506512,-0.020499999999999997,0.0043,0.0046,-0.006,0.0019,0.0028000000000000004,0.0002
2026-01-21,0.0038508189393806624,0.0036508189393806624,0.011899999999999999,0.0102,0.0138,-0.0028000000000000004,0.0073,-0.0036,0.0002
2026-01-22,0.002826590224981107,0.002626590224981107,0.006,0.0040999999999999995,-0.0034000000000000002,-0.0091,-0.0034999999999999996,-0.0052,0.0002
2026-01-23,-0.0012482993138605014,-0.0014482993138605015,-0.0013,-0.0127,-0.0149,0.0101,-0.0045000000000000005,-0.0042,0.0002
2026-01-26,0.029713001117360305,0.029513001117360306,0.004,-0.006999999999999999,-0.0021,0.006500000000000001,0.0008,0.004699999999999999,0.0002
2026-01-27,0.011197552619307993,0.010997552619307993,0.0034000000000000002,-0.0014000000000000002,0.0028000000000000004,-0.0015,-0.005,0.0254,0.0002
2026-01-28,-0.007085412268719393,-0.007285412268719393,-0.001,-0.008199999999999999,0.0039000000000000003,0.0018,-0.0043,0.0046,0.0002
2026-01-29,0.007175113386098886,0.006975113386098886,-0.0026,0.004,0.0138,0.0131,0.0058,0.0134,0.0002
2026-01-30,0.0046461370951069725,0.004446137095106973,-0.0055000000000000005,-0.004699999999999999,0.0034000000000000002,0.0169,0.0077,-0.011399999999999999,0.0002
2026-02-02,0.040581232988504023,0.04048123298850402,0.0054,0.0074,0.0029,0.0025,0.0031,0.0070999999999999995,0.0001
2026-02-03,-0.0019629018353019,-0.0020629018353019,-0.0077,0.004699999999999999,0.019799999999999998,-0.0043,0.008199999999999999,0.021099999999999997,0.0001
2026-02-04,0.026012817340576033,0.025912817340576034,-0.005600000000000001,0.0018,0.0217,0.024700000000000003,0.0236,-0.036000000000000004,0.0001
2026-02-05,-0.002097520770734884,-0.002197520770734884,-0.013300000000000001,-0.0059,0.009300000000000001,0.0176,0.0076,0.0039000000000000003,0.0001
2026-02-06,0.008009669408572728,0.007909669408572729,0.0209,0.0089,-0.0029,-0.0163,-0.0002,0.0151,0.0001
2026-02-09,-0.011660418612306933,-0.011760418612306933,0.0052,-0.0024,-0.0073,-0.0086,-0.005,0.011899999999999999,0.0001
2026-02-10,-0.003423017398520134,-0.003523017398520134,-0.0036,0.0011,-0.0005,-0.0019,0.0033,-0.0085,0.0001
2026-02-11,0.0066501563343039916,0.006550156334303991,-0.0012,-0.0042,0.0058,0.009000000000000001,0.0040999999999999995,0.0086,0.0001
2026-02-12,-0.04998167896983208,-0.05008167896983208,-0.0166,-0.0004,0.0019,0.0075,0.0022,0.0012,0.0001
2026-02-13,-0.022733490073462592,-0.02283349007346259,0.0015,0.0054,0.0063,-0.0060999999999999995,0.0040999999999999995,-0.0032,0.0001
2026-02-17,0.03166790145686926,0.03156790145686926,0.0001,-0.0015,-0.0037,0.0015,-0.0022,0.001,0.0001
2026-02-18,0.001781167564954833,0.001681167564954833,0.006,-0.0019,-0.0007000000000000001,-0.0011,0.0018,-0.0031,0.0001
2026-02-19,-0.01426159138112626,-0.014361591381126259,-0.0024,0.0034000000000000002,-0.0031,-0.005600000000000001,-0.0021,0.0011,0.0001
2026-02-20,0.015350431056632585,0.015250431056632586,0.0058,-0.0022,0.0027,0.009899999999999999,0.0011,0.0012,0.0001
2026-02-23,0.006047273769737682,0.005947273769737682,-0.0118,-0.0048,-0.013300000000000001,0.0036,0.0009,0.0137,0.0001
2026-02-24,0.02239105106810335,0.022291051068103352,0.008199999999999999,0.0032,-0.0067,-0.0066,-0.0005,0.0032,0.0001
2026-02-25,0.007679856169661159,0.007579856169661159,0.0079,-0.0040999999999999995,0.0045000000000000005,-0.0060999999999999995,-0.0087,0.004,0.0001
2026-02-26,-0.004667689785084916,-0.004767689785084917,-0.004699999999999999,0.0070999999999999995,0.0031,-0.0055000000000000005,0.0070999999999999995,-0.019,0.0001
2026-02-27,-0.03213048968015897,-0.03223048968015897,-0.0052,-0.0074,-0.0123,0.0034999999999999996,0.0016,-0.0108,0.0001
2026-03-02,0.002044037948768729,0.0019440379487687288,0.0013,0.005699999999999999,0.0026,-0.0073,-0.0015,0.0109,0.0001
2026-03-03,-0.003664094667077511,-0.003764094667077511,-0.0098,-0.0005,-0.0026,0.011200000000000002,-0.0026,-0.0166,0.0001
2026-03-04,-0.004663640952734749,-0.004763640952734749,0.008199999999999999,0.0016,0.0001,-0.0131,-0.0066,0.009300000000000001,0.0001
2026-03-05,-0.008494536639458317,-0.008594536639458316,-0.006500000000000001,-0.0098,-0.004,0.0031,-0.0073,-0.015700000000000002,0.0001
2026-03-06,-0.010872576884936036,-0.010972576884936035,-0.013600000000000001,-0.0075,-0.001,-0.0006,0.0001,-0.0115,0.0001
2026-03-09,0.009399602442343502,0.009299602442343503,0.0083,-0.0011,-0.0102,-0.005699999999999999,-0.0067,0.0176,0.0001
2026-03-10,0.003655516130785408,0.003555516130785408,-0.0025,-0.0003,0.0016,-0.001,-0.0009,0.0197,0.0001
2026-03-11,-7.677293916819039e-05,-0.00017677293916819038,-0.0007000000000000001,-0.0015,0.0004,-0.0034999999999999996,-0.0018,0.0077,0.0001
2026-03-12,-0.01936268410362818,-0.01946268410362818,-0.0161,-0.003,0.0076,0.0088,0.0013,-0.0034000000000000002,0.0001
2026-03-13,-0.02205188879408504,-0.02215188879408504,-0.006,0.0007000000000000001,0.0024,-0.0012,0.0031,-0.0076,0.0001
2026-03-16,0.010794880344667579,0.01069488034466758,0.0098,0.0001,-0.0043,-0.0049,-0.004,0.005600000000000001,0.0001
2026-03-17,0.0055770205952525576,0.005477020595252557,0.0028000000000000004,0.0018,-0.0005,-0.0038,0.0013,-0.0008,0.0001
2026-03-18,-0.01687444762321122,-0.01697444762321122,-0.013999999999999999,-0.0042,0.006999999999999999,-0.0028000000000000004,0.0021,0.0033,0.0001
2026-03-19,-0.003920887726655109,-0.004020887726655109,-0.0026,0.006999999999999999,0.0012,-0.0074,0.0014000000000000002,0.004,0.0001
2026-03-20,-0.003896289131202657,-0.003996289131202657,-0.015700000000000002,-0.0036,0.0087,0.009000000000000001,0.0039000000000000003,-0.015,0.0001
2026-03-23,0.01411350980480508,0.01401350980480508,0.0125,0.0123,-0.0023,-0.0027,0.0038,0.0098,0.0001
2026-03-24,0.0005963911769359953,0.0004963911769359953,-0.0039000000000000003,0.0044,0.0184,0.0023,0.0104,0.0199,0.0001
2026-03-25,0.003894460372950048,0.0037944603729500484,0.0063,0.0064,0.0009,-0.0101,-0.0027,0.0087,0.0001
2026-03-26,0.001068847476965784,0.000968847476965784,-0.0173,0.0031,0.0128,0.0062,0.0089,-0.0248,0.0001
2026-03-27,-0.016173054004998577,-0.016273054004998577,-0.0174,-0.0014000000000000002,0.0072,0.005699999999999999,0.0062,0.0045000000000000005,0.0001
2026-03-30,-0.008721878071757172,-0.008821878071757171,-0.0044,-0.0059,0.0044,0.0095,0.0007000000000000001,-0.0277,0.0001
2026-03-31,0.029031288584213888,0.02893128858421389,0.0298,0.0034000000000000002,-0.016399999999999998,-0.015,-0.011000000000000001,0.0265,0.0001
2026-04-01,0.007250123353044202,0.007150123353044202,0.0069,-0.0007000000000000001,0.0004,-0.0042,-0.002,0.016399999999999998,0.0001
2026-04-02,0.0011344770271390914,0.0010344770271390913,0.0009,0.0046,0.0024,-0.009000000000000001,-0.0044,-0.0031,0.0001
2026-04-06,0.011487808933839494,0.011387808933839495,0.0043,0.0015,0.0001,0.0037,0.0001,-0.0012,0.0001
2026-04-07,-0.02070604577917201,-0.02080604577917201,0.0003,0.0015,0.0034000000000000002,-0.0008,-0.0070999999999999995,0.0059,0.0001
2026-04-08,0.02130171641798695,0.02120171641798695,0.024700000000000003,0.0,0.0015,-0.0011,0.0018,0.0169,0.0001
2026-04-09,0.00614133139171158,0.0060413313917115795,0.0053,0.0038,0.0054,0.009399999999999999,-0.0017000000000000001,0.0109,0.0001
2026-04-10,-3.8260530741629495e-05,-0.00013826053074162949,-0.0018,-0.0026,-0.0015,0.0023,-0.0043,0.014499999999999999,0.0001
2026-04-13,-0.004913966848681062,-0.005013966848681062,0.0109,0.0018,-0.0067,-0.0092,-0.0015,-0.0075,0.0001
2026-04-14,-0.0014276386309766131,-0.0015276386309766132,0.011899999999999999,0.0007000000000000001,-0.019,-0.0043,-0.0095,0.0095,0.0001
2026-04-15,0.02936300351797594,0.02926300351797594,0.008199999999999999,-0.0037,-0.0116,-0.0073,-0.0079,-0.0044,0.0001
2026-04-16,-0.011372688335946068,-0.011472688335946068,0.0026,-0.0007000000000000001,0.0017000000000000001,-0.0054,0.0028000000000000004,-0.0005,0.0001
2026-04-17,0.02593029133391722,0.025830291333917222,0.0127,0.01,-0.0059,-0.0034000000000000002,-0.0004,0.0029,0.0001
2026-04-20,0.010435424419368289,0.01033542441936829,-0.0015,0.0048,0.0009,-0.0043,0.0077,-0.0037,0.0001
2026-04-21,-0.025196714096157535,-0.025296714096157535,-0.0064,-0.004,0.0027,0.0023,-0.0024,0.0034000000000000002,0.0001
2026-04-22,0.026299050276339386,0.026199050276339387,0.0095,-0.002,-0.0106,-0.0032,-0.0113,0.010700000000000001,0.0001
2026-04-23,0.0009516199250387825,0.0008516199250387824,-0.0055000000000000005,-0.0011,0.0148,0.0079,0.0048,0.0102,0.0001
2026-04-24,-0.008667687188198547,-0.008767687188198547,0.006999999999999999,-0.0028000000000000004,-0.0028000000000000004,-0.0115,-0.0054,0.0075,0.0001
2026-04-27,-0.012727786010601316,-0.012827786010601316,0.001,0.0006,0.0063,0.005600000000000001,-0.008,0.0045000000000000005,0.0001
2026-04-28,0.011584039752220443,0.011484039752220444,-0.005699999999999999,-0.0021,0.0086,0.0103,0.0052,-0.0159,0.0001
2026-04-29,-0.001994732136373578,-0.002094732136373578,-0.0013,-0.013000000000000001,0.0055000000000000005,-0.0073,0.0022,0.004699999999999999,0.0001
2026-04-30,0.0043676927881808325,0.004267692788180832,0.0113,0.0079,-0.0070999999999999995,-0.0098,0.005600000000000001,0.0219,0.0001
2026-05-01,0.03239351501021104,0.03219351501021104,0.0031,0.0026,-0.0044,-0.011399999999999999,0.0006,-0.0038,0.0002
2026-05-04,-0.0118155353844559,-0.0120155353844559,-0.004,-0.0017000000000000001,-0.0106,-0.0059,-0.005600000000000001,0.003,0.0002
2026-05-05,0.026550617415383337,0.02635061741538334,0.0083,0.0043,0.009000000000000001,-0.0046,-0.0017000000000000001,0.015,0.0002
2026-05-06,0.011717918777652159,0.011517918777652158,0.0139,-0.0066,-0.0033,-0.012,-0.0011,0.0182,0.0002
2026-05-07,-0.0002435044652232543,-0.0004435044652232543,-0.004,-0.0044,-0.0067,0.0043,-0.004699999999999999,-0.0245,0.0002
2026-05-08,0.020456485310924144,0.020256485310924145,0.0076,-0.0042,0.005600000000000001,-0.0115,0.0004,0.0165,0.0002
2026-05-11,-0.0012626131025762488,-0.001462613102576249,0.0008,-0.006,-0.0027,-0.0118,-0.0038,0.0213,0.0002
2026-05-12,0.007243374589372076,0.007043374589372076,-0.0022,-0.006500000000000001,-0.0007000000000000001,0.0086,-0.0014000000000000002,-0.0021,0.0002
2026-05-13,0.013805987391627639,0.013605987391627638,0.006,-0.0048,-0.009899999999999999,-0.0007000000000000001,-0.0066,0.0178,0.0002
2026-05-14,-0.002208293097152536,-0.002408293097152536,0.0076,-0.0014000000000000002,-0.005699999999999999,0.0039000000000000003,-0.005699999999999999,0.0034999999999999996,0.0002
2026-05-15,0.006773819369938039,0.006573819369938039,-0.0132,-0.004699999999999999,-0.0004,0.010700000000000001,0.003,-0.0215,0.0002
2026-05-18,-0.007960661114649215,-0.008160661114649215,-0.001,-0.003,0.0108,0.0086,0.004,-0.0231,0.0002
2026-05-19,0.0037939903054091673,0.003593990305409167,-0.0070999999999999995,-0.004699999999999999,0.0051,-0.0051,0.0048,-0.0022,0.0002
2026-05-20,0.010971059357449242,0.010771059357449242,0.011699999999999999,0.0091,0.0031,-0.0149,-0.0028000000000000004,0.0083,0.0002
2026-05-21,0.00906524661379593,0.00886524661379593,0.0012,0.0045000000000000005,-0.0025,-0.006,0.0049,0.0021,0.0002
2026-05-22,0.012557860054279724,0.012357860054279723,0.0044,0.0014000000000000002,0.0019,-0.0039000000000000003,0.0058,-0.0053,0.0002
2026-05-26,-0.001586735786880733,-0.0017867357868807331,0.006500000000000001,0.0084,0.0026,-0.0132,-0.0038,0.022099999999999998,0.0002
2026-05-27,0.008173140408717527,0.007973140408717527,0.0002,0.0037,-0.0034999999999999996,0.0007000000000000001,-0.0018,-0.0027,0.0002
2026-05-28,0.00534019523725493,0.00514019523725493,0.0067,-0.0016,-0.0059,-0.0108,0.0005,-0.0092,0.0002
2026-05-29,-0.0014399642515899869,-0.001639964251589987,0.0019,-0.0103,-0.0026,-0.0066,0.0015,-0.0167,0.0002
2026-06-01,-0.01842597822736758,-0.018525978227367578,0.0026,-0.0012,-0.0104,-0.0013,-0.0022,-0.0023,0.0001
2026-06-02,0.029022935295418106,0.028922935295418107,0.0017000000000000001,-0.0022,0.013500000000000002,-0.0025,0.0147,0.0286,0.0001
2026-06-03,-0.01567264307615801,-0.01577264307615801,-0.0085,-0.008100000000000001,0.0062,0.0011,0.0046,0.0106,0.0001
2026-06-04,0.00312645238815068,0.0030264523881506802,0.005,0.0092,0.0042,-0.0003,0.0005,-0.0027,0.0001
2026-06-05,-0.012498826008526143,-0.012598826008526142,-0.0275,0.0008,0.0077,0.0292,0.0083,-0.031,0.0001
2026-06-08,-0.018871545388655542,-0.01897154538865554,0.0036,0.0013,0.0049,-0.0074,-0.001,0.0149,0.0001
2026-06-09,-0.036446341189923515,-0.03654634118992352,-0.0028000000000000004,0.0073,0.0038,0.009399999999999999,0.0017000000000000001,-0.009399999999999999,0.0001
2026-06-10,0.0035450055495178656,0.003445005549517866,-0.0161,0.0079,0.0101,0.006500000000000001,0.0076,-0.0067,0.0001
2026-06-11,0.01388983748609407,0.01378983748609407,0.0181,0.0060999999999999995,-0.0005,-0.0217,0.001,0.026099999999999998,0.0001
2026-06-12,-0.015221633631081977,-0.015321633631081976,0.0044,-0.0001,0.013600000000000001,-0.0078000000000000005,0.0046,0.0043,0.0001
2026-06-15,0.018170538868479413,0.018070538868479414,0.016,-0.011699999999999999,-0.0203,-0.0172,-0.0113,0.004699999999999999,0.0001
2026-06-16,0.009513514092780229,0.00941351409278023,-0.0062,0.0005,0.0009,0.0148,0.0011,-0.0123,0.0001
2026-06-17,-0.010994537435617069,-0.011094537435617068,-0.0121,0.0012,-0.0005,-0.012,-0.0017000000000000001,0.0206,0.0001
2026-06-18,0.006960644246616354,0.006860644246616354,0.0111,0.0059,-0.0036,-0.0106,-0.0039000000000000003,0.0101,0.0001
2026-06-22,-0.003355513813629196,-0.003455513813629196,-0.0045000000000000005,0.0006,0.0161,-0.0139,0.0052,0.022400000000000003,0.0001
2026-06-23,-0.009124398732296202,-0.009224398732296201,-0.0131,0.0097,0.005,0.0124,0.0031,-0.026000000000000002,0.0001
2026-06-24,-0.004145480706800209,-0.004245480706800209,-0.0007000000000000001,0.0078000000000000005,-0.0021,0.0042,0.0060999999999999995,-0.0103,0.0001
2026-06-25,-0.06117774105404383,-0.061277741054043836,-0.0013,0.0060999999999999995,0.0091,-0.0076,0.0051,0.016200000000000003,0.0001
2026-06-26,0.03136469225316163,0.03126469225316163,0.0015,0.013600000000000001,-0.0095,0.0044,0.0004,-0.0318,0.0001
2026-06-29,-0.007188654692930396,-0.0072886546929303965,0.012,-0.0089,-0.009000000000000001,-0.0177,-0.005,0.0166,0.0001
2026-06-30,0.027046212958856453,0.026946212958856453,0.0073,-0.001,-0.0062,-0.011000000000000001,-0.0049,0.0106,0.0001
