Date,const,Mkt-RF,SMB,HML,RMW,CMA,Mom
2021-01-05,,,,,,,
2021-01-06,,,,,,,
2021-01-07,,,,,,,
2021-01-08,,,,,,,
2021-01-11,,,,,,,
2021-01-12,,,,,,,
2021-01-13,,,,,,,
2021-01-14,,,,,,,
2021-01-15,,,,,,,
2021-01-19,,,,,,,
2021-01-20,,,,,,,
2021-01-21,,,,,,,
2021-01-22,,,,,,,
2021-01-25,,,,,,,
2021-01-26,,,,,,,
2021-01-27,,,,,,,
2021-01-28,,,,,,,
2021-01-29,,,,,,,
2021-02-01,,,,,,,
2021-02-02,,,,,,,
2021-02-03,,,,,,,
2021-02-04,,,,,,,
2021-02-05,,,,,,,
2021-02-08,,,,,,,
2021-02-09,,,,,,,
2021-02-10,,,,,,,
2021-02-11,,,,,,,
2021-02-12,,,,,,,
2021-02-16,,,,,,,
2021-02-17,,,,,,,
2021-02-18,,,,,,,
2021-02-19,,,,,,,
2021-02-22,,,,,,,
2021-02-23,,,,,,,
2021-02-24,,,,,,,
2021-02-25,,,,,,,
2021-02-26,,,,,,,
2021-03-01,,,,,,,
2021-03-02,,,,,,,
2021-03-03,,,,,,,
2021-03-04,,,,,,,
2021-03-05,,,,,,,
2021-03-08,,,,,,,
2021-03-09,,,,,,,
2021-03-10,,,,,,,
2021-03-11,,,,,,,
2021-03-12,,,,,,,
2021-03-15,,,,,,,
2021-03-16,,,,,,,
2021-03-17,,,,,,,
2021-03-18,,,,,,,
2021-03-19,,,,,,,
2021-03-22,,,,,,,
2021-03-23,,,,,,,
2021-03-24,,,,,,,
2021-03-25,,,,,,,
2021-03-26,,,,,,,
2021-03-29,,,,,,,
2021-03-30,,,,,,,
2021-03-31,,,,,,,
2021-04-01,,,,,,,
2021-04-05,,,,,,,
2021-04-06,,,,,,,
2021-04-07,,,,,,,
2021-04-08,,,,,,,
2021-04-09,,,,,,,
2021-04-12,,,,,,,
2021-04-13,,,,,,,
2021-04-14,,,,,,,
2021-04-15,,,,,,,
2021-04-16,,,,,,,
2021-04-19,,,,,,,
2021-04-20,,,,,,,
2021-04-21,,,,,,,
2021-04-22,,,,,,,
2021-04-23,,,,,,,
2021-04-26,,,,,,,
2021-04-27,,,,,,,
2021-04-28,,,,,,,
2021-04-29,,,,,,,
2021-04-30,,,,,,,
2021-05-03,,,,,,,
2021-05-04,,,,,,,
2021-05-05,,,,,,,
2021-05-06,,,,,,,
2021-05-07,,,,,,,
2021-05-10,,,,,,,
2021-05-11,,,,,,,
2021-05-12,,,,,,,
2021-05-13,,,,,,,
2021-05-14,,,,,,,
2021-05-17,,,,,,,
2021-05-18,,,,,,,
2021-05-19,,,,,,,
2021-05-20,,,,,,,
2021-05-21,,,,,,,
2021-05-24,,,,,,,
2021-05-25,,,,,,,
2021-05-26,,,,,,,
2021-05-27,,,,,,,
2021-05-28,,,,,,,
2021-06-01,,,,,,,
2021-06-02,,,,,,,
2021-06-03,,,,,,,
2021-06-04,,,,,,,
2021-06-07,,,,,,,
2021-06-08,,,,,,,
2021-06-09,,,,,,,
2021-06-10,,,,,,,
2021-06-11,,,,,,,
2021-06-14,,,,,,,
2021-06-15,,,,,,,
2021-06-16,,,,,,,
2021-06-17,,,,,,,
2021-06-18,,,,,,,
2021-06-21,,,,,,,
2021-06-22,,,,,,,
2021-06-23,,,,,,,
2021-06-24,,,,,,,
2021-06-25,,,,,,,
2021-06-28,,,,,,,
2021-06-29,,,,,,,
2021-06-30,,,,,,,
2021-07-01,,,,,,,
2021-07-02,,,,,,,
2021-07-06,,,,,,,
2021-07-07,,,,,,,
2021-07-08,,,,,,,
2021-07-09,,,,,,,
2021-07-12,,,,,,,
2021-07-13,,,,,,,
2021-07-14,,,,,,,
2021-07-15,,,,,,,
2021-07-16,,,,,,,
2021-07-19,,,,,,,
2021-07-20,,,,,,,
2021-07-21,,,,,,,
2021-07-22,,,,,,,
2021-07-23,,,,,,,
2021-07-26,,,,,,,
2021-07-27,,,,,,,
2021-07-28,,,,,,,
2021-07-29,,,,,,,
2021-07-30,,,,,,,
2021-08-02,,,,,,,
2021-08-03,,,,,,,
2021-08-04,,,,,,,
2021-08-05,,,,,,,
2021-08-06,,,,,,,
2021-08-09,,,,,,,
2021-08-10,,,,,,,
2021-08-11,,,,,,,
2021-08-12,,,,,,,
2021-08-13,,,,,,,
2021-08-16,,,,,,,
2021-08-17,,,,,,,
2021-08-18,,,,,,,
2021-08-19,,,,,,,
2021-08-20,,,,,,,
2021-08-23,,,,,,,
2021-08-24,,,,,,,
2021-08-25,,,,,,,
2021-08-26,,,,,,,
2021-08-27,,,,,,,
2021-08-30,,,,,,,
2021-08-31,,,,,,,
2021-09-01,,,,,,,
2021-09-02,,,,,,,
2021-09-03,,,,,,,
2021-09-07,,,,,,,
2021-09-08,,,,,,,
2021-09-09,,,,,,,
2021-09-10,,,,,,,
2021-09-13,,,,,,,
2021-09-14,,,,,,,
2021-09-15,,,,,,,
2021-09-16,,,,,,,
2021-09-17,,,,,,,
2021-09-20,,,,,,,
2021-09-21,,,,,,,
2021-09-22,,,,,,,
2021-09-23,,,,,,,
2021-09-24,,,,,,,
2021-09-27,,,,,,,
2021-09-28,,,,,,,
2021-09-29,,,,,,,
2021-09-30,,,,,,,
2021-10-01,,,,,,,
2021-10-04,,,,,,,
2021-10-05,,,,,,,
2021-10-06,,,,,,,
2021-10-07,,,,,,,
2021-10-08,,,,,,,
2021-10-11,,,,,,,
2021-10-12,,,,,,,
2021-10-13,,,,,,,
2021-10-14,,,,,,,
2021-10-15,,,,,,,
2021-10-18,,,,,,,
2021-10-19,,,,,,,
2021-10-20,,,,,,,
2021-10-21,,,,,,,
2021-10-22,,,,,,,
2021-10-25,,,,,,,
2021-10-26,,,,,,,
2021-10-27,,,,,,,
2021-10-28,,,,,,,
2021-10-29,,,,,,,
2021-11-01,,,,,,,
2021-11-02,,,,,,,
2021-11-03,,,,,,,
2021-11-04,,,,,,,
2021-11-05,,,,,,,
2021-11-08,,,,,,,
2021-11-09,,,,,,,
2021-11-10,,,,,,,
2021-11-11,,,,,,,
2021-11-12,,,,,,,
2021-11-15,,,,,,,
2021-11-16,,,,,,,
2021-11-17,,,,,,,
2021-11-18,,,,,,,
2021-11-19,,,,,,,
2021-11-22,,,,,,,
2021-11-23,,,,,,,
2021-11-24,,,,,,,
2021-11-26,,,,,,,
2021-11-29,,,,,,,
2021-11-30,,,,,,,
2021-12-01,,,,,,,
2021-12-02,,,,,,,
2021-12-03,,,,,,,
2021-12-06,,,,,,,
2021-12-07,,,,,,,
2021-12-08,,,,,,,
2021-12-09,,,,,,,
2021-12-10,,,,,,,
2021-12-13,,,,,,,
2021-12-14,,,,,,,
2021-12-15,,,,,,,
2021-12-16,,,,,,,
2021-12-17,,,,,,,
2021-12-20,,,,,,,
2021-12-21,,,,,,,
2021-12-22,,,,,,,
2021-12-23,,,,,,,
2021-12-27,,,,,,,
2021-12-28,,,,,,,
2021-12-29,,,,,,,
2021-12-30,,,,,,,
2021-12-31,,,,,,,
2022-01-03,0.00019275959000797762,1.2543254176025487,-0.3320886583277003,-0.9293583281604383,0.3015036701624335,1.6140325133112323,0.13308418981749598
2022-01-04,0.00017766176935631278,1.2534629919404972,-0.32812300940748884,-0.9336882101103254,0.30512832880963875,1.6086618254399907,0.13177362602358478
2022-01-05,0.00017645149455929607,1.2570960782473253,-0.3224045082628058,-0.9325597873989856,0.3060018055990231,1.6036149376282456,0.12740398598943348
2022-01-06,0.00013888425604446594,1.2481810895834209,-0.3103403995777618,-0.9336885559544916,0.32349254412619033,1.5913906630935362,0.12658134025269271
2022-01-07,0.00021219266114012696,1.2500719886420768,-0.33940666338297615,-0.923806074845127,0.295394793567537,1.6102514364554246,0.13043632057523968
2022-01-10,0.00026698919068348737,1.2479181893937779,-0.3381587083146843,-0.9199703058974482,0.28907441822091035,1.6078754075111195,0.1270419750323271
2022-01-11,0.00023604023627554673,1.2439364417935534,-0.34137667364394547,-0.921192038687674,0.2960805864905452,1.6032569636418126,0.13307131671067665
2022-01-12,0.00018184383168812278,1.2454008435372743,-0.3255163295636398,-0.9240717527352476,0.30114559522193785,1.5975705511312444,0.12381979690463255
2022-01-13,0.0001931949404352126,1.2402469780339713,-0.32406110579285285,-0.9228028429091032,0.3069272995296303,1.5961326980008004,0.12789193843628763
2022-01-14,0.00024268797064140775,1.2338599894662725,-0.3290522424472598,-0.9221867938343701,0.30369637945730027,1.5948440950257117,0.13305612499289698
2022-01-18,0.0002816769334380133,1.2405251722654875,-0.3224410645269831,-0.9293240291220171,0.30124162136362415,1.6044887875251421,0.12835024838522657
2022-01-19,0.00017625250476233003,1.249177438969276,-0.3228577075311384,-0.9156845591601683,0.2891723186633215,1.597469925956675,0.12223343413356744
2022-01-20,0.00011314292341478886,1.2545051453954759,-0.31542100308109183,-0.9001577922538185,0.2737490574211345,1.5749470519006237,0.10757817113677859
2022-01-21,8.478491580820777e-05,1.2481774166503985,-0.32295465672006546,-0.8940950774761834,0.28540553573238236,1.5560310351622961,0.11460724828154052
2022-01-24,8.25604957137607e-05,1.246859888261933,-0.3166088678631944,-0.8904714831089735,0.2891827837183708,1.5399787779426932,0.11373114734812609
2022-01-25,0.0001645310085482709,1.2409564390303767,-0.3257410687430221,-0.9027084346933338,0.28208102868119045,1.5969452917597935,0.11989214115889583
2022-01-26,0.00014998379289850804,1.2437325503389607,-0.32473302505921087,-0.9010233400753336,0.28207562046992074,1.5909538456766852,0.11761548217886603
2022-01-27,0.00021795938457586984,1.2548896085854297,-0.35801163271671965,-0.8385924959502504,0.2532269904764853,1.4360467518831466,0.12185793536273354
2022-01-28,0.00033222656549450444,1.2658161627933302,-0.3595365399844269,-0.8658256914612106,0.24522096957846123,1.4968551601527404,0.11211941526017578
2022-01-31,0.0003495364407329006,1.2723039881970544,-0.35653958453841283,-0.8675555178837909,0.23835109705672225,1.4955946730251783,0.10184829075626278
2022-02-01,0.00027398874769645647,1.2593785664572565,-0.33767939784074014,-0.8950535461152259,0.26039551344460726,1.547152640528279,0.10363042094234493
2022-02-02,0.0002572052971261934,1.257740452701534,-0.31647204655797756,-0.8994339877872493,0.2474220069461315,1.549044359596031,0.08159289840367744
2022-02-03,0.00023579226314714152,1.2206493935976013,-0.32199956252934625,-0.9125205407039914,0.24128592638683408,1.5943875853396803,0.10338533070981315
2022-02-04,0.0003433255236139493,1.226855594695082,-0.3152961221122116,-0.9210042269289587,0.22105550077276787,1.6197581476387324,0.09025174786096848
2022-02-07,0.0004133817352486428,1.228427316998278,-0.2966553186024388,-0.9316463135058414,0.21395816544751547,1.6493044293107266,0.08166404050161437
2022-02-08,0.00044222345270654765,1.2339146910257188,-0.2840950881387438,-0.934632760754797,0.23272380884370802,1.6367861324235393,0.07903915813087274
2022-02-09,0.0003506956493615872,1.2128002352117928,-0.2873544666823954,-0.910588571632576,0.25070068059473677,1.5850801180284995,0.10347343691609566
2022-02-10,0.00040416949521289956,1.2067537575174305,-0.2917676116228427,-0.9070551047539464,0.2428203595588233,1.5801279904105312,0.10794130285708159
2022-02-11,0.00040799796597581453,1.204866979766523,-0.290795906391945,-0.9080637284827141,0.2419286604177109,1.5842703636721978,0.10822325806313025
2022-02-14,0.00040742012474828204,1.2041263406794163,-0.2888773383549039,-0.9111627817078318,0.24406278370320966,1.587335933667847,0.10832543827917998
2022-02-15,0.00046885995617865325,1.210954303992625,-0.2869614484590493,-0.9061166484098511,0.2427295240728189,1.5724312079246383,0.1002051925429647
2022-02-16,0.0004513153191878402,1.2113299894620924,-0.2900264098670764,-0.9021665251570243,0.23947731031567102,1.5634522499777654,0.09854139339487639
2022-02-17,0.00039733086071767096,1.2251597142733819,-0.2994999423163516,-0.8879606332793454,0.23651255847514263,1.5288115216065188,0.09322302189387477
2022-02-18,0.000396321886268457,1.2257643226367099,-0.2987348010886749,-0.8876034451377004,0.23629714183854575,1.5289555195832827,0.09163466161076933
2022-02-22,0.00034105632873772135,1.228152741665132,-0.2935263218869091,-0.8938819425175726,0.2353095899302882,1.542660194245525,0.09138079278150427
2022-02-23,0.0003323447879862427,1.240620817846891,-0.28763707504039604,-0.8877834085264156,0.24016734914764593,1.5268062930515236,0.08422489041920493
2022-02-24,0.0003209864397456147,1.2332409913190143,-0.2937740404366772,-0.8836033279774216,0.24207397080492343,1.5274146523191918,0.09134376175158831
2022-02-25,0.00032783874330850774,1.2259755861560664,-0.2886048380392697,-0.8920884194179253,0.2446646333929203,1.5345345756793733,0.09352245122304778
2022-02-28,0.00024122278409259416,1.1979132215641992,-0.2956438754730943,-0.8910671561405787,0.2459744689938419,1.5126459140049335,0.09359496565924881
2022-03-01,0.00021617024363739705,1.2057356331655225,-0.29769671863050884,-0.8773058746279178,0.2501587176022891,1.4871971933064265,0.09127319839986889
2022-03-02,0.00018323624145317931,1.2087736869840804,-0.31216743295615973,-0.8841674755223256,0.24417757407814641,1.4902533610128441,0.107118143618565
2022-03-03,0.00014392766973107818,1.211438518473999,-0.31040866208264495,-0.8882420736002828,0.24232099067253776,1.4900298028725059,0.11368158271000371
2022-03-04,0.00012188211308994477,1.2416876388400626,-0.2865651551180514,-0.8790987302152127,0.2645100402145054,1.4608839999143157,0.0850790350109357
2022-03-07,0.00020884346825635113,1.2348337302111163,-0.25399677718327257,-0.8737976499283171,0.27334649333655003,1.4697576952830085,0.06253143758238455
2022-03-08,0.0002441782622082994,1.2321559717028738,-0.24826424214317885,-0.8688130961973408,0.2681642708780258,1.4626532646786283,0.05652281482351969
2022-03-09,0.00027680014023116913,1.2392607228135093,-0.24584689241585844,-0.8666616206870827,0.2715552728302605,1.4506828752238787,0.05236632526496879
2022-03-10,0.0002224110598935035,1.2435991916162346,-0.24069239956436408,-0.878176201102715,0.281220326634055,1.4602171727142084,0.04840492415399603
2022-03-11,0.0002341057817851959,1.2484836668378216,-0.2339753082140144,-0.8788613443361052,0.2832204644935468,1.4678270687604305,0.03943850389004253
2022-03-14,0.00020200584490538784,1.2527962415232325,-0.23103124534550246,-0.8855261126548891,0.2700793663886619,1.4915627454586342,0.029911395879180236
2022-03-15,0.00015198405744194722,1.2469728807363092,-0.22945013938221892,-0.8765598463860155,0.26166065703815844,1.4850680299480108,0.03474529781603224
2022-03-16,0.00022860629049454835,1.2544939355476856,-0.2229653063275378,-0.8710048115666782,0.26116546356907305,1.467723435952879,0.02963892979057245
2022-03-17,0.00018847947620316807,1.2454282195242286,-0.21777084863581853,-0.8646879932211993,0.27904995147374817,1.4459896772896232,0.03172314306553134
2022-03-18,0.00021829673522838174,1.2441119231453586,-0.21486240139335555,-0.8667734530424045,0.27915805600349364,1.4422505753074226,0.03389797210596204
2022-03-21,0.00021805340575781218,1.2441398020137195,-0.21493645895513608,-0.8664195486821651,0.27890745163912395,1.4423223957706153,0.033922937018528304
2022-03-22,0.00026091934328696274,1.2488382997588094,-0.21559263451766142,-0.8611053589613866,0.2740174796205812,1.4294724157227063,0.031193981017472033
2022-03-23,0.0002892759533905555,1.2481802932293546,-0.2230670871095093,-0.8618739639380801,0.2679440933557981,1.4435859546810104,0.027582397017800582
2022-03-24,0.0003085072750800017,1.2505686407151377,-0.21041216249467695,-0.8662417279970254,0.27421653534730717,1.4557373852489779,0.024659002073599452
2022-03-25,0.0003547794794119827,1.2703572972495076,-0.19604233099513618,-0.8725493872492798,0.2913177214730881,1.4849920842383884,0.009093946317941581
2022-03-28,0.00034325220066663115,1.2711587373156998,-0.19874348671776726,-0.87183360230677,0.28732022859763473,1.4939568327147306,0.005662547553142064
2022-03-29,0.00032959068895053247,1.2748799450465995,-0.20079650351071948,-0.8758638200528375,0.2871932610654512,1.5058024514578874,-0.00195478400662151
2022-03-30,0.0003067024625568799,1.2760075121544023,-0.188559811493774,-0.872003789218017,0.2915423943456769,1.491711731446675,-0.006981844547916019
2022-03-31,0.000275230680879389,1.2818816211785187,-0.19515382241895554,-0.8647151062617922,0.290406554570242,1.4844050454249316,-0.008874876827807604
2022-04-01,0.0002507695211812729,1.2852972874812645,-0.1992223671155475,-0.8641358141114468,0.2999034593196084,1.4814000623786527,-0.00828815058426026
2022-04-04,0.00024650569977582284,1.2893360444201023,-0.19816800733414483,-0.8703039802543049,0.29859135793729263,1.4959524229495378,-0.01679321873247369
2022-04-05,0.00020607307814569736,1.284713095611961,-0.17983324521471128,-0.8805857487903874,0.3022331245636328,1.5060815445136155,-0.011138546179419229
2022-04-06,0.000142105642796574,1.2895206173966696,-0.17728983801267292,-0.8737146072263348,0.3050047488340723,1.5029070370616082,-0.024557704462278306
2022-04-07,8.33779753806643e-05,1.2838348018933599,-0.16807261885795233,-0.8694568126819293,0.3000172026393651,1.4957287685407898,-0.03069917098378705
2022-04-08,9.514146499310422e-05,1.2825994754299543,-0.16499856748486003,-0.8682656836484206,0.30537063179687507,1.4839466429266617,-0.03165391780454172
2022-04-11,5.008286569268828e-05,1.2832372246387782,-0.14684016505762493,-0.8607260181668387,0.32092987332974765,1.4782944694641271,-0.04399189778118119
2022-04-12,0.00010618070107759094,1.2828098015154994,-0.1313137277050451,-0.8645462133285259,0.32227074506469466,1.497082485535214,-0.04900673708469239
2022-04-13,8.848324563128169e-05,1.2801380202197157,-0.13169032928009328,-0.8627835272929856,0.32412714334751513,1.4918083207748594,-0.04747944028189479
2022-04-14,5.534937359030892e-05,1.289090779699768,-0.1358031224599581,-0.8597856886729354,0.33061701513974945,1.4796627354846779,-0.05213817100857349
2022-04-18,2.8518935287434686e-05,1.288921795128085,-0.13693869104460102,-0.8601452395342164,0.3287434220633563,1.472803985563924,-0.04049858512767573
2022-04-19,7.924149284214261e-05,1.2849140409348667,-0.1444253901432195,-0.8662226463743549,0.32966663081885145,1.477252381409975,-0.04851330700860116
2022-04-20,9.34098503435616e-05,1.2857862724682665,-0.13923307082235728,-0.8650861351022795,0.3285543878845085,1.4704520291215553,-0.04676104183731628
2022-04-21,0.0001432994015279057,1.2776569175954384,-0.13088135784008037,-0.8727682667620413,0.3414097892083536,1.469918885531484,-0.04401365626185959
2022-04-22,0.0001524731848401763,1.2601259652212564,-0.12635582528980321,-0.8782618150798339,0.3422858073494899,1.467505178641229,-0.051021486428219
2022-04-25,0.00013631069828432972,1.2601962160696791,-0.12858421145801294,-0.8770643836898069,0.33986212391688103,1.4699055798552911,-0.05001054237997814
2022-04-26,0.00011430524878199125,1.2634590144203963,-0.12793908897143164,-0.878655069386455,0.3408423561492771,1.4720824114382782,-0.05173118280491243
2022-04-27,6.792393782175337e-05,1.2609153523403294,-0.11942733318205452,-0.8732787680510745,0.34526624913582765,1.4571630537109421,-0.058287456315292724
2022-04-28,8.387432794726147e-05,1.269792428443607,-0.12220215509682218,-0.8759650068218391,0.3477553783256768,1.4681771073352539,-0.06118067452363957
2022-04-29,0.00012486700136147478,1.2596267936911818,-0.11615196322229886,-0.8784981610273945,0.3470347432242954,1.4657415878347835,-0.06020836515054767
2022-05-02,0.00013614038944180225,1.2586174070201688,-0.1177246274536091,-0.8758350706990716,0.34471774650385634,1.4564485307105084,-0.06038635584953598
2022-05-03,0.00022067566365892652,1.2583829638818353,-0.11822780230156221,-0.8557199261933452,0.3522373705375745,1.4388266994997156,-0.06811579321247907
2022-05-04,0.00022008982747544559,1.2622185598837685,-0.12050471300316913,-0.8553033477206516,0.35100914185932663,1.4409435392924346,-0.0692867427691638
2022-05-05,0.0001848932244797118,1.2691147598235584,-0.11928510602079298,-0.8594081546103078,0.3514861481704182,1.444798923874385,-0.0704316088460687
2022-05-06,0.0002244043345819206,1.271027236559421,-0.12474440995656186,-0.8616618626697492,0.350920593999299,1.453891403764985,-0.06334173271500476
2022-05-09,0.0003207210081612446,1.26084086658223,-0.11564827622846081,-0.8476803785451748,0.38802548005985726,1.4279548630178653,-0.0825538159127095
2022-05-10,0.0003363501092917558,1.2595597546168233,-0.11469014777597769,-0.8516334114634656,0.386409387793586,1.4323506679457563,-0.08099894065464103
2022-05-11,0.00023116668557667062,1.274371362151188,-0.08436918765600938,-0.8820655827324252,0.40749101965675427,1.4694837540271661,-0.09135329538999881
2022-05-12,7.634040667770501e-05,1.2754033228016406,-0.12397701613143669,-0.8873001696553822,0.3895520097835987,1.485506227521376,-0.059352457609854525
2022-05-13,6.398604751133171e-05,1.2734074694357786,-0.12285192472829423,-0.8865362034666052,0.3934710907992514,1.481451897356326,-0.05632259283686357
2022-05-16,6.063963179308424e-05,1.2733892982853097,-0.11922869969621061,-0.8814222640848137,0.395457368013415,1.468886430654722,-0.06231085994204348
2022-05-17,8.587701556738841e-05,1.2772578333160065,-0.1155589937915753,-0.8785453002996992,0.395269127701695,1.4701898501180723,-0.068105908476106
2022-05-18,0.0001010861218095917,1.2690647454485315,-0.11313770757532299,-0.8747179626833144,0.3896426984236968,1.4629773975057865,-0.0675091739686488
2022-05-19,3.0299472528512428e-05,1.2727195106997242,-0.1093074400745297,-0.8803179849219395,0.40104118978326986,1.4779655380972323,-0.06469947233288993
2022-05-20,4.0442677356539256e-05,1.272637323375074,-0.10872205293642037,-0.8763500684784492,0.4005118442238899,1.4715051914565804,-0.06445510011539562
2022-05-23,8.540128242138164e-05,1.286259698335921,-0.12926421863539553,-0.8691495697599443,0.39126956699785087,1.4829815632218368,-0.06226878672522336
2022-05-24,8.582465625859187e-05,1.2859020278359674,-0.13251377861922942,-0.872800570088938,0.385544180968662,1.4830306057155656,-0.06911022644811216
2022-05-25,3.4434659074465945e-05,1.2816092625287618,-0.1419237805834071,-0.8759527019859025,0.3855182671594673,1.4806102156417589,-0.06355088705778339
2022-05-26,5.014338953172897e-05,1.2779019032103098,-0.13488456396661055,-0.8751281069393038,0.38469491334076,1.4733424056090643,-0.05428531137111628
2022-05-27,7.231420841004947e-05,1.279796305999426,-0.13642073185466147,-0.8751901355844479,0.38364887142237697,1.4739600810247162,-0.055354350184126835
2022-05-31,8.062768037674976e-05,1.2782736655449962,-0.14578981385046313,-0.8723817533133482,0.38271270127935925,1.4674382652461855,-0.058152988757256725
2022-06-01,9.683891183117073e-05,1.2786486466716056,-0.1454768489881697,-0.8746508591759765,0.38154041717608694,1.4762294941022782,-0.059828848485803166
2022-06-02,9.849989444535843e-05,1.2771222751097655,-0.14840484371516674,-0.8726742164516951,0.379892354761787,1.482647890222489,-0.06298548754825307
2022-06-03,2.3457631882164054e-05,1.2863376470946042,-0.15933251235926746,-0.8677440139890338,0.38797174378987925,1.4808501670087681,-0.07037473116539397
2022-06-06,3.517144302589507e-05,1.286722691891136,-0.15828728204506193,-0.8673381952593342,0.388717662277101,1.4804340502975422,-0.07051817518768388
2022-06-07,1.5010753308085866e-05,1.2871377260825931,-0.16559358078988862,-0.8645810079176651,0.38469203893815723,1.4801858732262079,-0.07207283599966874
2022-06-08,7.249630816751892e-05,1.2827166182970284,-0.17029263099348546,-0.8676308261147124,0.3786819802466743,1.4867365428482504,-0.07914858108952784
2022-06-09,0.00011837364341152248,1.2864397398102883,-0.20610215595971454,-0.8612081335375087,0.36011248680478714,1.4775753095874953,-0.09091195167972782
2022-06-10,7.86232088369428e-05,1.2867048422442835,-0.2139542517478956,-0.8597964453291228,0.356792251185966,1.4803840247883113,-0.09511489539080245
2022-06-13,0.00010388350474633922,1.2653507097798882,-0.1999862892948358,-0.8498157934812403,0.37740773972884,1.4177402845913791,-0.06344720333712832
2022-06-14,0.00012667918755317138,1.2642907327060964,-0.19932907215192797,-0.8538485611828065,0.3767874707221835,1.4203252081870392,-0.06084880385691063
2022-06-15,5.390282754755434e-05,1.268882472183746,-0.20310697664575117,-0.8607971336245885,0.3820641786550142,1.439958957756505,-0.06729614575855326
2022-06-16,0.0001186516401763226,1.2562649675686177,-0.22037763606774718,-0.8604196968955518,0.37437603470474645,1.4150953638586872,-0.059656936716946385
2022-06-17,0.00016208379420757984,1.2557139957545242,-0.20482334922330347,-0.861714561244934,0.38764622523451453,1.4068465459393051,-0.07052111429202786
2022-06-21,0.0001809016916654935,1.2589807134449487,-0.22042470522862917,-0.856499725662796,0.37703268609992324,1.4000914931432695,-0.06645079310535151
2022-06-22,0.00019687853984922554,1.2588785078191624,-0.2193409719535646,-0.8577386733782049,0.37901840042752344,1.398893374273328,-0.0663464223047536
2022-06-23,0.00017338355348137146,1.2592365263159915,-0.22339271528794352,-0.8539337421667337,0.37560766872486695,1.3985074546615401,-0.06513330445066381
2022-06-24,0.0001656610436308832,1.2497425775027013,-0.2090540777794464,-0.8660873001267235,0.37454551208668874,1.4079433313648304,-0.056243842777934164
2022-06-27,0.00018385162996937876,1.250213756619335,-0.2121306696760324,-0.8635660286128497,0.37237609684360073,1.4066568646254494,-0.05766643438886263
2022-06-28,0.0002011820009135062,1.2488122208238168,-0.2153011104438423,-0.8643836494022106,0.368378386035097,1.4071327806012452,-0.054778341505112044
2022-06-29,0.00024219898453950732,1.2474596337553272,-0.21604977872709488,-0.8677847028326933,0.3767357505843283,1.395885067537253,-0.04984551868092906
2022-06-30,0.0002164188920436095,1.249272708493356,-0.2235915361426727,-0.8645696751863694,0.3704234339023938,1.399953247203201,-0.054614953749677585
2022-07-01,0.00025584762703514377,1.2514433409799346,-0.22480076857070658,-0.8603794313003015,0.36667397392852785,1.4011493015531662,-0.059806715897991775
2022-07-05,0.00036857150080169465,1.2406643947718083,-0.20917616111823256,-0.8563859226860977,0.3513550962279187,1.3866476303449504,-0.09119068053598661
2022-07-06,0.0003616524819288637,1.2417127044071954,-0.20853161821197058,-0.8522967511620734,0.34886503035617794,1.3820158827862048,-0.0882205803341387
2022-07-07,0.00043304227598969704,1.244450395933283,-0.19957731352250996,-0.8352451842723791,0.34280060792079176,1.3417233518912297,-0.08463060038808462
2022-07-08,0.000489676033695812,1.241953158774877,-0.19987631980175316,-0.8369549601387112,0.3399408679512177,1.3383514989853307,-0.08183634787601154
2022-07-11,0.0004303922890297602,1.237800670291454,-0.20395286926181533,-0.8385594770364927,0.3328329747322779,1.3408705949158424,-0.09429084549344979
2022-07-12,0.0004609995751150487,1.2366694016895603,-0.19059567006134726,-0.8472022003899784,0.33772144570450613,1.36499226732825,-0.10177746148870255
2022-07-13,0.0004648343063384152,1.2363262810690214,-0.1852654926242075,-0.846578319999517,0.33817521179762866,1.3606442576029567,-0.09896707308603295
2022-07-14,0.0004811516891180614,1.2317523500733372,-0.17890916863599068,-0.8569669293233211,0.3336740723198531,1.3517609490168467,-0.08080034939809141
2022-07-15,0.0004394238580010073,1.2292972452565438,-0.17554811196917278,-0.8668235246967991,0.33452922192158463,1.3618872892480889,-0.07694000341422971
2022-07-18,0.000466861787950708,1.2266944828312725,-0.1792304222209282,-0.8685177879745312,0.33424374386383504,1.3605162112436489,-0.08020685930737795
2022-07-19,0.0005011229073475718,1.2176137107959253,-0.18267144115776007,-0.8730604214469793,0.3291134327557679,1.350660641594818,-0.0760787433686846
2022-07-20,0.0005600640569832434,1.2115491897673838,-0.18307785161817436,-0.8550731760195982,0.31764689486291986,1.321426243837398,-0.09381847756868773
2022-07-21,0.0005893813779463859,1.2127676980240016,-0.18162604426953471,-0.8517218775938445,0.31416538545990724,1.3129753399963549,-0.08832588593339731
2022-07-22,0.0005681290945474191,1.211988205736957,-0.18202026590280898,-0.8453290444837773,0.30747146229697675,1.3022919894239426,-0.09218052891825267
2022-07-25,0.0005663180634393173,1.2118388391661625,-0.18312599300321813,-0.8468474073286782,0.3075385122214119,1.3043749715915567,-0.0937906153426229
2022-07-26,0.00056724702230866,1.2116939821509942,-0.18259964531341571,-0.8473932008381613,0.3077830745118664,1.3048693206833972,-0.09335632211193728
2022-07-27,0.000634686980434967,1.2154827998504345,-0.18762759215871555,-0.8369994983083233,0.31015002842245604,1.2906854097022045,-0.10096018724987794
2022-07-28,0.0006233091511134375,1.2130426345388492,-0.183945429445529,-0.8377930221346888,0.30467366425848696,1.294197147976242,-0.10017169307410587
2022-07-29,0.0007599156449235214,1.222954139238297,-0.2234026787731403,-0.7797313097308358,0.300600422587266,1.1942471661197347,-0.09870228194338665
2022-08-01,0.0007160388694343123,1.2229181028978093,-0.2282391931989986,-0.77187757380984,0.2960449119794361,1.1776696982402548,-0.09383602393099369
2022-08-02,0.0007093346260776221,1.223931290631312,-0.22782762751900862,-0.7713501638560045,0.298907184525012,1.176979939514256,-0.09340031454632107
2022-08-03,0.0007508299513418676,1.2236424578033547,-0.23173243426134355,-0.7771741450638304,0.28892192622199386,1.1951135636725383,-0.1100898198260353
2022-08-04,0.0007421411822108207,1.2244316834994806,-0.23004126141855835,-0.7771126948809436,0.29025266725568716,1.1971732293912687,-0.11048569281252743
2022-08-05,0.0007594422025512539,1.2232677050056457,-0.22807694281392252,-0.7760472781394507,0.2872448279356,1.1961772651066065,-0.11102453234099899
2022-08-08,0.0007252452738241618,1.222244120136815,-0.23503856437037418,-0.7804496720534564,0.2857523741233268,1.1977721454107435,-0.10911841824535426
2022-08-09,0.0007259733081714782,1.2239716668427238,-0.23841955215659835,-0.7804307972702824,0.2876767502479902,1.2032960065147074,-0.1080121404626478
2022-08-10,0.0007498770194427528,1.2258214331374864,-0.23622427112932104,-0.7771619278375427,0.28781132378338153,1.2023965893989503,-0.11182202305944725
2022-08-11,0.0007322854783977519,1.2241346082379017,-0.2395129014838732,-0.7785591029493215,0.2846368125568013,1.1991867629318569,-0.11048154670580074
2022-08-12,0.0006966955537580944,1.224413698509363,-0.23046466949380445,-0.7739731751323708,0.28648416253947845,1.1942807240115294,-0.11196790829171335
2022-08-15,0.0007110361169015586,1.2245984515295985,-0.23667830404999257,-0.77377809892848,0.288208018899402,1.1964486917847925,-0.11583096401762001
2022-08-16,0.0006701670641514196,1.221479107973348,-0.23792553128294797,-0.7714458634279011,0.2775112229729484,1.1876856387260388,-0.1118860937339817
2022-08-17,0.0007369385374036933,1.2210286989632246,-0.24611230606759887,-0.7735815823026269,0.281877989231356,1.1802804586743276,-0.09906140784201464
2022-08-18,0.0007548614772792744,1.2171700908110532,-0.2502859117093677,-0.770230947513745,0.2756893339898871,1.1690617746183265,-0.09711291875742822
2022-08-19,0.0007437434874197052,1.2181334787628941,-0.24925961017671816,-0.7646376843519226,0.2785187148423468,1.1598179363459682,-0.10383233419517876
2022-08-22,0.0007523675209158589,1.215872682871478,-0.25062942475012145,-0.7647953684800854,0.2770439988375181,1.1569413997144988,-0.10185849758648331
2022-08-23,0.0007788318336517088,1.2153050233041447,-0.2511126737406701,-0.7619679328433653,0.27359841299103926,1.1507161862931294,-0.09994838094017244
2022-08-24,0.0007882834124991415,1.2149066485856288,-0.25136169380138856,-0.7612249288366518,0.2715583104836508,1.1493757977578685,-0.10007030575305509
2022-08-25,0.0008203239999572755,1.2150752076769487,-0.25241471044083985,-0.7581419809129913,0.26766858130939586,1.1426297201644657,-0.09654359930207582
2022-08-26,0.0008468098083283893,1.2105253943775827,-0.2549235952736962,-0.7564013365685417,0.2631605736161348,1.13711680659729,-0.09355754492946741
2022-08-29,0.0008093504563669062,1.2112484040680496,-0.25318285196378115,-0.7553634993049254,0.26400402147949936,1.135487766386091,-0.09468642107145998
2022-08-30,0.0007477906973445329,1.2129138051052135,-0.2433225164756211,-0.7412143212175293,0.2595498225747411,1.109649285045949,-0.08374449269240683
2022-08-31,0.0007549920025764335,1.2131179904924472,-0.24210841173812753,-0.7401805886352426,0.25951577735461,1.1081475554246158,-0.08356443165929425
2022-09-01,0.0007211540590781344,1.2124749405120845,-0.23462642926944752,-0.7331750043906304,0.2580112420405497,1.095306035221645,-0.08097103367688513
2022-09-02,0.0007425757463535828,1.21213902403367,-0.23409005796730212,-0.732631186801425,0.25643407971914134,1.09552098419099,-0.08043132042236067
2022-09-06,0.0007269300132070424,1.2124075696533578,-0.2313860232834093,-0.7331874510936123,0.2574460668696356,1.098393181047533,-0.08134309403484546
2022-09-07,0.0005829439367477713,1.2113303343983393,-0.21714914939867674,-0.725829769681722,0.2779295096569209,1.079395264764836,-0.07344953146107638
2022-09-08,0.0005956555111642514,1.2119010238430978,-0.21897479817674864,-0.7377870267106086,0.2914331691778186,1.1062631536271808,-0.08273876148509388
2022-09-09,0.0005813815787524376,1.2126521673972472,-0.2189206927054413,-0.7392042248879733,0.2941851761608307,1.1111703740366585,-0.08534329509330796
2022-09-12,0.0007754923988610044,1.2139306754565165,-0.2125341694805455,-0.7308885043735164,0.2973643613295467,1.087752895964098,-0.08172998945282225
2022-09-13,0.0007507742708837114,1.2192119911831951,-0.21240740227652505,-0.7311017991450806,0.30273020828895825,1.089400450954407,-0.08380223569725585
2022-09-14,0.0008214606807017406,1.2165828631913769,-0.22244067758666114,-0.7299078677418582,0.29613942586743136,1.0736761067043208,-0.07743171246281992
2022-09-15,0.0008198854022682366,1.2186372434260744,-0.22288370178485734,-0.7302793319837545,0.29644527868325193,1.074043414782821,-0.07542953529420418
2022-09-16,0.0007839637012669484,1.2180694379537136,-0.22212724922903554,-0.7247361269193935,0.28813752458835196,1.066648139094109,-0.07710290655077312
2022-09-19,0.0008711570699759716,1.223086972769516,-0.2174331127588505,-0.7132403990373842,0.29421836019343156,1.0436922028861093,-0.0694056468245122
2022-09-20,0.0009943349804103767,1.2136017164812296,-0.2272299364371408,-0.7236625697758245,0.284509263137008,1.0424438021099895,-0.05757907373852039
2022-09-21,0.0009747935801339764,1.2146665386518656,-0.22909032985607958,-0.722507892830982,0.28463840161703147,1.043993777658991,-0.059155767138841575
2022-09-22,0.000931111584776221,1.2128758216990225,-0.22555221682681553,-0.718338718115294,0.2856766127296336,1.0376192793706447,-0.06411662463475355
2022-09-23,0.0009356209391067876,1.213010944796396,-0.22553176766718325,-0.717863925463006,0.28498696189652717,1.0369762942821552,-0.06369853195377109
2022-09-26,0.0009945801265903408,1.2085765581024388,-0.2243778313849613,-0.7215541578839875,0.28526371786240157,1.0252870082383918,-0.05587160485280842
2022-09-27,0.0010304445142271337,1.2047488408536,-0.22794285526941588,-0.7249442460515749,0.2813318339425962,1.0116825434357666,-0.04983507017752272
2022-09-28,0.0008944353107190937,1.1934342870108758,-0.2481270309272682,-0.7479300349760347,0.28420162746972877,1.0348880886881364,-0.04325840831293127
2022-09-29,0.0007879134771403404,1.2033318717700088,-0.24316042539734462,-0.7509500815779115,0.2848923307990619,1.0408116664552756,-0.04319072597037517
2022-09-30,0.000741553665438425,1.208400220021141,-0.24414256261378622,-0.7529712825253162,0.2937809016002518,1.0511279618532336,-0.04761038778211388
2022-10-03,0.0007549557817880252,1.2085752800228002,-0.2405049581068881,-0.7542343017172384,0.2919361136182459,1.0530701881414701,-0.04524746775473648
2022-10-04,0.0007335006294593474,1.202863522711568,-0.24134994223617104,-0.757409041207302,0.2932721672791998,1.0496965127464413,-0.040239497212260125
2022-10-05,0.000724597944483955,1.2022049573479894,-0.23928348368877286,-0.7587627398098761,0.2945274634026694,1.0531757521060814,-0.04174737954597424
2022-10-06,0.0007649038775595948,1.1992804189328916,-0.2332744082829405,-0.7533237413744409,0.2932245324506519,1.038090741996304,-0.038286436608453114
2022-10-07,0.0007523541680411612,1.2036091727616678,-0.23303707235698753,-0.7501729126234445,0.29244958105000557,1.029772050717572,-0.037847073194603495
2022-10-10,0.0007806582035199338,1.204267914329107,-0.22222404165797655,-0.7526238417126201,0.302921143059685,1.0290685470869705,-0.03422285481325138
2022-10-11,0.000746813021933387,1.2045909008026836,-0.2318179674275681,-0.746807147657483,0.2984957874496962,1.0209625950549799,-0.03579583230594262
2022-10-12,0.0007608692210134247,1.2040500106181922,-0.2296402726856755,-0.7468478405052059,0.29553303264799835,1.0182361736761383,-0.0332546444106946
2022-10-13,0.0008140412056800437,1.2064975770352047,-0.2330489137138906,-0.7448979217459711,0.29398986398091553,1.0133697997856639,-0.031638407247326944
2022-10-14,0.0007839346355335234,1.211355050349026,-0.2363768614252885,-0.7331555841317566,0.291843020721045,0.9811816735927172,-0.02445384475287188
2022-10-17,0.0007949685165133714,1.2118719521295946,-0.23936257857936566,-0.7319967024236795,0.29120249263455045,0.9793238083227653,-0.024598131090308575
2022-10-18,0.000753381133207534,1.209651739966759,-0.23640642991540634,-0.7326449852657568,0.29224607254682305,0.9824808821357249,-0.02786699885478565
2022-10-19,0.0007713370358458121,1.2094629756713946,-0.24290124936318502,-0.7311147307797681,0.2903501912741404,0.9780271344881841,-0.023695192092670722
2022-10-20,0.0007724696273352097,1.2085288053625336,-0.24490312687493707,-0.7324558760513202,0.28896867412337063,0.9789496126508317,-0.02399768292551481
2022-10-21,0.0007967860583410009,1.2084943726974382,-0.2437103218193073,-0.7343857298254024,0.2910486741287868,0.9761031082333965,-0.021968113985149
2022-10-24,0.0007840194064538814,1.2063443986702957,-0.24251567429034343,-0.7326401129848379,0.28783263040010926,0.9727829473674102,-0.022334343967872497
2022-10-25,0.0008157712252562829,1.2068409815822627,-0.23914850315995997,-0.7306626555046407,0.2863592047627568,0.9675433006907528,-0.022043871940360116
2022-10-26,0.0007755371364975808,1.2075215641579038,-0.24333234027850137,-0.7317949599291658,0.29189882161512026,0.9647798489376904,-0.023276043013742045
2022-10-27,0.0007116187818733172,1.2073569319314577,-0.25430416784197263,-0.7417510625371495,0.29925879208462347,0.9697484438406219,-0.026223898893675518
2022-10-28,0.000775004953920778,1.2292295817961594,-0.24801486738171163,-0.7724482594517,0.3247121851528584,1.0551587419852333,-0.04422167105577701
2022-10-31,0.0008543152067428105,1.229166573835953,-0.24104282822334994,-0.7748365154284979,0.33551116514011275,1.0250834689201724,-0.028928161016556667
2022-11-01,0.0008151640036854707,1.2290735398486645,-0.2461560585203548,-0.7762036611337557,0.33396005367747184,1.017926356327905,-0.024424939585430072
2022-11-02,0.0008053581702027779,1.232250857468871,-0.24042528736861,-0.7804817363311036,0.34091345374046794,1.0248620494005352,-0.028332144598661485
2022-11-03,0.0006686239478825327,1.236902712969112,-0.2683208086483685,-0.7834114185369295,0.33805704194396563,1.0437480135944366,-0.039349876462798805
2022-11-04,0.0006694094297884428,1.223646871297471,-0.2854460490584885,-0.7939145037091992,0.3096257405108435,1.0263651769925648,-0.028817380227190992
2022-11-07,0.0006302240297831091,1.2176954289661577,-0.28289161168905447,-0.7848388375690941,0.2962432500704009,0.9992932626786093,-0.020475560296087797
2022-11-08,0.0006208432064683368,1.2172936044081584,-0.27715599536467334,-0.7816953972672722,0.29566745363477914,0.9921800483192502,-0.017093493252479094
2022-11-09,0.0005470506011228326,1.2223197659835316,-0.27730636120838087,-0.7634368835822195,0.2879296664102836,0.9652542203680647,-0.01749692423185964
2022-11-10,0.0006771671350201368,1.2354040443655336,-0.2742888305696293,-0.7436665453955907,0.31827585088909455,0.9560004958999366,-0.0673284321974624
2022-11-11,0.0007072071514869034,1.233117573763614,-0.2843724818499997,-0.7374035024652293,0.3163848259304328,0.9579065381882743,-0.08384129230329297
2022-11-14,0.0007067845223963884,1.2333956075689534,-0.2858172407574123,-0.7375703962838145,0.31667471932884983,0.9584735806374844,-0.08505937701677033
2022-11-15,0.0007140023570390624,1.2335481229235312,-0.28731373436679325,-0.7372864261012428,0.31711209152515435,0.9597977432391012,-0.08612609949080703
2022-11-16,0.0006863457875868619,1.2331701601371603,-0.2838198056497023,-0.7339038391941232,0.31612895031708477,0.9604991514506055,-0.09111577432520225
2022-11-17,0.0006751521945894024,1.235840222758796,-0.27060704114880385,-0.733831837495087,0.3189691940643316,0.9601262904054896,-0.08454715188547403
2022-11-18,0.0005494959866876242,1.2313426480780403,-0.26357349675842723,-0.7262173582401592,0.3041742391394191,0.9695259806184525,-0.09649066592269898
2022-11-21,0.00042549767790727876,1.23016373694475,-0.26683063685120045,-0.7106256702935095,0.29244497089030186,0.957559207079006,-0.10463660153571633
2022-11-22,0.00039764211673616893,1.227118895945676,-0.27347256054037694,-0.7175199676453043,0.28494334780403885,0.9452365125684932,-0.0964476064452224
2022-11-23,0.0003749517487125353,1.2268729812621495,-0.2693379865969897,-0.7191659492252933,0.28671420232081446,0.9417665342876622,-0.0925391179416572
2022-11-25,0.00032247135446601607,1.2258892945992774,-0.2772540789713289,-0.724381415842871,0.2884533057118816,0.9505599738034013,-0.09789881045437852
2022-11-28,0.00031951165705967937,1.221880788002978,-0.29404849960161694,-0.7196240289543208,0.28618656963094247,0.9395827813769337,-0.10404115162696968
2022-11-29,0.00025435935552426656,1.2198204175190646,-0.301528772210776,-0.7244806241503524,0.2846524196218789,0.9409158236624645,-0.10536439703140134
2022-11-30,0.0001279376420161559,1.2442259059854668,-0.3246339779599023,-0.6590537648491643,0.2748027209211167,0.8580306099038142,-0.09550214212636601
2022-12-01,0.00010508420059943363,1.2457398969066817,-0.3267475258279481,-0.6567904850591822,0.2596146199196614,0.8478527783938214,-0.08643339571090365
2022-12-02,0.00013692846710350618,1.2514963855193086,-0.3172984139039628,-0.6377386147023276,0.2550844055771632,0.8325513938321537,-0.085357666452954
2022-12-05,0.0001576337403814376,1.2499440595060407,-0.323791847595634,-0.6418131788379222,0.26505617448802393,0.8523760929679455,-0.09901301340025777
2022-12-06,0.00011297125638765044,1.2479326083560802,-0.3364314617347572,-0.6415465576147759,0.25835181035444926,0.8412015042890377,-0.09590531653305578
2022-12-07,3.7473739104640445e-05,1.2471049622511128,-0.33159620744924195,-0.6364636652449303,0.2644700747380919,0.8503659597924759,-0.1069976335115935
2022-12-08,-1.0924395760161288e-05,1.246576617293925,-0.3345476590272767,-0.6267259212628778,0.2700025343924496,0.831562720734657,-0.10525477981477027
2022-12-09,-5.6539098489119186e-06,1.2458034592119431,-0.3342520685786553,-0.6268178312747531,0.266942338030401,0.8278076608978395,-0.10333181939366928
2022-12-12,-4.7258246998659157e-05,1.2416383991474242,-0.32740992155826715,-0.6226809716051145,0.25869453020268063,0.8161124883273578,-0.10051956581113594
2022-12-13,-5.590643539773532e-07,1.2345379307135547,-0.3371092561838871,-0.63170838456975,0.2669407117866931,0.8321296320339666,-0.11619135693270022
2022-12-14,-7.400374983722026e-05,1.2371753596936046,-0.33167204062704453,-0.6382911659304404,0.2693519903085296,0.8424319964887157,-0.11519208615135955
2022-12-15,-0.00011156113310570906,1.2410447384461296,-0.3305552395018181,-0.6445928668676546,0.2735083746662038,0.8575216499053435,-0.11999576595239911
2022-12-16,-5.4991412737004136e-05,1.237011784806063,-0.3661076617006442,-0.6046933178348628,0.2712878010023017,0.8455827132706157,-0.1519646559090699
2022-12-19,-7.398366025876862e-05,1.2355889183493884,-0.36055743737151635,-0.606433677671729,0.2707830456053813,0.846187038040074,-0.1544299738042585
2022-12-20,-8.871378597378961e-05,1.2362019838872333,-0.360320623737566,-0.6047729206448067,0.2712952277739261,0.8436267527082568,-0.15398710087566808
2022-12-21,-7.89132513487342e-05,1.2365733336702003,-0.3605037708925593,-0.6058512181963469,0.27657158764276474,0.8452296353853036,-0.15610822645261918
2022-12-22,-0.00011332265644282665,1.237276188407522,-0.3663029010974653,-0.5996339736528604,0.2770419322002976,0.8367080069791177,-0.15835614743982396
2022-12-23,-0.00013576202707513244,1.2346421828194143,-0.3642818353490258,-0.6038567161556903,0.2732709546448165,0.83721469123816,-0.15755229640387913
2022-12-27,-0.00019875544403054075,1.2276880533327188,-0.3717220658034303,-0.5976018387597994,0.2643354588882446,0.8286846539556404,-0.16734608587291241
2022-12-28,-0.00024920630701204136,1.2342458219851589,-0.3576933378099297,-0.596145875318241,0.28130512038884786,0.8331942888542292,-0.168565642523463
2022-12-29,-0.00021529604420566617,1.2352902724174628,-0.3509057074868491,-0.5945795353272485,0.28211408348648215,0.8370737623557295,-0.17434492528216836
2022-12-30,-0.0001785886731474521,1.2340360543702888,-0.3527861839164895,-0.5932324338215513,0.2780720206704253,0.8356763646521606,-0.1753538545843471
2023-01-03,-0.0002952145692240156,1.2400851893405982,-0.35547575146778665,-0.5696350561192997,0.2547048699317329,0.754076664078896,-0.13117615058411075
2023-01-04,-0.00035227184591769085,1.2368852225335796,-0.35538735495847956,-0.5802242052490216,0.2695916518854892,0.7347082203430249,-0.11855342286602405
2023-01-05,-0.00033656851176645786,1.2371873309597214,-0.35244912397236094,-0.578760195946519,0.27150367685111937,0.7364273058471642,-0.11925530604981568
2023-01-06,-0.00031268873329320864,1.2403390546264585,-0.35141780703066705,-0.5784948686998,0.27739353551202034,0.7424137881342144,-0.12240836350581566
2023-01-09,-0.00027502351187213555,1.2387123402655698,-0.35225555698994176,-0.5725625254298425,0.2745701625577876,0.7321487998304501,-0.12347471994892953
2023-01-10,-0.0003173937496857926,1.239467031971853,-0.33274578198145144,-0.5888813291233533,0.2805907949359587,0.7299860322468179,-0.10853629033247932
2023-01-11,-0.0002940228332061383,1.2397550114417022,-0.33525183097838895,-0.5851933403739253,0.2817997041101887,0.7251180641146806,-0.11160162038298442
2023-01-12,-0.0002902705207770336,1.2394492402458301,-0.32787041826945396,-0.5839448092473521,0.28300644796762076,0.720489422317008,-0.10970347874140332
2023-01-13,-0.00026024170325155153,1.2400654948747567,-0.3274712248247099,-0.583622093847239,0.28311629061357174,0.7173567609754095,-0.10794595384972222
2023-01-17,-0.00022765670807343714,1.238497874592296,-0.3429227478537763,-0.5901418630084485,0.2700689837820285,0.7075711544398953,-0.0999635084013705
2023-01-18,-0.00022104917764847646,1.23430908602348,-0.33967181084882886,-0.5996062694056339,0.27864246808310433,0.7100793566416596,-0.10052263738692604
2023-01-19,-0.00019605669945127582,1.2350394121662005,-0.33443874025644393,-0.6007958766360186,0.28090901124029044,0.7127892183488125,-0.0993265265746116
2023-01-20,-0.00015993186485953727,1.2289795382287114,-0.34029324688361173,-0.6151273115306254,0.28380125161488046,0.7270655900954035,-0.10223410608008054
2023-01-23,-0.00012169028204779683,1.2283140473118461,-0.34790361976399764,-0.6112464686906467,0.2832768204232632,0.7234215535727229,-0.10777587705100307
2023-01-24,-0.0001116537314925997,1.2336331467776314,-0.360820541565625,-0.6092966412732409,0.2665054087342077,0.7140042611724896,-0.09631005056841335
2023-01-25,-0.00011256844707254073,1.2338815459369545,-0.3559849086059422,-0.6102390429178619,0.26755171199739897,0.712264513926403,-0.09419749347493103
2023-01-26,-0.00015308112050471922,1.2360979660164975,-0.34041917858980364,-0.6335506158164015,0.284597359241809,0.6954319872875566,-0.07372170725184707
2023-01-27,-0.00010093153970456268,1.23199856027068,-0.34514799645844263,-0.6269706515154507,0.28431971383565063,0.6861855877994931,-0.08236343451252247
2023-01-30,-0.00010806124706124918,1.232015093050744,-0.35326765582780206,-0.6246621117359248,0.2843755428358994,0.6862545029493441,-0.08625132244023204
2023-01-31,-0.00020523724076516463,1.2186126733915295,-0.34726240769435085,-0.5719382593576169,0.27082331954455946,0.6241022547466399,-0.09034735158214272
2023-02-01,-0.00022712637203738323,1.2197399160646594,-0.35126353854319536,-0.570948690996357,0.2623000546923912,0.6187802362544644,-0.08229801050996072
2023-02-02,-0.00014599415326678494,1.2170056820057524,-0.33825621125172933,-0.5648615556656154,0.2761238914948859,0.6305685043039551,-0.10989625652626203
2023-02-03,-9.040612387433984e-06,1.221915490414716,-0.29162962264922787,-0.5857430837159643,0.30884673323385525,0.6576555148534705,-0.09695238387983192
2023-02-06,-0.00011623117756574917,1.228383234422568,-0.29211039835245245,-0.6020111630689611,0.31562285677211294,0.6497294976530705,-0.08717053589101822
2023-02-07,-7.240512169634608e-05,1.2272973831842902,-0.3091456770083139,-0.5907203331674822,0.30604157612059246,0.6399596282781806,-0.09304126119595793
2023-02-08,-8.338627583624888e-05,1.2273807426825547,-0.31316027371968636,-0.5915063438986997,0.30701987282317256,0.6393116436513807,-0.09280875052201837
2023-02-09,-9.92336550100564e-05,1.2252703601137327,-0.32671863712716126,-0.5900507639585152,0.29855059938186274,0.6424390347398283,-0.09593555313742655
2023-02-10,-1.080584482470088e-05,1.2305591732991914,-0.3329701923967927,-0.6192810070878856,0.289008101756216,0.6764563616088516,-0.09165351092385399
2023-02-13,-3.094443152236033e-05,1.2326681863974112,-0.3295229515825169,-0.6265306623996826,0.29439226415596365,0.6823455248508138,-0.09002771402940715
2023-02-14,-8.00404000504363e-05,1.2354705341433019,-0.34377015624626295,-0.6384751704851894,0.29886830008208326,0.674196527315519,-0.08186620716325813
2023-02-15,-2.6861626877837494e-05,1.2334311253612265,-0.3393200381424537,-0.6306245264881162,0.28924399447279736,0.6594770232640192,-0.08115303311621784
2023-02-16,-1.2462878951084743e-05,1.2326021694890403,-0.33583596672826466,-0.6313212999542603,0.29243911959292457,0.6628733718042263,-0.08151498689534176
2023-02-17,-2.263170466222677e-05,1.2323268913052998,-0.34515093037089006,-0.62522964916479,0.2905955761088057,0.6554226448579886,-0.0831163258507517
2023-02-21,-4.839062197371761e-05,1.2346971698656,-0.33857936402655225,-0.6240494359541799,0.2909452469098641,0.649328069060361,-0.07997063380627237
2023-02-22,-3.7259046318371004e-05,1.234127266514576,-0.3381448216005003,-0.6244145669970944,0.28873189733210225,0.6484961392250033,-0.08004657216916897
2023-02-23,-2.1251462238941368e-05,1.2328037219761872,-0.3418169102750686,-0.6246989373662566,0.28709075478368057,0.648596886335997,-0.08058994309205841
2023-02-24,-2.305835397939317e-05,1.2328338250563189,-0.34168671160413316,-0.6250763149045445,0.2872075211054033,0.6491528461571701,-0.0807143825124426
2023-02-27,5.7331829994562104e-05,1.2317954577030805,-0.3370201787768057,-0.654605000873685,0.28191221719673054,0.6575512235375615,-0.07313050183975782
2023-02-28,8.430752011178203e-05,1.2366589258381793,-0.3375729547068925,-0.6433905755414837,0.28133631216396937,0.6426139528960413,-0.06866691355889377
2023-03-01,5.455817794125902e-05,1.2350585739322264,-0.34793955183850056,-0.639674537223829,0.280753292032105,0.6407460534848313,-0.07483793291145795
2023-03-02,1.7832090902867605e-05,1.2337817189367843,-0.33771128528544025,-0.6363029757560018,0.28235861773011794,0.6316884140950125,-0.07136333550809562
2023-03-03,7.263151641460127e-05,1.233891411650814,-0.35488423466280794,-0.6323950063338668,0.2749972439187862,0.617351438124195,-0.07107429623974508
2023-03-06,0.00011273371139811528,1.2317441411483045,-0.3954717974420944,-0.6310615885160055,0.26162742892921836,0.5981818255886352,-0.06762621491792103
2023-03-07,0.00016002250963361765,1.2304737890372968,-0.3977205622674799,-0.6406737477651032,0.26130061249214454,0.6145799707405213,-0.06809809329000326
2023-03-08,0.00011628612330596028,1.2423246768200407,-0.41051833178997893,-0.6343762471431776,0.27405066309684056,0.5736052969670582,-0.05268223755421391
2023-03-09,8.165695031014329e-05,1.2452754538796231,-0.4128411779102588,-0.6292355732432977,0.2741593216312724,0.5667690760664877,-0.051128738758360534
2023-03-10,8.655909263774009e-05,1.2487448964408032,-0.4043055404550035,-0.6311870930491581,0.2734013503802565,0.5524977026160033,-0.0403707667949196
2023-03-13,0.00013488369273013105,1.2507672354082748,-0.3917137179717492,-0.6083302957906408,0.2679094306592902,0.5329379711495021,-0.03684691541460323
2023-03-14,0.00010779284874009741,1.2476348361555,-0.3919598790163063,-0.6084778332626535,0.2686820522531226,0.5381481990474497,-0.04104422682101988
2023-03-15,0.00016215881882629326,1.247142249482157,-0.40067577872601784,-0.5884615539880589,0.2837891535574776,0.5065314713651393,-0.04098195201000628
2023-03-16,0.00019313338275289194,1.2514578538730294,-0.402033932793794,-0.6096172718093487,0.29669816625842277,0.5107276324255923,-0.033109243988131795
2023-03-17,0.00018926995405930426,1.2539197402149238,-0.39531605964375893,-0.6031536911417072,0.2951216688087552,0.5049408846924599,-0.03187299753936411
2023-03-20,0.00025029396627510703,1.2581734653713545,-0.39861492687390115,-0.6105976814445397,0.28007283218066664,0.5162365853491087,-0.027365369609002554
2023-03-21,0.00028873340859226376,1.2593622730334082,-0.3998656636387584,-0.6001631547008881,0.27839963240894666,0.4988086291314988,-0.02591242663706613
2023-03-22,0.00025787643411975537,1.2563982328071828,-0.3861266119395345,-0.6078923177327578,0.29035308771409973,0.48540178920318444,-0.020340457770444638
2023-03-23,0.00022872420932137195,1.2560853094584044,-0.3816590849487182,-0.6050910778738333,0.2918700068886951,0.4923686944446982,-0.024242877145984002
2023-03-24,0.00018027702438228683,1.2602228549081198,-0.35836666898305347,-0.5897092060950836,0.3113066431464425,0.4345359365036633,-0.007096884965410825
2023-03-27,0.00013732005050560124,1.2580220917777596,-0.3653231268156973,-0.5947587980736857,0.31452318300259857,0.4374103872534255,-0.010184435355432273
2023-03-28,0.00011303104189900486,1.2563957750053052,-0.36162074972483516,-0.6013072509784032,0.31728227789663666,0.43152885785288075,-0.0059595053731716155
2023-03-29,0.0001841915313902886,1.2575621059746929,-0.38170938253814496,-0.6088201843842858,0.3215443924569691,0.4056501834769727,0.004502070518467717
2023-03-30,0.00017533724419011194,1.257447343941943,-0.3763282832374278,-0.6088545973093438,0.3222154110660227,0.4044756305046257,0.005566408643021749
2023-03-31,0.00018052346999980002,1.2568539529451577,-0.3829087203804154,-0.60994451263983,0.32101943291472823,0.4102526356916265,0.0033242684871495135
2023-04-03,0.00019287218463608828,1.25783673356361,-0.3825244272173859,-0.6100180422720458,0.3217840928183402,0.41168365348770924,0.0037941677050658262
2023-04-04,0.00020531876536629542,1.2595826012825055,-0.37064227574125236,-0.6140450642917614,0.31968237619787515,0.41267583480385006,0.009752099213965956
2023-04-05,0.00015509968226262607,1.2588027911144775,-0.35080934011824166,-0.6151880124925342,0.32231892053065003,0.39422548389576295,0.02055915158466068
2023-04-06,0.00015633861449618593,1.258707775056934,-0.3511550397857733,-0.6148930316001292,0.3223477321551608,0.3935010873970232,0.020711690935802926
2023-04-10,0.00010784156510171809,1.2565728396412144,-0.37362847042824854,-0.6150866037826597,0.31829681624451306,0.4058236581578562,0.010600263720159993
2023-04-11,0.00012929444606583185,1.2587201029486135,-0.3814881640194044,-0.6214453592125956,0.31756495425943765,0.40567365868439,0.01622629573267209
2023-04-12,0.0001276938578637913,1.2586631420649055,-0.3820734603364417,-0.6198410881922354,0.3171422682057998,0.40593056339103695,0.01504278550630566
2023-04-13,0.00017797114249218019,1.2617077168596995,-0.3813867124637056,-0.6275544204649389,0.3185077565753297,0.4048174921498856,0.01879722533181348
2023-04-14,9.894171109998479e-05,1.2590428391561121,-0.3981657214884017,-0.6138078397182709,0.32079245474459794,0.3717832875196648,0.01800092818775549
2023-04-17,0.00011104065669735044,1.2590274620631294,-0.3966593684490866,-0.613205225100475,0.3180215225144939,0.3706382136514348,0.019050133487646927
2023-04-18,0.00015260638723134108,1.2579125930701935,-0.39270065716120117,-0.6098918591526404,0.31654548028775487,0.3779615932117083,0.01579520718211616
2023-04-19,0.00017451072829512062,1.2568670169191192,-0.3862390299763142,-0.6114455282169049,0.31679226838326674,0.38380464743252374,0.01278745851507003
2023-04-20,0.00019431705826111404,1.2584954170886928,-0.385254016435544,-0.603630572986698,0.32440708981521155,0.3661754259599089,0.011883648367613478
2023-04-21,0.00012265844796747485,1.2574296535356901,-0.3936898116954521,-0.5906954452807982,0.32793840529464685,0.3521503959713865,0.007403720683870255
2023-04-24,9.135610376627718e-05,1.2609343834137192,-0.3915694311343821,-0.5899380063312092,0.31333686776828634,0.3484897252146215,0.014698470191795932
2023-04-25,7.804556738816461e-05,1.2662765451911646,-0.39734524225837187,-0.5953765271786724,0.3135235679910602,0.3599045880234605,0.01620129210610296
2023-04-26,0.00011723781452970081,1.2658684954550878,-0.394169630058242,-0.6053682124627384,0.3200489850181408,0.35453259310116403,0.020424365187173103
2023-04-27,0.00010626935634808617,1.2694851131032785,-0.39300731407780565,-0.6089521578989991,0.32325934447221694,0.3510448267376626,0.024200157320963138
2023-04-28,0.00012639915270426408,1.2708818619754316,-0.39775360715425045,-0.6122816226292753,0.320439088176031,0.3570265354114809,0.025729773590253455
2023-05-01,7.967802585588356e-05,1.2641820359339557,-0.39805767703369754,-0.6002023248533757,0.3183871580667842,0.3481787769836524,0.018725249699711274
2023-05-02,9.822696046288168e-06,1.2782422132634346,-0.4164634105275228,-0.590397116839708,0.31861727158219777,0.32776535381358635,0.026624721917179635
2023-05-03,4.781222398954978e-05,1.2768484326593157,-0.4130769533150953,-0.5901817555989637,0.31681433361427047,0.31730004661600253,0.029243302903887214
2023-05-04,-2.1475017070605773e-05,1.2748497580001175,-0.4102410385302153,-0.5938341682614923,0.3256354897549872,0.3038446874155082,0.032068782177931035
2023-05-05,0.00010614681182113554,1.2820085612935266,-0.39947092784546623,-0.5470675514616,0.34085758655819587,0.254621621474377,0.02431455353337153
2023-05-08,9.998875167875035e-05,1.2814925040993699,-0.39791061188769516,-0.546724116344028,0.3422750713234842,0.2571820089463566,0.02253073552580276
2023-05-09,2.5887679104430667e-05,1.2816942092677674,-0.3768373767637342,-0.5607164396808,0.34425897391699595,0.24473797239501105,0.03465060823974371
2023-05-10,7.082612351750901e-06,1.2885713858571637,-0.385427499071653,-0.568311462148025,0.31702431980019685,0.25960891249974094,0.0422279275319237
2023-05-11,-1.8280825075960862e-05,1.2861832267198117,-0.3815366229976379,-0.5576365937954475,0.3220811569566556,0.2523582105737066,0.03637185193303568
2023-05-12,7.584988948594769e-05,1.27805079506847,-0.40480545201807283,-0.5118179146944871,0.3128750384666099,0.2210782031802403,0.02725918350560457
2023-05-15,0.00016447924067038535,1.2655269662976918,-0.36175065831427816,-0.5147664993232016,0.33898961117539006,0.21763626603882283,0.01068411507078633
2023-05-16,0.00018520115653561397,1.2685961223434423,-0.362965777034308,-0.5229525811937986,0.3320896713193547,0.2227276121361329,0.01555645101587089
2023-05-17,0.0001753698703750961,1.2687601071598462,-0.36383727712352704,-0.5271599937900283,0.3317540550647056,0.22391993890041018,0.01785162068314955
2023-05-18,0.00015131575102052394,1.2666133200946357,-0.36793413947791626,-0.5287624540905093,0.33242001481368355,0.2219898597623599,0.018688912481565942
2023-05-19,0.00011849611727839527,1.2760237535290697,-0.367856383166607,-0.5419173321925359,0.3369857040350929,0.2274822634195113,0.027316649339778502
2023-05-22,0.00020286790264955408,1.2672257863692824,-0.3706400286619731,-0.5313239764482753,0.31869822442478796,0.21070976815174394,0.023700774064029727
2023-05-23,0.00022639227935846286,1.2633121452419758,-0.36733835558306527,-0.5231151461584463,0.3217398679168035,0.2111793934733727,0.015762967304659023
2023-05-24,0.00016018297167686124,1.246063849899698,-0.33231892581300276,-0.5381854805456434,0.34413612571157753,0.1793133045655319,0.024611396391287375
2023-05-25,0.00014651277805646397,1.240576536605532,-0.3286261052638233,-0.5294191197007232,0.32020395503871046,0.2424053071014659,-0.006369249423489147
2023-05-26,0.00016453004171327246,1.2407614414141126,-0.31759288418543824,-0.5254798939771917,0.32027571449090825,0.2501585659017486,-0.010556414185408751
2023-05-30,0.00022963041218529244,1.2415503741832516,-0.32810231393336564,-0.5180796646666861,0.31654230055552074,0.23156499587651252,-0.008617318752493192
2023-05-31,0.00022476880358702377,1.2371712669439408,-0.32986324675179673,-0.5157117601003349,0.31476403227339766,0.22850217429554326,-0.010128111166708871
2023-06-01,0.00022971653054814704,1.2395617475026905,-0.3279261320418424,-0.517638365718653,0.31281069122307814,0.22750805468384264,-0.006172251006270946
2023-06-02,0.00015755758008524515,1.237060235861179,-0.34402917754424744,-0.5174526376902225,0.3152223184956163,0.20396350634666927,-0.00282459364291816
2023-06-05,0.0001622603570245685,1.2417473867776703,-0.31620864973034796,-0.5312373514724514,0.33433484650259343,0.20377668891720177,0.00023829558285999933
2023-06-06,0.0002432923525897947,1.2346030136337407,-0.2795847008877885,-0.5199513889767341,0.332227369508688,0.19626124172468273,0.0006352815038604548
2023-06-07,0.00026897026735985414,1.231094657624826,-0.2628843684421751,-0.5142376973732867,0.34235391969049483,0.21601733602933004,-0.014340124298986463
2023-06-08,0.0002274256940799005,1.2250322967677678,-0.26288110841148793,-0.5069078843628751,0.36288070402369965,0.19204707284996764,-0.017467265348698226
2023-06-09,0.00018635323812312885,1.2286756425230658,-0.25273572751107437,-0.5094933862360707,0.3692633224055032,0.19148610332873103,-0.012704332782054463
2023-06-12,0.00020452284052137343,1.2227460854301913,-0.24137840987902412,-0.5099661097634743,0.3785838620501581,0.1846387629943657,-0.011836096358938224
2023-06-13,0.0001714304797374829,1.2231041365876845,-0.2423625685497502,-0.5155629629201743,0.3807491623129751,0.1897531527707323,-0.010423625022565485
2023-06-14,0.00012607443854862233,1.2363946768958103,-0.24426348869696343,-0.5218225691376636,0.3587907767410931,0.2335625288732343,-0.01772853701718589
2023-06-15,6.498390680848747e-05,1.2352706050095041,-0.24276353187590768,-0.5238262657071198,0.3585719199116681,0.2335751217622058,-0.017326678463098714
2023-06-16,7.029939006961529e-05,1.2362574138326878,-0.24151318556473012,-0.5266320943929355,0.3610874824178315,0.23117171143573934,-0.016796805740785223
2023-06-20,8.445502159240562e-05,1.2363591274970185,-0.23660204900321422,-0.529393196178936,0.361635471555222,0.22718509623647248,-0.012506601701194983
2023-06-21,9.528899484866342e-05,1.2329649459877257,-0.23099909527799564,-0.5324315841603093,0.3716955601538645,0.2207646772575702,-0.014496844585861132
2023-06-22,7.885339831698203e-05,1.223926858803944,-0.22319273210267698,-0.5365390502408913,0.38900602297155884,0.21569002234355994,-0.02050990916893472
2023-06-23,0.00013519176497493398,1.210872783445427,-0.22140741484435827,-0.5353014325035651,0.4150589992461162,0.18262073709697213,-0.025046272924627647
2023-06-26,0.00016132227344574498,1.2020722671423405,-0.20272516781472213,-0.5659683243699334,0.4572050198736692,0.18526721517402073,-0.03627198438467574
2023-06-27,0.00020966938773033243,1.2185963500485613,-0.22312136813945305,-0.5584081948885258,0.44901605018243385,0.19606904434762001,-0.03875652486605743
2023-06-28,0.0001884418796592978,1.2085821441242857,-0.23484950991316322,-0.5520846076032608,0.4631973359737014,0.16808992303186127,-0.048008719727103695
2023-06-29,0.00011325834628736822,1.2079261053147516,-0.23075681701688722,-0.5706726123972644,0.4944824947693767,0.16998983849905228,-0.05716058701637635
2023-06-30,0.0001225536484824326,1.2124674033203222,-0.23426633938632746,-0.5711737304581891,0.4854922937238408,0.1750317930407555,-0.0534730922032396
2023-07-03,0.00013325771887515907,1.2080489538625163,-0.21127756283590018,-0.5845434957825486,0.5056398870953279,0.1593914770998901,-0.0422329927448018
2023-07-05,8.198653333019618e-05,1.204842285297093,-0.19278278126222242,-0.5919209436133528,0.5229076625555895,0.15019769371683417,-0.037078983388968145
2023-07-06,7.59873716177154e-05,1.2104494607988372,-0.19976576723051484,-0.5878214434820161,0.5241180651612681,0.15237664964799616,-0.030542786271789038
2023-07-07,9.618867061393719e-05,1.2086224952318307,-0.19076136183576226,-0.5822319435292715,0.5245064591527352,0.1510689456468996,-0.03254609453031733
2023-07-10,4.1555692449996246e-05,1.2014488160481882,-0.21066947404666633,-0.5729353312340022,0.5388824226006247,0.14015883372466917,-0.04474543964911771
2023-07-11,-2.4625573531815968e-05,1.198526503228118,-0.2075881076817131,-0.5777727971058694,0.5480334108306762,0.13496513930734552,-0.04383923922771017
2023-07-12,3.5515506262081154e-06,1.1995127122762608,-0.20732551454656203,-0.5719650614579515,0.5461134348476796,0.12623847446885558,-0.040664646027314205
2023-07-13,-0.00010117263830472365,1.2049135545216927,-0.23124160025796392,-0.5616897429617048,0.5376506784624789,0.08860362102541057,-0.02595030581882394
2023-07-14,-0.0001308117307553868,1.2064481115013144,-0.23449434947382952,-0.5515305178283787,0.528991120694037,0.0966380057073127,-0.03181342576779786
2023-07-17,-0.0001263687586301921,1.2155231549714438,-0.22428769489626446,-0.540818120947847,0.4996047310546223,0.0956454945532701,-0.01832354352833715
2023-07-18,-0.00011865539811705517,1.2231013959579846,-0.23371253383019747,-0.5422056535459732,0.48486300699514695,0.11041270800127767,-0.017230543268037773
2023-07-19,-4.54821702923223e-05,1.2152983860645876,-0.24113873809194458,-0.5162107943266456,0.48955171742280723,0.09485664944872294,-0.03258457653023307
2023-07-20,-2.6735447074720947e-05,1.221106825970233,-0.23391694870908736,-0.518316572720247,0.4920817745371374,0.09417114926286334,-0.02975350850445882
2023-07-21,-8.568268488615637e-05,1.2248769994815536,-0.2315205902285572,-0.518754123178671,0.49696501266343396,0.09375739091451474,-0.02274747970164638
2023-07-24,-7.303223272273648e-05,1.2252271260157745,-0.23287487764569365,-0.5216899543159819,0.4974093832045442,0.09254400302320842,-0.02215404861663328
2023-07-25,-9.730449771431815e-05,1.2245026868770774,-0.2353137652309295,-0.5177659926641165,0.4910080834149071,0.09522242483029818,-0.025962859843198863
2023-07-26,-3.292953888431511e-05,1.2245257753293846,-0.23177752365773246,-0.5085517004298465,0.484793108547755,0.11350699914730834,-0.0369662184880101
2023-07-27,-7.462617317749231e-05,1.2233502503593325,-0.24720210230939793,-0.5023032217751963,0.48243534374325603,0.10490298657709125,-0.044968117592277555
2023-07-28,-5.018923094492127e-05,1.2269080125653897,-0.24558589907300132,-0.5026734375069062,0.48112467913390267,0.0998889688239737,-0.04110539799737765
2023-07-31,3.548204474474305e-05,1.231329999112855,-0.23156111878203328,-0.5087225389991973,0.4856776330726624,0.08068016925930038,-0.02770312992952241
2023-08-01,-2.3859292179789982e-05,1.23163324068229,-0.20163601933291792,-0.5437511693789672,0.4799511226657883,0.13750573615326653,-0.026208747927657386
2023-08-02,4.285266823252299e-06,1.229999084994423,-0.19792636995856197,-0.5495342177209405,0.48509808165879753,0.14825774135186162,-0.03067717357235436
2023-08-03,-2.484944348753331e-05,1.2320177634870717,-0.1991575302917364,-0.5510916870632967,0.4850696817509619,0.15536597586787093,-0.03175640875092499
2023-08-04,-0.0002474513771954308,1.2511124261846807,-0.16438216232709418,-0.6076413163794447,0.5120115432081183,0.23002656662846308,-0.013896214939103368
2023-08-07,-0.0003425328623970967,1.240313983833238,-0.1100574138582899,-0.6465205425273112,0.5117933941634817,0.26613946658051113,-0.012140526348139419
2023-08-08,-0.00034152076910416544,1.2371809034379222,-0.1099764997834611,-0.6476859006646779,0.533126794715336,0.25807952487453145,-0.015338615358049944
2023-08-09,-0.0003548576012596433,1.2398645413990441,-0.11254137669420572,-0.6465531511051853,0.5252835750658699,0.26078184774749574,-0.013259725615725686
2023-08-10,-0.0004353214925040512,1.2317928536716871,-0.07760935321064114,-0.6681613953770138,0.5432083045786854,0.2595584687963797,-0.016458817294312464
2023-08-11,-0.00040407521637307326,1.2326026625333628,-0.07766309937107446,-0.6679565397265513,0.538185872093445,0.26500284265553536,-0.018667125327316965
2023-08-14,-0.0004138586090979672,1.23188841860139,-0.07697568736554956,-0.669034209802466,0.537997004320785,0.26591903243927567,-0.019446517125427637
2023-08-15,-0.00042953825466100456,1.2334289661028948,-0.082659697083074,-0.6622330786227073,0.5349392224995845,0.264727278011852,-0.021842686630136544
2023-08-16,-0.00041920054460484033,1.2328139636898179,-0.0834615501608923,-0.6627551498970669,0.5356445162523927,0.26490420448036717,-0.02253617000682086
2023-08-17,-0.00041547427214050445,1.2362111370244515,-0.0806059987096597,-0.6647145786265997,0.5389489765899493,0.2672546974468132,-0.01969011959132854
2023-08-18,-0.0004743198545285631,1.2347459293472671,-0.06826104998539209,-0.6770145556562532,0.5252021173826306,0.2877201555480008,-0.02949042464462645
2023-08-21,-0.00046374565463162717,1.2353855660152497,-0.0571388857657793,-0.679169494038321,0.5325311702896585,0.28710660819094747,-0.026337229589208373
2023-08-22,-0.00043727339853532596,1.2349674030586903,-0.05203914975503293,-0.6870458044347789,0.5302169321462715,0.2888143728227438,-0.022807674882891475
2023-08-23,-0.00040946348473933704,1.2462398539042543,-0.060315104993081875,-0.6851660331776044,0.5165269542661957,0.29384461174151144,-0.016742689146611048
2023-08-24,-0.0004583010416487446,1.2525026455293173,-0.06001344904683337,-0.6916537180515513,0.513204451396235,0.3009309995965868,-0.012342096086845049
2023-08-25,-0.0004578620170362861,1.2532839929839747,-0.06164935671457472,-0.692656266569512,0.5156624543569867,0.3027736981423539,-0.013040618991922222
2023-08-28,-0.0004369564464801629,1.2550760556124914,-0.0616308449378733,-0.6908294447131416,0.517269999140035,0.30109689664352224,-0.012856715214986152
2023-08-29,-0.00048733050020894914,1.2721802506018909,-0.05637069249740728,-0.7098454844915469,0.5268629921012471,0.32013190556185667,-0.012329904254283111
2023-08-30,-0.00041353432170558775,1.276410236929038,-0.05541037219313805,-0.7158159018443059,0.5154768094513844,0.330740155932931,-0.006808916066249518
2023-08-31,-0.00038752822343224357,1.2747384127700503,-0.059158556744440566,-0.7122401224333582,0.5138104126939831,0.32635180410040715,-0.0077549310366884575
2023-09-01,-0.0003430545299276329,1.2742363748821317,-0.04517815851882259,-0.706953209957788,0.5172564465767964,0.3114817997409113,-0.0013203666646949275
2023-09-05,-0.0003175790184762349,1.273532460653895,-0.05983317893671969,-0.7055205215472737,0.5125239117754021,0.31323238116259117,-0.004912479128392648
2023-09-06,-0.00046443662559881373,1.2789319267809796,-0.06158095127644028,-0.7084739961086938,0.5418747010071177,0.3160505782104259,-0.016029555471010176
2023-09-07,-0.0005555389126173599,1.2801302487753743,-0.03204264469224857,-0.7211271947814283,0.5631395616976365,0.3152566257576823,-0.011386172174623052
2023-09-08,-0.0004651899499498904,1.2932072617686656,-0.036418180758537255,-0.7402884478860441,0.5331011254075247,0.3598543861466363,-0.016405274510328374
2023-09-11,-0.0004188443950855085,1.2916567739010945,-0.05098881203691083,-0.7220826851492732,0.5132064903682033,0.33891841680024043,-0.016451591902420584
2023-09-12,-0.0004215328778505719,1.2952383580881026,-0.048619431818981845,-0.7275545955819009,0.5131120290970022,0.3425606774056085,-0.013969376663355348
2023-09-13,-0.0005733216220824537,1.2843296213238542,-0.04022794781295683,-0.730835678618293,0.5175451803006947,0.35050955773157544,-0.021435459963279932
2023-09-14,-0.0006068873528532601,1.2946049454191915,-0.03941238041467607,-0.7384003095151818,0.5277351049145265,0.3572342837009731,-0.021324186356335775
2023-09-15,-0.00058223741239293,1.2857375902535784,-0.03592199149672484,-0.7435344913475352,0.530435347586636,0.38191268635680387,-0.03689732872134166
2023-09-18,-0.0005207700762865924,1.2894762137701448,-0.04920320008994333,-0.7404916308052183,0.5231590087786278,0.37243327686372124,-0.027680961649283548
2023-09-19,-0.0004848671327663157,1.2887580013877245,-0.04904698629352733,-0.7437908473448945,0.5341025166533501,0.3782982792433195,-0.03026767454032761
2023-09-20,-0.0005863760782568049,1.2866647297522587,-0.049050579057213106,-0.7565489932475108,0.5194611787068386,0.3957877296390907,-0.03342906298774312
2023-09-21,-0.0006835376994198674,1.2804959605237571,-0.03439068379965138,-0.752670851163593,0.5608826931061894,0.38059575635766996,-0.05068821526731136
2023-09-22,-0.0006658825899470821,1.2801101224913343,-0.031984114131739794,-0.7550227746966324,0.5628816318919505,0.3782393664965298,-0.048423153188189245
2023-09-25,-0.000660806167516775,1.2794066643178779,-0.029736731060826915,-0.7509683074434327,0.5652463335402529,0.3676049674481012,-0.047312249573829804
2023-09-26,-0.0006933220951886214,1.2860170796049486,-0.03449390905995228,-0.7471296658621185,0.5644857536900422,0.3704202314236558,-0.04680057464520826
2023-09-27,-0.0007691468985241386,1.2935973673960073,-0.059000232223600124,-0.7405928387308905,0.5495928976740437,0.4011484888681073,-0.0619604453794665
2023-09-28,-0.0008330394844464046,1.2946001748364881,-0.073284853636881,-0.73612318839188,0.5456339211524746,0.4150388726612859,-0.06999788697547263
2023-09-29,-0.0006311767854942917,1.3117496986637835,-0.060776481427553014,-0.71912716294865,0.5090884456024758,0.4050915901545141,-0.06791922495961103
2023-10-02,-0.0005345426682959485,1.2940068255222856,-0.07073289276671503,-0.7067061980561444,0.5208984064034136,0.374104960465989,-0.06758296146916434
2023-10-03,-0.00047966950377370326,1.2828343831741889,-0.06969770507662301,-0.7042567929543126,0.5212931192387202,0.3672476593322155,-0.07253945518583771
2023-10-04,-0.0004772714323343567,1.2869434821810168,-0.0690997443956314,-0.705308324190504,0.5260211222566693,0.37385185399075577,-0.0739573174491015
2023-10-05,-0.0003587498205717875,1.302845850681737,-0.07205936764471309,-0.6991067239992168,0.49578135288698444,0.3970912955546231,-0.077499576859557
2023-10-06,-0.00037405216030650585,1.3022851203126173,-0.07077024086444936,-0.6992264792185959,0.4958919117728292,0.397728155547389,-0.07837740453798589
2023-10-09,-0.00041156165326462286,1.310245815509416,-0.07735250775798888,-0.7058298730444071,0.49413091732372316,0.41957140861466924,-0.08110611119127766
2023-10-10,-0.0004585267961441337,1.311469159680419,-0.07653574584602497,-0.7111535210366046,0.4979510754318164,0.4140929522903478,-0.07906860978653922
2023-10-11,-0.00047309621249970034,1.3162526393068297,-0.09689450565129631,-0.7044308858827628,0.4713774197757112,0.4199495864038808,-0.08182812305687945
2023-10-12,-0.0004398418024187823,1.3089369654145562,-0.11057984998900053,-0.696467599678353,0.4895148780441277,0.40018598942060146,-0.08641488572662884
2023-10-13,-0.00045575754637569327,1.309510012369317,-0.1066844302946726,-0.6955208200228021,0.4907033861698316,0.39251164042899744,-0.08235816567409641
2023-10-16,-0.0005429555888197597,1.2860581817499492,-0.10743153716210475,-0.6946208458696692,0.501755982871218,0.3598665631618956,-0.08613971844699697
2023-10-17,-0.0005650320693006189,1.2861931971229423,-0.1129819895678608,-0.6949456476622824,0.5014038167034507,0.3571569863122887,-0.08531249467494971
2023-10-18,-0.0005244900474905392,1.2904231883084112,-0.1138770163532485,-0.7002977489891421,0.5002496773502393,0.36067834119366604,-0.08634471864276805
2023-10-19,-0.0004735688876406304,1.289727570409997,-0.12309197855616702,-0.6980289584862862,0.4916904034299905,0.3639144876651032,-0.08868582869380606
2023-10-20,-0.0005361876370691594,1.287654595654763,-0.09879761427530802,-0.715269550182196,0.5003849496863808,0.3667107426267888,-0.09151857640153699
2023-10-23,-0.0005667780559296817,1.2896838474630261,-0.09351609928212279,-0.7142308230419131,0.5084438815760115,0.3603724339613979,-0.0885655430725829
2023-10-24,-0.0005864762055754512,1.2893684344717251,-0.09183604368258635,-0.710327059929885,0.5244870491333006,0.34863744780782774,-0.08978362378965929
2023-10-25,-0.0005702807659783679,1.2868902074562911,-0.09072574536212356,-0.7089048065646408,0.5379262520413334,0.3454412670568775,-0.09323967441473073
2023-10-26,-0.0005263349652640325,1.2835109183874889,-0.08626080706003524,-0.7050020795555618,0.5289584068855853,0.3448861224770229,-0.0985581972874249
2023-10-27,-0.00047878748280847516,1.2747302352596768,-0.08117290164776825,-0.6972761999713126,0.5366955598340639,0.29782688488656045,-0.08403565735767449
2023-10-30,-0.000398432881791216,1.2731645304113766,-0.07968438034966978,-0.6836787461823693,0.5192001094459398,0.2954790508184121,-0.08041275172479455
2023-10-31,-0.0005726401245900859,1.1874535078285664,-0.0926232443797066,-0.6070386657426777,0.4998196446452323,0.11310047222905481,-0.079906595469453
2023-11-01,-0.0005366852819300365,1.1908690344663202,-0.09732428419137033,-0.5971245662851755,0.4960106863457431,0.09052586739339878,-0.0691151491273952
2023-11-02,-0.00045500202142407907,1.2004121635995737,-0.09922169401516233,-0.5862150206865059,0.4852567849561533,0.1110960685213716,-0.07450081683003643
2023-11-03,-0.0005168664288045409,1.198945372985997,-0.10680863088808937,-0.5906392155098587,0.5012411582211725,0.10298977909750998,-0.07641876498381245
2023-11-06,-0.0003759675055130491,1.1804979117198202,-0.09022582268881918,-0.5838118275532881,0.5042181014660124,0.06927745759101067,-0.06673840806823658
2023-11-07,-0.0002865907497907042,1.2087761028691058,-0.08745091442788377,-0.5963748242534237,0.5558167589736454,0.10425914536183395,-0.06791227796596216
2023-11-08,-0.00024774766269490355,1.2231759170546144,-0.09063410591837126,-0.606675063787619,0.5713761754693881,0.1392681377999796,-0.07258493215844947
2023-11-09,-0.0002021994014144331,1.2194226964345516,-0.10512778410645257,-0.5940845411192833,0.5673349171933392,0.12233976053590301,-0.07199331163919986
2023-11-10,-0.0001678409945936803,1.2138935936756434,-0.10262078848428347,-0.5992325612870233,0.5728177686691338,0.1334123602067182,-0.07281720122537862
2023-11-13,-0.0002053580999234764,1.2042461231108152,-0.10775282709799681,-0.5876721701695823,0.5612521471504598,0.13132384598774444,-0.06478132498129988
2023-11-14,-0.0002066770031296638,1.207283635808518,-0.0928358535246272,-0.5886116375790754,0.5632276854082344,0.13101986443288624,-0.05483878351512601
2023-11-15,-0.00019672715370182801,1.2082478113898683,-0.09592373760195373,-0.5882906556724687,0.5618319800531633,0.1373631329416064,-0.05906834615818179
2023-11-16,-0.00014577218799820371,1.20788082352838,-0.12043691786700195,-0.5748642833587736,0.537785951278574,0.12651185277433735,-0.056850462459520336
2023-11-17,-0.0001422717633612148,1.2079227102106571,-0.11897111736807667,-0.5751824777861401,0.5381418004753401,0.12713305398616986,-0.05715533925344992
2023-11-20,-0.00018780626820742854,1.2023203693829525,-0.12948778868928573,-0.5647892712795757,0.5105089510733436,0.11185791117703159,-0.06202135716762441
2023-11-21,-0.000200865727537689,1.20412966568186,-0.12478719604077264,-0.5643265434568776,0.5090332233640695,0.11510081525728588,-0.061194467634685445
2023-11-22,-0.00013888892266578822,1.2102954329599345,-0.1251714334548713,-0.5654945845239572,0.5072984302779875,0.13815787415129033,-0.05524786308996033
2023-11-24,-0.00014991193880843482,1.2128995251645078,-0.12861639821603194,-0.5630777716499626,0.5152095326937963,0.13290424484749538,-0.05556633438655944
2023-11-27,-0.00013120731695998532,1.2125881077130358,-0.13207812624835225,-0.5630326411905514,0.5116730311899226,0.1330058786553378,-0.05811586449888596
2023-11-28,-5.104449280338754e-05,1.212289236376422,-0.12979712367134627,-0.5555129650048504,0.5002255794239517,0.1285592742174406,-0.05130359386309554
2023-11-29,3.4896146869479007e-06,1.203392878685797,-0.13068244233567045,-0.5548091374358503,0.49622071482256663,0.1260704381070657,-0.05087590315861682
2023-11-30,6.35283827478321e-05,1.203355011230575,-0.12655453050455903,-0.5464031436717424,0.49590829966352107,0.12685303431280062,-0.048341078588332705
2023-12-01,8.161512987896327e-05,1.2001180107218175,-0.11268081930687855,-0.5444671652388137,0.4975556739156002,0.13201648400556776,-0.04637766809968568
2023-12-04,8.527003466992131e-05,1.2000031810278098,-0.11161832627925954,-0.5450627609066462,0.49740471364991107,0.1334028849322838,-0.0465015607820924
2023-12-05,0.00016150639402031638,1.1991213543496966,-0.11534741444766622,-0.5507539480101867,0.4951855624558662,0.12271766805208978,-0.03563624928982366
2023-12-06,0.00013574672839182294,1.2014142456060393,-0.11948957617500446,-0.5358743000677345,0.48503435723114224,0.10248341650375892,-0.03362285323197254
2023-12-07,0.00017157098771993537,1.1983719154395607,-0.11642545213146237,-0.5306598127993791,0.48916445513688667,0.09747836601813364,-0.030181885431215916
2023-12-08,0.0002464333217420153,1.19659705159735,-0.11257551203685622,-0.5279582243000518,0.48747419114064217,0.08575542115513585,-0.02237845698395758
2023-12-11,0.0001626867241025668,1.1799116699763208,-0.09811969316347316,-0.5103534542943664,0.49227138594680847,0.027051621529851494,-0.01393278226797321
2023-12-12,0.00014118723686595803,1.1833046400039735,-0.09222927178613884,-0.5149350955237235,0.4932828984756639,0.028812766739942958,-0.009767063011202379
2023-12-13,0.00019376808281133456,1.1895196890141446,-0.0869561327209491,-0.5058618778223829,0.48123225479257825,0.03568484218098825,-0.014143606489106252
2023-12-14,0.00023095845304821425,1.1894198665707563,-0.08221810217610692,-0.5014090241979228,0.48444752420477494,0.03411183413793506,-0.018508336702825465
2023-12-15,0.0002531957119408736,1.1854142416070914,-0.07724046792974856,-0.5051900586676829,0.4817415634502549,0.037480273000358305,-0.018867675849649233
2023-12-18,0.0002449705683714276,1.1568153180831713,-0.07717768952835587,-0.4776953930686216,0.463510524874188,0.008239520663351513,-0.01948147313941964
2023-12-19,0.00026428515796244185,1.1561911537245355,-0.07191661092839212,-0.47832330473270834,0.4631799161943237,0.008777805077450213,-0.018058519787380253
2023-12-20,0.00029106408745721265,1.1523170493381163,-0.0714557569440166,-0.4758569573366583,0.46632329152921476,0.006295721692314876,-0.016446644197951686
2023-12-21,0.00024150728122135248,1.1463016253009293,-0.07759487598127804,-0.47320757912431877,0.4745658485828575,0.0007412103141951898,-0.021176798028842918
2023-12-22,0.00021009249785615782,1.1422228794971356,-0.07976398228221605,-0.47040405151945847,0.47473183823079895,-0.00527018974654378,-0.021522788452237936
2023-12-26,0.00021393958237983415,1.1398178285936833,-0.08060529268023378,-0.4735960034037688,0.4729247899038386,0.0026835313832207497,-0.021540617925212495
2023-12-27,0.0002470209147598794,1.1457933710508852,-0.0844404023801277,-0.46792657025758017,0.4785719002924683,0.006210172624502325,-0.01971086161852245
2023-12-28,0.00030021971726216926,1.1511111926651219,-0.08775375292316619,-0.46617414415138797,0.48181729670526297,0.023138377659023004,-0.016033792262148988
2023-12-29,0.00034423587111528724,1.1346811624182942,-0.09438636940126958,-0.4553993858610037,0.44330164721034465,0.013081288412386122,-0.015889798722168988
2024-01-02,0.00021789318682703256,1.1368902944105865,-0.06439648850994717,-0.4528358691842072,0.41941312536440617,-0.03473089873156571,0.03988710119177355
2024-01-03,0.0001873417566749671,1.1392030699827376,-0.06303771433714145,-0.45440028032731256,0.42733713303928095,-0.034766870802653144,0.04010553949511379
2024-01-04,0.00030024739175791486,1.1423072843553275,-0.0617432379126522,-0.4914569617199548,0.4587735914934713,0.03628484249875255,0.009440535363242977
2024-01-05,0.00026832153665064273,1.1409954279005483,-0.05415769226978161,-0.49609885951920774,0.46488828027910306,0.03377576950524622,0.015135358273757657
2024-01-08,0.0002724586089803654,1.1473599906280525,-0.051370481664415,-0.5047960469941114,0.4571961094231937,0.03838445721322098,0.018639578622300937
2024-01-09,0.0002306494763390553,1.130794937016209,-0.05093297376170408,-0.4932088470003998,0.443740637911169,0.016403535287487447,0.01872218510933034
2024-01-10,0.000212796389786546,1.1295646578353624,-0.0523133574950245,-0.49114554282405065,0.4418339453566783,0.01729841986541101,0.01723183165493017
2024-01-11,0.00020589200773354883,1.129320407420773,-0.04778125468290498,-0.4923269127534403,0.4390427895015924,0.017326187341612218,0.013965573604726306
2024-01-12,0.00018980374133808792,1.1283630550522774,-0.04724372108417754,-0.4911912378143751,0.43671541537074543,0.021597295557588846,0.016333112050924983
2024-01-16,0.00015467459067186872,1.1308112580111518,-0.04152349989106451,-0.4922485311421042,0.43738701312543404,0.028121042531328334,0.011855541061172842
2024-01-17,0.00013476841824508327,1.1310606774744056,-0.043562895820239186,-0.49126624692808313,0.43651494086097553,0.03002173980044081,0.011216265491263352
2024-01-18,0.0001461965809839843,1.152919130556089,-0.03137674031169162,-0.5048249999628629,0.47604449487835815,0.04431859530510211,0.022456795068509075
2024-01-19,0.00012756448460407235,1.1650301043580618,-0.04205961696849379,-0.49108955313938957,0.4672987622827123,0.04041097362051141,0.027872045800708303
2024-01-22,0.00013692915353329268,1.1653931077920676,-0.01633607488892401,-0.4972830582789127,0.4637158634221241,0.02983136401023561,0.03581066101983184
2024-01-23,0.00015975097326712792,1.1724125798327627,-0.022149304707099977,-0.5016347656676696,0.46661145684295796,0.03700076098581196,0.02812450081574039
2024-01-24,0.00012516228196902908,1.171132867298744,-0.015200379762056952,-0.5040021227574608,0.4666138537208061,0.04739734960769165,0.0338271901575809
2024-01-25,4.907273446507713e-05,1.1672479963775348,-0.012619976717163153,-0.5052389392152848,0.48073195340857344,0.03087973001310386,0.0263421414575246
2024-01-26,1.0822276198149596e-05,1.1673527484639705,-0.022101582591637844,-0.49551181795439714,0.4708577676862422,0.026099891754460182,0.02671527928564263
2024-01-29,-4.9090349504529545e-05,1.1632952237662417,-0.02656612876847666,-0.4923892971243985,0.488537047985823,0.025026013824198036,0.021217694418992447
2024-01-30,-0.00013866410066067905,1.1666890252141002,-0.00651234227227266,-0.513032330078971,0.47540561872626186,0.05393523270366004,0.033508188029353556
2024-01-31,-0.0001227173454991468,1.1647927718936075,-0.005272245952624273,-0.5127270796475055,0.47458794491263556,0.056814123053053736,0.03526698204018222
2024-02-01,-0.00012088189901837308,1.16275897749529,-0.006723182808268155,-0.49966595680812786,0.47349468571577075,0.03991633507468495,0.03286854457096412
2024-02-02,-0.00011119348635644475,1.1654391211672461,0.03111411338942629,-0.5599376165580935,0.5218114446660287,0.10393397835879803,-0.003143777255761232
2024-02-05,-0.00011443799524802598,1.1635010213905415,0.012762520393348215,-0.5315451724796995,0.4831240832500113,0.11883950166406411,0.03468777328838271
2024-02-06,-0.0002503383739781914,1.1735871877594661,-0.03386855075030975,-0.5344554283108903,0.43322419203793966,0.09003392337692012,-0.007758052610019162
2024-02-07,-0.0002540371691546878,1.1655120682305082,-0.03775959904383137,-0.5288073042745945,0.4060397656903887,0.11266459514508571,-0.007535055929794449
2024-02-08,-0.00028810263083250856,1.1644271267419295,-0.04336823548046745,-0.527289413504543,0.40393981002872614,0.11583224522888363,-0.007623132340827482
2024-02-09,-0.00030382748952864224,1.16545051065477,-0.04725208545948791,-0.5279372481489395,0.4058067008238875,0.11986741725248638,-0.011594406949385558
2024-02-12,-0.00033448278049481704,1.1676519433211054,-0.05004798931918422,-0.5293352003655958,0.40511473236892215,0.11787335798531001,-0.012009686587024268
2024-02-13,-0.00036101964372517816,1.1635874575197456,-0.04735634298242575,-0.5387839271517532,0.4099462417198969,0.10970076904193102,-0.022725940961452487
2024-02-14,-0.00041269321175216723,1.1610686747263157,-0.054415404635627926,-0.5388647664202018,0.43610447826568277,0.10542164365210223,-0.031951858907147954
2024-02-15,-0.000403909181087491,1.1560770572468195,-0.056905778540305714,-0.5377749566043095,0.43125485741617464,0.09124863044356281,-0.03460051152573679
2024-02-16,-0.0004575076650382726,1.1641029752473178,-0.056709055036940334,-0.5360207710486933,0.44332260699649295,0.1103809039242781,-0.02491745498136655
2024-02-20,-0.0004750009914091708,1.1678092269407196,-0.06655365371790488,-0.5382188020197525,0.43890505753004094,0.10835973946793112,-0.03524755654881842
2024-02-21,-0.0004459140658395742,1.1690708704298256,-0.05976573905265007,-0.5455542353028058,0.44495230126908447,0.11961109734731624,-0.03330374133296393
2024-02-22,-0.00047824837580355436,1.1414041321408666,-0.04677395280313966,-0.5451685631489566,0.43609024983346045,0.13291668303368023,-0.05236992019603392
2024-02-23,-0.0005311708192810701,1.144706320572727,-0.0543564121536003,-0.5426237363700268,0.43239294061906597,0.13937088270248643,-0.05258515839492636
2024-02-26,-0.0005237751804645853,1.145098161558731,-0.0530306927295043,-0.5428838635575073,0.43505581308615726,0.13651859378321168,-0.05223004934319333
2024-02-27,-0.0004886569642657614,1.1482390774314175,-0.04827802866683878,-0.5550939076338738,0.42954311353837266,0.15764083880338542,-0.054843164200548716
2024-02-28,-0.0005205064671663716,1.1469543734855459,-0.04330036645102063,-0.554587476729959,0.4318185374898212,0.15244394622837462,-0.05228874587438444
2024-02-29,-0.0005278003023388592,1.1479621434337777,-0.04056284421967971,-0.564634113446209,0.4332450192191972,0.16442895298665955,-0.05460410571320626
2024-03-01,-0.0005527585336166982,1.1382876296318645,-0.03996529656597504,-0.5532446417516894,0.43318515580240285,0.1605681863622126,-0.05261280503297257
2024-03-04,-0.0006193953895224704,1.1449277314475834,-0.019024981999445773,-0.5776251513948645,0.46265128600632843,0.16269051603175472,-0.056543435794583985
2024-03-05,-0.000734673549751493,1.1388242955545014,-0.01162801264036005,-0.5788188199156228,0.4432968803569264,0.17189405583882922,-0.03393258850566805
2024-03-06,-0.000826780090682791,1.135802414156987,0.028953636015970313,-0.6031829677686648,0.4760159565739753,0.1718998093973837,-0.03482607781563282
2024-03-07,-0.0008543814578489771,1.129710796456068,0.03547850160355902,-0.6107706299144963,0.47032067163470226,0.1884667584357361,-0.032525450455508045
2024-03-08,-0.0007575916955124239,1.1170511672705903,0.03328494142966386,-0.6012866017668805,0.4457267728122629,0.20162759680151932,-0.03601625169487286
2024-03-11,-0.0006941534845330459,1.1231877933485244,0.020051934230432035,-0.6105848367245816,0.45756786395051763,0.23088523655413587,-0.05419216858445141
2024-03-12,-0.0007382156432109038,1.1150345288419072,0.027353842327882287,-0.6141659174582976,0.4508297794842182,0.23161691124484107,-0.0642852009882158
2024-03-13,-0.0007941160144770442,1.1165223913902744,0.022451206860229778,-0.6014965096790399,0.45017862760288174,0.22335368981541098,-0.06184250259262282
2024-03-14,-0.0007577118661067898,1.1248830173678646,0.02067251990553773,-0.61321205932649,0.4633243613478244,0.23172438344978286,-0.06605789884017746
2024-03-15,-0.0007103305116702755,1.118580724455702,0.027166166157780988,-0.6127704803115817,0.4641986082240293,0.23083204596086834,-0.06738298032030722
2024-03-18,-0.0007106689324683845,1.1189604229306074,0.02789539272253757,-0.613144135070449,0.46512387150746004,0.22986311181013064,-0.06780301548401044
2024-03-19,-0.0006836394165755215,1.1200582668752086,0.03393217595733302,-0.6231489690423668,0.47454376649154506,0.23484898562983403,-0.06869023048566993
2024-03-20,-0.0006750221273878802,1.1115356552386502,0.04410264751254763,-0.6143819570288722,0.46970286301842185,0.20380200582695296,-0.06883988127302611
2024-03-21,-0.0008167837655568889,1.105073054401326,0.040977624100534016,-0.6768380679588664,0.4757870197792178,0.23270646450541782,-0.10361088741201373
2024-03-22,-0.0008177564356242795,1.1081689437062126,0.03628850559373048,-0.6732645209901957,0.47182376039016255,0.22793094922768772,-0.10459911936294601
2024-03-25,-0.0007920246675791503,1.1059464179313134,0.037364841205764894,-0.6785046847116496,0.47558274464761435,0.21939021460694663,-0.11001318209121311
2024-03-26,-0.0008262575705384709,1.1021111525506377,0.03794482876962458,-0.6821658910329644,0.4763931649783713,0.20964996471089206,-0.11446035401187754
2024-03-27,-0.0007328637613048211,1.1170473282399151,0.04353126691389203,-0.6769984675810579,0.4760890530294586,0.24128735599462928,-0.11321902735900095
2024-03-28,-0.0007799394216760384,1.1174987646326568,0.042554503790031326,-0.6827699408881169,0.4773513578184872,0.23994179212620567,-0.11534033218103806
2024-04-01,-0.0008240072871982199,1.1145684044017332,0.054709734296617685,-0.683149755025855,0.484784659996675,0.24740247844822572,-0.10637556983471821
2024-04-02,-0.0008129092698725351,1.113229473875493,0.05225275964340298,-0.6815720357033435,0.4834934811912593,0.2468530852576917,-0.10667925288678873
2024-04-03,-0.0007853257269116938,1.1146844006382328,0.05634916980583883,-0.6853405400420737,0.4859825547168231,0.24170063836925434,-0.10773038275673652
2024-04-04,-0.0007703197793186309,1.09670011183313,0.060683332606766706,-0.6939644798489273,0.4853580302035272,0.2131613618261572,-0.12551329437059913
2024-04-05,-0.0007860613365068608,1.09286119277819,0.06214525689648782,-0.6970753725173282,0.4912389605502332,0.214378071595713,-0.1324690983052767
2024-04-08,-0.0008033629853909542,1.0951148595345308,0.05769393387174075,-0.6919543032430455,0.4902311715197033,0.21979648753240416,-0.1283743821702816
2024-04-09,-0.0007906066198834705,1.0954629863549905,0.05826811577538849,-0.6965651215700079,0.4923832540983194,0.22114615091587234,-0.1325427084233587
2024-04-10,-0.0007522492013328292,1.0956329044096116,0.08005629690772699,-0.6909056387235648,0.49857796216586703,0.21582949496162948,-0.11879924739584326
2024-04-11,-0.0006200316149339148,1.1039931702859014,0.11516885421627909,-0.7024581940303166,0.5215874428876974,0.1996924136218048,-0.08757034222497928
2024-04-12,-0.0005320543280138476,1.0669240575417689,0.1274136131703738,-0.6982121607498118,0.540229836245371,0.14293081611237926,-0.09806502446960502
2024-04-15,-0.0006124703596704869,1.0620882796630844,0.1216387955975419,-0.667280869773645,0.5160214088717288,0.15172962567168613,-0.07040346087228277
2024-04-16,-0.0006953880158417252,1.0680805170178187,0.11086092419893775,-0.6481228673727699,0.5107385330903971,0.15423225576489838,-0.07265872498894614
2024-04-17,-0.0006876979007984906,1.0682811902845515,0.10625271242567065,-0.6462026248486852,0.5098651720473992,0.1596011789597579,-0.07436790862049897
2024-04-18,-0.0007047890354488372,1.0659393785016225,0.10487771266452148,-0.6431090891019654,0.5097712047529923,0.15000706793334195,-0.0803517474434095
2024-04-19,-0.0007207999408672442,1.0657891853714672,0.1037689553496029,-0.6431709598166061,0.5094380291380469,0.15868795380985537,-0.08289764785032547
2024-04-22,-0.0006948540772197787,1.0667679381990272,0.10873105655927132,-0.6440946438962089,0.513709396017942,0.16926064360403212,-0.07449655046339938
2024-04-23,-0.0006441471252360818,1.0644426599261254,0.10795979659345192,-0.6699355736326211,0.5102066294035417,0.17524580387415348,-0.09325081888332527
2024-04-24,-0.0006026874875640216,1.0644827884088712,0.1017065024978764,-0.6698132519310196,0.5127999549304723,0.16836347552209985,-0.10408353190509212
2024-04-25,-0.0006196344762162478,1.0674567825109174,0.10521775872988706,-0.6767132820059467,0.5218120949746056,0.14062532768506425,-0.1193170580787207
2024-04-26,-0.0006981929275691909,1.054195014273023,0.08157761680467136,-0.6462778612445474,0.49981216475739443,0.12609495945087343,-0.12961790040498272
2024-04-29,-0.0006475113043730443,1.0454543892261845,0.10107594796691913,-0.6756698823010191,0.5175359599712185,0.12081809607285002,-0.14455142795905113
2024-04-30,-0.0006487738400717943,1.0457614471128458,0.1012016701451122,-0.6755695700879828,0.5179576460216786,0.12057715808235794,-0.14446921783039213
2024-05-01,-0.0006276422512776839,1.043363503161432,0.10336208041154031,-0.6754358198908705,0.5102658605444341,0.12302016001637975,-0.14052685925021163
2024-05-02,-0.0005688707602842841,1.04105392901006,0.12127556144694251,-0.6828224044616689,0.5240796130320013,0.10286846615953513,-0.1365594197133574
2024-05-03,-0.00041368945303717913,1.0733284730527446,0.13339209386419845,-0.7216245650577915,0.5857893849592457,0.06788663215344923,-0.1756101545308854
2024-05-06,-0.0004408385691825132,1.065094138728648,0.13454491266701354,-0.744153412299815,0.5940033412018255,0.08627162920862655,-0.191884845929233
2024-05-07,-0.0005034218227614819,1.0314810593990011,0.14170370230357301,-0.7517002220058049,0.5582536472041083,0.14587229727488463,-0.14819185797122458
2024-05-08,-0.0004948609730789088,1.0329462590861322,0.141217617630493,-0.7502594532985944,0.5636353228852434,0.14873494096965606,-0.14817820714145474
2024-05-09,-0.00046609629468323646,1.0333067202056228,0.14315181953098666,-0.7497006757346623,0.5645558562359876,0.14659688997908066,-0.14900325237270517
2024-05-10,-0.0004884249735576236,1.0290696751230182,0.15225076939184604,-0.7562198634249635,0.5627780406275187,0.139620696904172,-0.15000850552828032
2024-05-13,-0.0004219210829535042,1.0327536014130148,0.15840321280098688,-0.7824191810022783,0.582287747011091,0.15183030757653126,-0.1681354261478974
2024-05-14,-0.0004100502184089637,1.0334300708409323,0.15878179625036423,-0.7821353885159475,0.5832474371638017,0.15634988735665592,-0.16618398831667075
2024-05-15,-0.0003767807875909733,1.034088012863021,0.15737751985444112,-0.7786068436436757,0.5738916550115709,0.14374488023585844,-0.16767605022956372
2024-05-16,-0.00037697666538874216,1.0352528372689451,0.15520769294455933,-0.7785036069082691,0.5717029738291478,0.1455228482139329,-0.16961000185707
2024-05-17,-0.00035763654341548984,1.0362297819228559,0.15085251811287187,-0.7692420059388426,0.5660389554559905,0.1380817279983369,-0.17034325855410795
2024-05-20,-0.0003647682004756558,1.036685760323686,0.14902274868149248,-0.7669550418501421,0.5640662605148488,0.1409136065155067,-0.16943311459995683
2024-05-21,-0.00035635048541225907,1.0370182301360966,0.1473755888093338,-0.7628163504799464,0.5665830516366093,0.1326510252897517,-0.1710719153947866
2024-05-22,-0.0003555055067844553,1.0306104650090564,0.1524654154990046,-0.7636434083572373,0.5619264244026309,0.10114220372925711,-0.1827354549500962
2024-05-23,-0.0004334471224352425,1.0503500632508684,0.12541032071591834,-0.7584668746714996,0.5256739901945744,0.12506318131168156,-0.20430316907687304
2024-05-24,-0.00044914327909171723,1.0619407512210572,0.12745478866742938,-0.7615692664112494,0.54027144154366,0.11677891095687756,-0.21452210103924022
2024-05-28,-0.0004346413375325969,1.070452233329581,0.13766840306306366,-0.7743205616153248,0.5846460600434582,0.10520908044579563,-0.21456912338592013
2024-05-29,-0.00040047102496064435,1.0742337596851836,0.13771819036667104,-0.7873152409712939,0.5913167403921619,0.1014789548456386,-0.2249409906905347
2024-05-30,-0.0003640331426142719,1.0833468550348013,0.15689350908141925,-0.7917335149592721,0.6121214592484113,0.18658239042085692,-0.19426421248705433
2024-05-31,-0.0004065474991210104,1.07891004902609,0.15918925030967407,-0.7834482673063392,0.6121306745514459,0.16625125957664522,-0.19326303110362616
2024-06-03,-0.00041193608208291735,1.0753284699839674,0.160299884045829,-0.786630249983782,0.6135719460017732,0.16605066467032623,-0.1948163467471165
2024-06-04,-0.0003856367533387657,1.0905009412862126,0.1660404093508602,-0.7845747271719054,0.6297327251161919,0.1845733612898839,-0.19492245765618524
2024-06-05,-0.000389357870707416,1.0869554291423014,0.15943461437159634,-0.7827241438033699,0.6244173573817399,0.18312413386321272,-0.19940509069522486
2024-06-06,-0.0004098082266332942,1.0864714246471734,0.16672274158658787,-0.781982504658889,0.6279763769442512,0.18419406380769535,-0.19420174130443152
2024-06-07,-0.0003591918379343771,1.0903068023257148,0.15015317444464266,-0.7775533805442504,0.6240395128332183,0.19795857023684985,-0.19449470684795858
2024-06-10,-0.00044763201165858263,1.093844809426043,0.15063608568264303,-0.7811775774650846,0.6390469701793758,0.21587505915669775,-0.20385414688039324
2024-06-11,-0.00017279783300557785,1.1130124740213627,0.19145104363562757,-0.929733924776933,0.7317712628542332,0.22943836061152467,-0.273917835563189
2024-06-12,-8.983186931609639e-05,1.1219434849631076,0.2135654823489448,-0.9373685120799151,0.7509340399990417,0.21831851119856166,-0.2663452673790637
2024-06-13,-6.859485704218055e-05,1.117583880715669,0.21311257518523868,-0.9332781039760776,0.7363183371407568,0.18011391648031885,-0.28321867063563005
2024-06-14,-9.01253689758845e-05,1.114636932220108,0.22749013666322693,-0.9331478283081489,0.7469715570856529,0.17053310327111507,-0.2784869049612313
2024-06-17,-5.2021821707543366e-05,1.1324550337660093,0.22115246921976647,-0.9332779336869192,0.7651330066069937,0.18961016456403817,-0.28203413245176107
2024-06-18,-6.630402458522697e-05,1.1315262858257271,0.22278471391884797,-0.9446236353084023,0.7675625086382423,0.18702246665512107,-0.293449800612425
2024-06-20,-0.00013495899078580802,1.1361638667684244,0.2377288804802989,-0.9499448430336296,0.792872644608297,0.1875407030662516,-0.2853235837789795
2024-06-21,-0.00020785954309469342,1.139022588473399,0.2342888962956714,-0.9329045234716296,0.8015860641583324,0.1774232137224626,-0.276921836556628
2024-06-24,-0.0001772542755150002,1.137955180778681,0.2355189395190737,-0.9164235661843109,0.7986435698584076,0.19614395076378144,-0.268741706998631
2024-06-25,-0.00022304877126080717,1.1452119537783712,0.23777611772772106,-0.9182927592367196,0.8014882550087064,0.20678072369273032,-0.26931356803059636
2024-06-26,-0.00018233857391473652,1.1454235652267883,0.24409501911359532,-0.9321801146706985,0.8166301197535972,0.186396900948055,-0.28426590278463354
2024-06-27,-0.00013874922168987427,1.1474546547775986,0.24967749183845622,-0.9437215862043171,0.8194670054862228,0.16907729854234543,-0.29552909598524213
2024-06-28,-0.00017856059685239707,1.1541609128429715,0.2440856191545584,-0.9444865386145562,0.8281903688612902,0.17974735304083633,-0.29810362300288623
2024-07-01,-8.113538311784181e-05,1.1672602949678212,0.2363632922376942,-0.9477764361645276,0.8487060014562946,0.19664707154936154,-0.29117883856469035
2024-07-02,-8.087251737152386e-05,1.1603583538755236,0.2346040222580678,-0.9340929366177213,0.853789944103611,0.15645274077348137,-0.3051560972632892
2024-07-03,-8.887937557085947e-05,1.1532746110114906,0.2328786590600852,-0.9173571540847407,0.850468936377579,0.12439302253322539,-0.31173356235525346
2024-07-05,-5.8889718630968655e-05,1.1518343931542692,0.22934960805729782,-0.9301658659290831,0.8467851014394989,0.09632251996713179,-0.3295266428552718
2024-07-08,-5.4478457582982683e-05,1.1559799433133464,0.22995535440848575,-0.9286102599313406,0.8413460027162409,0.10814102693186199,-0.3246920043338231
2024-07-09,-1.935555911189061e-05,1.1654295430978108,0.2042718319652834,-0.9127441610457744,0.8136112631503191,0.1571498805291754,-0.3072193012559435
2024-07-10,5.8106062568922796e-05,1.1784580783019931,0.2080575312582626,-0.9105615913586005,0.8061537787706253,0.20334658017531984,-0.285647570381655
2024-07-11,6.956842320345166e-05,1.1964859401026957,0.18834025922576533,-0.9135108973110799,0.8058273037486852,0.22891544778956038,-0.29270595538094585
2024-07-12,5.6569426033431644e-05,1.1969207358781926,0.19050689272487997,-0.9248152088144148,0.8114738406105448,0.24254253949024912,-0.29439459933373074
2024-07-15,0.00014126337093045826,1.1888743913480082,0.20978543691657148,-0.9007603834555357,0.8048557430509949,0.2072272638209316,-0.2748640626894196
2024-07-16,0.0001817290919385332,1.185874046847231,0.21675130039950963,-0.9223672984022518,0.8172917529428998,0.20301121024008112,-0.279400567071205
2024-07-17,0.0001291700347987972,1.1818218602436437,0.20419256920328147,-0.9115063766601217,0.820726001951799,0.1781954952428338,-0.2976630892428687
2024-07-18,9.441506647821961e-05,1.1883694715336222,0.20651010011429333,-0.9037387863384087,0.8174268587652624,0.13276912357854015,-0.31598191449374224
2024-07-19,0.00010880222422168676,1.172739341614384,0.2182280152690022,-0.9100453378438818,0.8104491255633336,0.12304879329879374,-0.30108327384351863
2024-07-22,2.1383941137571557e-05,1.1509312722354879,0.20603447013444287,-0.8836824150749063,0.8008156837830005,0.0382549210987859,-0.32211933453822417
2024-07-23,0.00010292716760934399,1.1457288271899393,0.21296121836921272,-0.8931547588074424,0.7964687364538001,0.03635777549698216,-0.32379239581243213
2024-07-24,0.00014401047670640384,1.1222488091817093,0.20723140085941047,-0.8609532441178243,0.7813378225048901,0.003993144274914508,-0.3201095800861809
2024-07-25,0.00014717099296157013,1.1242227749701734,0.20702233698920544,-0.8637330587734021,0.7844479680022791,0.008843465901507468,-0.3139143854424087
2024-07-26,5.1486406946251654e-05,1.1088833076443159,0.2005929521898353,-0.8551620278937464,0.771748010692112,-0.01993103979329751,-0.3095457927666631
2024-07-29,1.0688359723669434e-06,1.1091293799754072,0.2063372729188841,-0.8540260234922268,0.7650283660927306,-0.018662912189524747,-0.30517450993858
2024-07-30,7.935620271860632e-06,1.096925386861343,0.20856239763850123,-0.8366676355542649,0.7738579352669644,-0.08281639615659947,-0.3224959388459276
2024-07-31,-6.823140965739796e-05,1.077286170092759,0.20590879182456953,-0.8136650420479304,0.7615316295445598,-0.15658376521120432,-0.3345446893743329
2024-08-01,-0.00011513700968200337,1.0917235927757403,0.20433979166083183,-0.8055510733047482,0.7506326266873284,-0.12055578119858987,-0.3225848697533634
2024-08-02,-2.9078773463609304e-05,1.0791989819896834,0.2043569843959409,-0.8418144791024966,0.774848287630328,-0.09909915672305451,-0.34829847146641957
2024-08-05,-7.475542725604302e-05,1.1147404219679014,0.20378043769429371,-0.8424514921713095,0.7990162105664135,-0.08227938022773143,-0.350838506559615
2024-08-06,-3.6279543625285205e-05,1.081515149424756,0.17439976655592498,-0.7818112323217287,0.7549006298380092,-0.2376574136114593,-0.39517561658563927
2024-08-07,8.118086521631296e-05,1.0917349272487475,0.1383868254368304,-0.7210064455023728,0.7692753405246759,-0.2972410929075228,-0.40267848235485726
2024-08-08,1.548768658242417e-05,1.083750218513226,0.13302256320545405,-0.7153857874100658,0.7622971440924962,-0.3135155430980186,-0.41036162622145145
2024-08-09,9.237964258967203e-05,1.0826745722478748,0.13944435146764522,-0.7190713921855807,0.7807779247918286,-0.3063562866357953,-0.4015275467476839
2024-08-12,0.00016549830301835447,1.0827171348793456,0.13586766552844,-0.7273408476605907,0.7777144908123153,-0.2832916185474874,-0.3951415730211274
2024-08-13,0.0001337809263130941,1.0809424003423875,0.13741573310024943,-0.728119855932682,0.7809954478839433,-0.2941703505027825,-0.3962496174861558
2024-08-14,0.00014660677091979856,1.0829483820099663,0.13133160705923674,-0.7211227597981393,0.7768911911948108,-0.2849930222827782,-0.392166577959961
2024-08-15,0.00013218501168865446,1.07133019415784,0.12944938940264428,-0.7145286292659271,0.7736604820008677,-0.29554548144792847,-0.3882524865992216
2024-08-16,0.00017880664394023885,1.0737044419550095,0.12067945831653276,-0.6971324971925908,0.7610104917989846,-0.278042450327969,-0.3788566474204143
2024-08-19,0.000207579204706975,1.0701041420601314,0.12120657644085212,-0.6987461026137755,0.7753312752407158,-0.28649623886965947,-0.38962777425476375
2024-08-20,0.00019312662883268873,1.07091324203211,0.12027127717898153,-0.6961257637260849,0.7733521510594698,-0.2825489388413353,-0.3880232196390992
2024-08-21,0.00017342137553755124,1.0735182045503824,0.10865221053117695,-0.685542334493495,0.7708673188607884,-0.2988996709230475,-0.3928421691166656
2024-08-22,0.00016281400937533927,1.0742504535730548,0.0999528627174816,-0.656259755896035,0.770910007440867,-0.3037321825436106,-0.3855077825894488
2024-08-23,0.00014002744001152367,1.0693341784506338,0.11594802906366027,-0.6633882051843077,0.7876507437140459,-0.28940751002796505,-0.3833625314970046
2024-08-26,0.00020504627038202928,1.0588751989599072,0.12205840217013103,-0.6620668555942962,0.7966446335559894,-0.28207191681861277,-0.37991780735167935
2024-08-27,0.0002109961075135221,1.058840987204783,0.12005735938614318,-0.6578436220817464,0.7971959854954476,-0.2758988929238055,-0.3754732618701914
2024-08-28,0.0002139440094757568,1.0561521196948451,0.11931031342310283,-0.6526283579978197,0.7961817256806518,-0.27863531718923656,-0.3730083320993041
2024-08-29,0.00023670480090946328,1.050186397561974,0.12385180801052326,-0.6532390525255068,0.7950251577778513,-0.31045049663854557,-0.38235939074057096
2024-08-30,0.00014341036515981174,1.0438482316543474,0.13101951650262478,-0.6553019041344084,0.8122328123184538,-0.31519681282231604,-0.38781970241043734
2024-09-03,0.00011729470546695926,1.0490423153160757,0.13523557254799798,-0.6644714257904193,0.8159827950698789,-0.3012969050839943,-0.38615392663789955
2024-09-04,4.024325416161778e-05,1.0536130238577774,0.1250764877282472,-0.6590414828135146,0.8149883762666199,-0.29566597947653195,-0.3884147348805257
2024-09-05,6.075061144425269e-05,1.0517129701596009,0.13028936507706199,-0.6656412368418297,0.8178115226514646,-0.29251516368192243,-0.3887130999316527
2024-09-06,0.0002100171818030546,1.0178087319051714,0.14139014759012378,-0.6660000751220242,0.7892946695121044,-0.2810004239635696,-0.36178946967696785
2024-09-09,0.000291926682003789,1.011364259870756,0.12488791206845629,-0.6548470244550474,0.7662498888437914,-0.282703277262047,-0.3615981299495911
2024-09-10,0.0002239672929009098,1.0078815574447855,0.1264713971833612,-0.6421605636551647,0.763410581865309,-0.27950316597428243,-0.35232131322994376
2024-09-11,0.00021914407245157943,1.0075509619554677,0.12371290706401757,-0.6375904701109987,0.759711595886424,-0.28891931244571756,-0.3556018515098781
2024-09-12,0.00020578679555898423,1.0022522899099158,0.10579456870252527,-0.615985361397699,0.7374254136632796,-0.2933137892956368,-0.3601604733751463
2024-09-13,0.00022831481706346598,1.0059620389,0.08008108779357526,-0.6053363665131132,0.727244008252379,-0.3114535274080012,-0.3708696256399863
2024-09-16,0.0001403465151336827,0.998472748993914,0.0909629673631637,-0.6381404018936967,0.7234793204235028,-0.2758124216566638,-0.36657619406858305
2024-09-17,8.211698766129566e-05,1.0083101134396575,0.0899370711782542,-0.6371713333590555,0.7324864187894295,-0.28227616535419464,-0.36665120648126315
2024-09-18,8.981050995623572e-05,1.0057373089069648,0.1013768911436042,-0.6457432232079343,0.7400110316973298,-0.31625383692170944,-0.3882775969695808
2024-09-19,0.00012476597424347958,1.0269951567421618,0.10134107569441325,-0.6416889473384111,0.7412439713306931,-0.31424257754813867,-0.38306776071328
2024-09-20,0.00016089107749399766,1.0221255047731779,0.10376474995590805,-0.6418477672191354,0.7452634675744862,-0.3006715291056649,-0.38241629788514997
2024-09-23,6.991536941119015e-05,1.0207390575394386,0.10899528175024867,-0.6370334583435753,0.7295940111235367,-0.2906128295196328,-0.36666182379697554
2024-09-24,5.929147828583322e-05,1.0229866069516838,0.1056093234902777,-0.63553927494236,0.7267650491533071,-0.28645854156083905,-0.36875576537507243
2024-09-25,5.533757045364399e-05,1.0232446648949112,0.10580099080430881,-0.6354235159518435,0.7270769147492875,-0.28706836551405146,-0.3692848873034595
2024-09-26,0.00012652813480793016,1.0106162722407508,0.11130183337177162,-0.6405240830310647,0.714570024036113,-0.28150353066472056,-0.3640651708810612
2024-09-27,0.00015220459279037025,1.005728888226693,0.1244485976758154,-0.6395210708532801,0.7209016241422441,-0.2779883278173397,-0.3472322665022986
2024-09-30,0.0002477480088038103,1.013015793518528,0.13442599499002156,-0.6353213227481808,0.7481011363326722,-0.26748838088276117,-0.3344403745427141
2024-10-01,0.00010624790782330336,1.0225347050923212,0.13704048624510196,-0.622283797150675,0.722178481310169,-0.2188308695912212,-0.30295878387360003
2024-10-02,0.00010732864025418632,1.021118162394881,0.13113326014598875,-0.6128558694641584,0.7004268663537342,-0.20760797053471153,-0.30031863867000885
2024-10-03,9.045419137646053e-05,1.023649186081077,0.1305501508546825,-0.6109838246235967,0.6993029543461655,-0.20870643071269762,-0.29951901657326047
2024-10-04,7.84284068378243e-05,1.0223099650271217,0.13256889771087532,-0.6130044340333662,0.7033929503963735,-0.20712899933048876,-0.30042487876097634
2024-10-07,-1.4683578488151406e-05,1.0334395695566994,0.13250329485794426,-0.6163679461999334,0.7172017332441238,-0.21950181137140504,-0.3071919563840501
2024-10-08,1.5044989738360035e-05,1.033786550181926,0.13234839359261702,-0.6212164537870901,0.7131117092282195,-0.2032850545292292,-0.2975398185452139
2024-10-09,5.4094495519772324e-05,1.0425333704220399,0.12555266318411107,-0.6150596774249761,0.7181408476974669,-0.21007799144558392,-0.3020523163143371
2024-10-10,7.36130361926043e-05,1.0458261076937547,0.12223312044785195,-0.61065189693079,0.7153719419429372,-0.20962239105741995,-0.30437332194622024
2024-10-11,5.674670613846583e-05,1.0440399664716662,0.12337702573977691,-0.6163263304187747,0.7139560003144867,-0.2093281647657332,-0.30799525922452786
2024-10-14,6.444957901401952e-05,1.0470610711240105,0.12806445417022783,-0.6200960735387379,0.7046285339766435,-0.19183743298319872,-0.3005101218132041
2024-10-15,0.0001884240020934524,1.0234151348374585,0.14760048467293796,-0.6162688507488344,0.6935608921837462,-0.21075877997113138,-0.2873704361117358
2024-10-16,0.00020475107421192098,1.0315893965407694,0.14258924129699377,-0.623398123918993,0.6930543007034545,-0.22722059995424215,-0.3022750223101383
2024-10-17,0.0002383305290395095,1.0312729617817828,0.14728975540812833,-0.6223084940285325,0.6966814432425155,-0.22367994648907646,-0.30192414789894545
2024-10-18,0.0002592203342090997,1.0342554704121447,0.13978273116795165,-0.6248365183986878,0.6812626899079622,-0.22529699461417602,-0.30701437079682997
2024-10-21,0.0002598154762845126,1.0366565240126606,0.13643637461848457,-0.6293193276883748,0.6798146126158875,-0.2155224410177159,-0.30667373007615545
2024-10-22,0.00027167236775061656,1.0344019327262415,0.13786527725607245,-0.6297142687160306,0.6802698842930267,-0.2140092722817179,-0.30497963779855053
2024-10-23,0.00024223413401668168,1.0381126096876132,0.14050535137743697,-0.6398195827250021,0.6826914738724468,-0.21108895600586153,-0.3063024963281245
2024-10-24,0.00021590744325852439,1.0376291465567604,0.13883818114817167,-0.6364694106964877,0.6801311913754953,-0.20571677508672487,-0.303661846020983
2024-10-25,0.00022943643412761294,1.0352825469676263,0.14298818403784447,-0.6352931196594872,0.6930671470401983,-0.20207083004185658,-0.3027381264283631
2024-10-28,0.00028321078099615815,1.0290127558358189,0.15123778708959779,-0.6247193675862162,0.6798843243476858,-0.2034566505398589,-0.29149968086551686
2024-10-29,0.0002253919470154792,1.037977542492731,0.1422480341854144,-0.616925878952585,0.6753924840506438,-0.18962113403043934,-0.30084982220781664
2024-10-30,0.0001653294377491917,1.0345976653819724,0.14539461889848332,-0.6275018126739766,0.6696345615200985,-0.18670244986214504,-0.2994797918332117
2024-10-31,0.00015789454570136962,1.0369824499857998,0.1440109116374388,-0.6268822683717838,0.667268210023839,-0.18706694366410745,-0.2993436458260108
2024-11-01,1.9018056933963173e-05,1.0318251491316186,0.13521782045501496,-0.6015414212308607,0.6660018548663116,-0.18244591656818526,-0.2988826170029124
2024-11-04,-3.7105465516982226e-05,1.0179662514980914,0.13722958128644944,-0.6064633604361793,0.656642915920055,-0.19411488047281042,-0.2897305457669894
2024-11-05,-1.179521808868328e-05,1.020853804567705,0.13483250957914508,-0.6028443980129019,0.6396178404087944,-0.19728689253660117,-0.29810698587600987
2024-11-06,-5.384619117777866e-05,0.9979068016712068,0.13207183011971224,-0.651107146629132,0.6210523596840701,-0.17864051957661917,-0.32367789813269265
2024-11-07,-0.00010860400640240432,1.0037433559393298,0.14197199187583726,-0.6470735678929572,0.6654526094563533,-0.17541484657686832,-0.32709875361473034
2024-11-08,-0.00014768232595612353,1.0062138277985366,0.1391614751780164,-0.645075362146581,0.6648589360185551,-0.17317727190978366,-0.3342332606268472
2024-11-11,-0.00022608451912188143,1.012759898649351,0.1480996737120704,-0.6626574784189638,0.6864886315656805,-0.1493550779008752,-0.3359808920083215
2024-11-12,-0.00021997722786695826,1.007966000549995,0.14315709381113084,-0.6587091314926606,0.6781067255742428,-0.14299725121616674,-0.33594663744966546
2024-11-13,-0.00017616338381763264,1.007117904161007,0.13986323272876436,-0.6586157057242628,0.6730544462353156,-0.14547443107678296,-0.3381078037032843
2024-11-14,-6.802954039935119e-05,1.0094479336441309,0.13817809188769212,-0.6413269467741907,0.6926914534826364,-0.13839417273328525,-0.3367152599158073
2024-11-15,-3.5009961071573795e-05,1.0028882489738011,0.13004349901775233,-0.6253904073315922,0.681364130832806,-0.14489464633457133,-0.33365771049821186
2024-11-18,-5.8974635305041154e-05,1.0095262273118868,0.15285622236577506,-0.6404329928578559,0.7216216159998694,-0.1472296029183134,-0.3456317764432718
2024-11-19,-6.089178371501279e-05,1.0114426813564998,0.15274131070870206,-0.6377204929091268,0.7267404308267289,-0.15007781709432638,-0.34883288974632026
2024-11-20,-7.150837825624194e-05,1.0103832065225804,0.1539191893450826,-0.6383059271520584,0.7294171508070308,-0.1483647567369672,-0.349340168888162
2024-11-21,-7.49334348069512e-05,1.0079010844192742,0.15175768210549873,-0.6399079460385907,0.7318763721190873,-0.15438555933306636,-0.3488303575191567
2024-11-22,-6.119651713214691e-05,1.0075455937144029,0.1536958109381021,-0.6399247504492787,0.728519300438653,-0.16081039446651202,-0.350051068414299
2024-11-25,-2.9578150889033195e-05,1.0074921239910768,0.15647850792628654,-0.6419311532063467,0.7273518942631063,-0.1628818844672439,-0.35343696296862237
2024-11-26,-3.137803522033629e-05,1.0092245958179917,0.15534924590591512,-0.6422760102513209,0.7290476517953882,-0.16273912864644433,-0.3541323889582298
2024-11-27,-8.73857290807124e-06,1.0060955761100359,0.15364705960928401,-0.6397874908104129,0.7184097807037456,-0.16407524630349143,-0.3557214929570244
2024-11-29,-1.603465758085506e-06,1.0065977573149756,0.1538894737696276,-0.6408351375087352,0.718993131589654,-0.16284760069897522,-0.35606179748437894
2024-12-02,-2.5685601232440687e-05,1.004780345735411,0.15170070490378978,-0.6357998686306616,0.7117777318936145,-0.15960011553722087,-0.35148586309342855
2024-12-03,1.4148800798416796e-05,1.0038449407638925,0.1524725741165518,-0.6381121848516541,0.7180954856289123,-0.15742183203450583,-0.3462758770433246
2024-12-04,1.4057058014094225e-05,1.0022042880244022,0.1575644618096641,-0.6375709555514468,0.7265536476313079,-0.15330765721103606,-0.3453571260159909
2024-12-05,-4.762179220968855e-05,1.0119808035432527,0.15649968799126596,-0.6267038983103358,0.7305058729362266,-0.14280512972032514,-0.35661175346927954
2024-12-06,-4.9448895154070665e-05,1.0137122108154328,0.1556248623293402,-0.6238231268417807,0.7378149672735235,-0.13558586752059876,-0.35859546710328316
2024-12-09,-2.085586930419879e-05,1.0135787748804264,0.16023054504179757,-0.6359351964992306,0.7531237152927132,-0.14208871328443895,-0.377720248996843
2024-12-10,-5.869058779843842e-05,1.0126876497883697,0.15993428635388085,-0.641867575702344,0.752533370412255,-0.14016788917192885,-0.38268987371366936
2024-12-11,-3.092510988012313e-05,1.018581504842403,0.1480545911743678,-0.6381474837514665,0.7514015303595375,-0.11324192333560812,-0.3948012279726706
2024-12-12,5.840560842303817e-06,1.017377887285031,0.1407891618760529,-0.6289995766784682,0.7539148640009985,-0.1081215631316716,-0.3963362851945955
2024-12-13,-1.7556438324151666e-05,1.008484849324362,0.14497433084739358,-0.6344272156663592,0.7619804130619787,-0.10444404993981873,-0.38529364583961434
2024-12-16,2.425387597822465e-05,1.000562951313229,0.14815411861434688,-0.6398567255831529,0.7378882320869421,-0.12451174146467385,-0.3792962309942667
2024-12-17,7.109062722233093e-05,0.9982570400869426,0.14550345713916465,-0.645719404017917,0.7364232209292276,-0.12878640741910896,-0.3850431759241458
2024-12-18,0.00012853965289506592,0.995897091196809,0.1480042003548137,-0.6479526534991193,0.7484732051810001,-0.1255953489098512,-0.3763598763089315
2024-12-19,0.0001623244235397388,0.9918324496568918,0.1514392357900456,-0.6471318694618486,0.7542868921422075,-0.11691934870024982,-0.3653576242314026
2024-12-20,0.0002241766453050342,1.0090539922876647,0.11507453247250979,-0.6238316502956347,0.6936191709459132,-0.09796754655698076,-0.3722163661500477
2024-12-23,0.00024249960757422799,1.0104450798978852,0.11865742887998156,-0.6245107448049017,0.6841919724067558,-0.11065801895087808,-0.3756193080922968
2024-12-24,0.0002739238882404829,1.0121048335019016,0.11711020336048318,-0.6231220103712116,0.6776306719750049,-0.11119298505562766,-0.37746531765914415
2024-12-26,0.00031098542517558165,1.0110679070240975,0.12240141009324992,-0.6239901630930629,0.6764854695855607,-0.11023574107197828,-0.37649200544335604
2024-12-27,0.0002886841976824657,1.0126657294515364,0.12419326124129773,-0.625564359190744,0.6778703733579391,-0.10886697065724395,-0.37456857983297953
2024-12-30,0.0002684175796987171,1.0133766647053315,0.12587764385596467,-0.627074626199825,0.6802900851692595,-0.10970206045369,-0.3738207359864576
2024-12-31,0.00027178065901831095,1.0131253530194033,0.12301759272539119,-0.6295749910246581,0.6830257200431968,-0.1085811391649372,-0.3716285888287908
2025-01-02,0.0003639529606293782,1.047166447162119,0.0992432196422228,-0.6230826995416415,0.7403479341740027,-0.11147098167238162,-0.44968932532478617
2025-01-03,0.000317101104311019,1.0463136568869724,0.10771001207062153,-0.6243445476727056,0.7621268992208603,-0.11746262440986194,-0.4531616863726991
2025-01-06,0.0003605860014294077,1.0450300165132456,0.10385035453232373,-0.6227789068482439,0.7516897624946414,-0.11297398004046312,-0.45486983837231243
2025-01-07,0.0003532567970387943,1.0484705010760293,0.10171045193680417,-0.6204955627760932,0.7521450848486811,-0.10245267241178999,-0.450172277039579
2025-01-08,0.00030995234954197637,1.0457998353978797,0.09702028036702423,-0.6112601144765005,0.7597844580057991,-0.0956133943199515,-0.4525166223339638
2025-01-10,0.00022276516583871872,1.0612274477817993,0.08802219372782384,-0.5960960137765032,0.7276619165817985,-0.07899071945455875,-0.44833308556079854
2025-01-13,0.00016922267334207813,1.0472811250467013,0.09906379882655836,-0.6106741889327739,0.7152164829886194,-0.0703895095831806,-0.43312045415894534
2025-01-14,0.00019162310684255838,1.0457789480482806,0.10191586461376614,-0.6085095223710699,0.7204749329665052,-0.06974577908821167,-0.4269599609946605
2025-01-15,0.0002200937558588558,1.0540995082902782,0.09809905644556735,-0.5987337361244346,0.7115939745843742,-0.07076162990586765,-0.418075293009784
2025-01-16,8.897344408820588e-05,1.0532229688785804,0.11510964900480772,-0.6093132276185913,0.7561325987775204,-0.04021782505164419,-0.39045513576658075
2025-01-17,9.989191464148523e-05,1.0548417377527382,0.11252858301366143,-0.6069828004420934,0.7542725865578871,-0.03925671082680108,-0.3895750104505026
2025-01-21,-0.000136892901659203,1.0483956758755704,0.06199274328344012,-0.5551500020221986,0.7299416197625522,-0.07170829306199855,-0.40908508719531766
2025-01-22,-0.00018179956537735332,1.0377699030236538,0.07411989840045204,-0.5672460065226571,0.7349256916243198,-0.07281374592615132,-0.4118085799946629
2025-01-23,-0.0002643065909113727,1.0398843860728624,0.05676397819488063,-0.564661679505646,0.7344047189693774,-0.07916330637420896,-0.41560867528783874
2025-01-24,-0.0002582109140766214,1.0393053664116305,0.05660017088472945,-0.5632590238851828,0.733547164226833,-0.08147727046413031,-0.41513466513072794
2025-01-27,-8.504035893493552e-05,1.0538326883097617,-0.03943838237423486,-0.4810758296825611,0.6127903421549152,-0.2612425274037202,-0.5371108984134898
2025-01-28,5.606164789761798e-05,1.0458504602366032,-0.03434262054082943,-0.502411318326587,0.5938464152805317,-0.2228251456135838,-0.5016344542116387
2025-01-29,0.00014157419134655638,1.0404248004489456,-0.01938272668669773,-0.5098772233107047,0.611858565185111,-0.22813555943150204,-0.49805491848708705
2025-01-30,0.00013931266052518413,1.0390885217503012,-0.018893451499553404,-0.5144288182493144,0.6014394979382203,-0.23662938333553113,-0.50195502426914
2025-01-31,0.00020456031097951328,1.0459436854331894,-0.03094914757398022,-0.4952678737802402,0.6201513277369114,-0.2255746461926595,-0.49474727149403536
2025-02-03,0.00011664387961623151,1.061445072298038,-0.018268007797659358,-0.4975006227829299,0.6506177175718112,-0.2045647310954416,-0.4983619748801311
2025-02-04,0.0001942214056668977,1.0651149103483435,-0.0017652528394011546,-0.509854195519682,0.658811809075182,-0.21442607159404456,-0.49570714356577644
2025-02-05,0.00023542699626419528,1.0726537173010477,-0.024526722952340096,-0.4969403513156757,0.6362957919654736,-0.2382517795610814,-0.4906679403108114
2025-02-06,0.00019665863375952793,1.085355604847873,-0.025109961994854685,-0.48797068025879514,0.64396301902993,-0.23113509562053702,-0.499109362818836
2025-02-07,0.00014495451162767098,1.0938401535683049,-0.01881073189510185,-0.4898287638748009,0.6654667473354311,-0.2331572297628952,-0.49878599633816983
2025-02-10,0.00013337300831599698,1.0967382984497496,-0.02634121247008761,-0.47830492744923936,0.6721998199168573,-0.25351208982149115,-0.48868548737204476
2025-02-11,0.00021308793759807724,1.108083689197368,-0.02186928642680437,-0.4701196828033465,0.7132148984018076,-0.2445129015477729,-0.49370846887904374
2025-02-12,0.0003157528809692237,1.0971322660143805,-0.05194209083720748,-0.46530079061541824,0.6471588060851836,-0.25003454764032385,-0.4992961030045539
2025-02-13,0.0004034211272552293,1.1058616845020004,-0.04338542065427525,-0.4632666426897721,0.6529238122636793,-0.23480182231592803,-0.5051695069406348
2025-02-14,0.0004597834095336708,1.1096264632721808,-0.04920739107095237,-0.45138397638027783,0.6450687948595151,-0.21239773170909093,-0.5043097276626651
2025-02-18,0.0004829849028682455,1.1091303595934416,-0.04414522022714987,-0.4534598471862965,0.6291091974249232,-0.21840209892949697,-0.5035627696808891
2025-02-19,0.0005002377126841499,1.1141047327021902,-0.03990609842252041,-0.44955164725768626,0.6268933290449099,-0.2168519834064177,-0.5093526806414803
2025-02-20,0.000517233892647243,1.1127321188339858,-0.041750111646305155,-0.44942959780990105,0.6254941733694723,-0.215410786300407,-0.5092728207981286
2025-02-21,0.0005652746650473277,1.1054688643783845,-0.05054271157214878,-0.4451605328903851,0.6227661238334292,-0.21563428326207018,-0.5164263868807106
2025-02-24,0.0005951255851941665,1.1099355308742667,-0.0560458223397238,-0.44038025279850845,0.6299298879374624,-0.21479120690915282,-0.5223606800798665
2025-02-25,0.000608992791289857,1.1268740149437364,-0.07491815056863213,-0.4388051789417411,0.6246841638172853,-0.23918081978196282,-0.518057754112043
2025-02-26,0.0005957165264589005,1.1381102468328361,-0.065756435728593,-0.44876292020043584,0.6567950516778843,-0.2534564287130501,-0.5358558446751177
2025-02-27,0.00059231181379266,1.1411081594811834,-0.07939716598054172,-0.4355326648847315,0.6521890310580201,-0.2642226826406137,-0.5424393243952332
2025-02-28,0.0005837388475471394,1.1550875527852544,-0.10396220687472649,-0.41287193006684797,0.6463841694883308,-0.2633046077700977,-0.5311143066816536
2025-03-03,0.0006072040906234294,1.1528283223722786,-0.11034471782630392,-0.40878769958324707,0.6409547443590413,-0.26318131634049596,-0.5310379525706657
2025-03-04,0.0006010796492309181,1.165589933818941,-0.12476168441673921,-0.38608993198440483,0.6386404638617349,-0.2738544431581566,-0.5274568182961423
2025-03-05,0.0005891091284404781,1.1552114972660048,-0.11643757791817885,-0.3818027439268421,0.6527832755117895,-0.26528639839319224,-0.507986721284362
2025-03-06,0.0006679330982214109,1.1551113382569884,-0.13796863997840447,-0.3658568060214952,0.6288312512815154,-0.257142592740897,-0.5080890839613239
2025-03-07,0.0007620887925411573,1.1508545153745295,-0.13156203686768764,-0.35669228682655446,0.6601365837001751,-0.22687900549200965,-0.5096844557834102
2025-03-10,0.0006374945683989568,1.1916834385812207,-0.17428622360344992,-0.32583335580656314,0.5687945009902238,-0.2577434097180771,-0.4972200524674371
2025-03-11,0.0006589522275487044,1.22658090462888,-0.19638191285133014,-0.320873574466426,0.5903313814661847,-0.27785748985466074,-0.522264409116419
2025-03-12,0.0005401156076050686,1.2413290331505002,-0.19589875109711075,-0.330788092563408,0.6239634392219795,-0.3030568508928301,-0.526435566158879
2025-03-13,0.00047050641041421356,1.2461199515191024,-0.17758550813485396,-0.35028395485773295,0.6377833677253728,-0.3255093960258442,-0.5235123017577813
2025-03-14,0.000505767468049891,1.252698069088108,-0.18347800362489894,-0.349958735385319,0.6494939670982357,-0.3391957285084832,-0.5142772858022129
2025-03-17,0.00052042249703155,1.2450941667335742,-0.17430882499855668,-0.3537222552071155,0.6579579485869889,-0.3343859885493472,-0.5054791272682325
2025-03-18,0.000516620109919948,1.2436589201524144,-0.17337348354804383,-0.3478162966672634,0.6490550308806655,-0.33511638358897694,-0.5075637455648723
2025-03-19,0.0004871704985471129,1.2484923368665335,-0.1788562338896866,-0.34944640908275654,0.6508504965564159,-0.34300934137649086,-0.5075614521773104
2025-03-20,0.000498991453785826,1.2510865410566137,-0.18291207862228473,-0.3484573486481515,0.6508775493130273,-0.34423460176336607,-0.5086870614467589
2025-03-21,0.0005411003125688979,1.2477038191936107,-0.1907759148661839,-0.3520991024159579,0.6392314796281479,-0.35528770769732165,-0.5076993594671151
2025-03-24,0.0004773827537696308,1.235934023345654,-0.19592753955295228,-0.35874132176508416,0.6383858691735251,-0.3491086887894728,-0.5099387303302807
2025-03-25,0.0006658480318061457,1.2454258271548735,-0.19382647218786175,-0.32100357198287205,0.6624369839947989,-0.34496605056496965,-0.47775686300969283
2025-03-26,0.000643300667389494,1.246069093799799,-0.19317535251120718,-0.3222931956003687,0.657958704275444,-0.34355102261275594,-0.47814669416259875
2025-03-27,0.0007055009944079326,1.2446437237049488,-0.1919601849904251,-0.32019845028286026,0.6587000747998487,-0.3464237648798057,-0.480430085394771
2025-03-28,0.0007064768349023152,1.244306612779144,-0.1918252129428275,-0.3201967287456187,0.6587291575734624,-0.34608873103363313,-0.48019126585161576
2025-03-31,0.0006814567006888822,1.2395127040894727,-0.1984178460391463,-0.32106669167786883,0.6735448042479186,-0.3567034752595378,-0.46445185859222443
2025-04-01,0.0007168808081820955,1.240115434725646,-0.19611761622123458,-0.3190183628143388,0.6689407400892939,-0.352232989539239,-0.46917872194803983
2025-04-02,0.0007333271827377712,1.2383591055358205,-0.20434533821399856,-0.3182418722222845,0.6733658782006531,-0.35363883011760355,-0.466220599942561
2025-04-03,0.0006320158935750077,1.340453641404958,-0.21675847115538277,-0.3037311262131455,0.7147711978082746,-0.335330263522502,-0.5311585729232046
2025-04-04,0.0006027357718193796,1.3485488905399543,-0.22930298969743518,-0.29817681785129974,0.7071150271682548,-0.33563629896012503,-0.5383591432018551
2025-04-07,0.00047204565275759666,1.361524821392162,-0.2076274923667598,-0.30833424698260276,0.7521065995738606,-0.3428920999588214,-0.5442281736586021
2025-04-08,0.0004453523485756927,1.3797207592174077,-0.19633591897622144,-0.3332387596787433,0.7639335644552099,-0.34534302092719915,-0.5735819917987115
2025-04-09,0.0004896213341291857,1.3890679504436112,-0.1985297205429794,-0.3367688515583268,0.7637862829618561,-0.3446415884658091,-0.5844550940545166
2025-04-10,0.0005226881328607691,1.381589383441118,-0.1958740203415788,-0.3410577999576182,0.7656830025010747,-0.3477592707755361,-0.5792946316181297
2025-04-11,0.0005772188631003308,1.3854929919123935,-0.20186173476833094,-0.34811800862002423,0.7673968897302212,-0.3527105138014075,-0.5841969829655994
2025-04-14,0.0005288295188988382,1.3836101154658549,-0.2279916085972783,-0.3199077890823402,0.7171417403917115,-0.3227598967840454,-0.6068408431225935
2025-04-15,0.0005016667387898235,1.3873030148601968,-0.2344421968964312,-0.3014713429515276,0.679485684148898,-0.3055664823409786,-0.5961032860224463
2025-04-16,0.0005123417604959936,1.3898470734048893,-0.23865676348472015,-0.3005221583798522,0.6902036230733064,-0.290838871964204,-0.59589201836244
2025-04-17,0.0005942457775713145,1.3875710393135434,-0.23342970105179595,-0.3106349818826199,0.69688857267234,-0.2991727589967616,-0.5926336384523616
2025-04-21,0.0006418433239418488,1.3803076531852791,-0.23589790141802974,-0.3092707266533675,0.6841378667241451,-0.2955101721594167,-0.5996463310518482
2025-04-22,0.0006638140648521299,1.3827892833411286,-0.2381677812506266,-0.3052712243220228,0.6827470261261916,-0.29523097238562,-0.6002795672167567
2025-04-23,0.00069966933837999,1.3851174511309619,-0.24321129223453064,-0.3039241772436877,0.6688732302885272,-0.29722861099119113,-0.5996236821322325
2025-04-24,0.0006716188586461719,1.3826421600786678,-0.2386169266156173,-0.30136940347002844,0.6826096060305843,-0.2944274644821092,-0.5926602156879286
2025-04-25,0.0006528799655979639,1.3830244454525131,-0.2371334327108423,-0.2953794296485858,0.6808847913120233,-0.29459084282733206,-0.5906768000774214
2025-04-28,0.0006410182483797271,1.3821456875770035,-0.23356007038803311,-0.29681070272123267,0.6808905564588541,-0.29532644495475957,-0.5875314507537173
2025-04-29,0.0006195048755861989,1.3828227001940063,-0.23352688858470805,-0.2949318470981007,0.6774384685043954,-0.2952714861801977,-0.5872356344478931
2025-04-30,0.0006864156971939934,1.3847626108227116,-0.2212903281839974,-0.3099712296328539,0.6929535970742164,-0.30753215995325106,-0.5769717057810226
2025-05-01,0.0006025568995920917,1.3814961653261597,-0.2353383834450555,-0.2963490338564947,0.6687801607010253,-0.30136098109263737,-0.5749533080923078
2025-05-02,0.00035227155353096176,1.359651925696247,-0.25477777913456845,-0.3092466917766882,0.6640518403363467,-0.31149962986815,-0.5681626659922866
2025-05-05,0.0002178310414073109,1.3694307333996611,-0.26640164379836745,-0.29488203732171114,0.6640112075836686,-0.3182922358355915,-0.5720980105772094
2025-05-06,0.00020432392676489458,1.3671073611253575,-0.27045069779138503,-0.2913052491123128,0.672043065813154,-0.2996109329330989,-0.5695730009983386
2025-05-07,5.306770150866481e-07,1.34794039037946,-0.2644947665329475,-0.2871883243925819,0.6508434768825344,-0.27790564598374895,-0.5548195333794648
2025-05-08,4.813027084849786e-05,1.3537289356604207,-0.26722582177769433,-0.28283795669427003,0.6522168513468328,-0.30269608686681393,-0.5425953192810092
2025-05-09,5.5735493992703115e-05,1.3541076156782783,-0.2677004439513335,-0.28206709311754746,0.6528941911824817,-0.3038088511016219,-0.5428645994662543
2025-05-12,4.013924579422185e-05,1.350100109708482,-0.26813066731642454,-0.2765961030272561,0.6497871945551965,-0.30229625064974985,-0.5335592382122027
2025-05-13,4.188757435533803e-05,1.350130101521977,-0.26957524781927067,-0.27619047207578795,0.6485962814179603,-0.3002641318527518,-0.5331264221152276
2025-05-14,7.552455382747291e-05,1.3530540329472878,-0.2762865681849309,-0.2720775467391506,0.6548392684335734,-0.3024077108212452,-0.5331873347496223
2025-05-15,6.078579489497368e-06,1.3530303486656923,-0.28142947977049276,-0.26817577758096756,0.6473685249691912,-0.3141926828796491,-0.5279461348411807
2025-05-16,-2.9031971415035434e-05,1.3525682967670534,-0.2799146463902698,-0.2668409210859419,0.6535063372026968,-0.3125229224892285,-0.5258270440623364
2025-05-19,-7.546279928133696e-05,1.3514554458849493,-0.2763032390383102,-0.26914301624889453,0.6525203625456899,-0.311261626858497,-0.5305063244047123
2025-05-20,-8.095138253396816e-05,1.3519710420970668,-0.2770003781907303,-0.2686910104832395,0.653729804712624,-0.3107746911319526,-0.5305400010948883
2025-05-21,-9.444400278868297e-05,1.3527396388323045,-0.276036487180507,-0.26874959042818847,0.6528170063635506,-0.309042330320904,-0.5324807284772287
2025-05-22,-0.00011203176499699626,1.353331952759714,-0.2774171538162248,-0.26642319537271786,0.6529387226615575,-0.30887544771582065,-0.5320176430110911
2025-05-23,-0.00016411847658816682,1.3564838987891537,-0.2775202324222431,-0.27106983644581917,0.660082004594792,-0.30949402780661506,-0.5389845668267694
2025-05-27,-0.00016013351194715364,1.3526318370398815,-0.2828960286987198,-0.2710487460132611,0.6493481509034019,-0.3134020868832037,-0.5413158179314067
2025-05-28,-6.929083046042152e-05,1.3484830656975313,-0.27579722766483084,-0.2828437137256895,0.6746559149579805,-0.32065420000845857,-0.5229496748441718
2025-05-29,-0.00011633002646157229,1.3458602338258099,-0.2763823735987355,-0.28544938012891624,0.6692824376873849,-0.32485313454183273,-0.5236311557710307
2025-05-30,-8.078194456919297e-05,1.3459798716204632,-0.27412204804977436,-0.2893953210351103,0.6735943529095529,-0.3410156615962084,-0.5176378379189872
2025-06-02,-0.00010440791365624413,1.3475105788961033,-0.2770049376485235,-0.2844455500450932,0.6663967569295254,-0.34108815867081477,-0.5189802292157684
2025-06-03,-0.00021246057660581782,1.3509555209715682,-0.30434237410705944,-0.28674096932394344,0.648276981200514,-0.38949488373055796,-0.5187328633080562
2025-06-04,-0.00019943323851917875,1.3566228631364003,-0.30446074065432704,-0.2762178517511934,0.6638546418523417,-0.3752339894463288,-0.5170701076796986
2025-06-05,-0.00021239710319830306,1.3570065119580896,-0.3060575999511088,-0.2750777804086961,0.6623276185286888,-0.37439162406901305,-0.5174831781680423
2025-06-06,-0.00017711450009352526,1.357881371641486,-0.3094016871908635,-0.2749377143729909,0.6565794975464416,-0.3764014486314523,-0.5205357966438782
2025-06-09,-0.00023173382077933764,1.3604502002183556,-0.306815718451817,-0.27397223252433467,0.6723054994068979,-0.3778714483131342,-0.5054779301581076
2025-06-10,-0.00022829554669055762,1.3578005139386313,-0.31088846115832885,-0.27475914541680535,0.6646471465376177,-0.3817723806792594,-0.5025957216925608
2025-06-11,-0.0003148697041222392,1.3582231170055397,-0.2985375582435868,-0.2820810819727931,0.6697538261685475,-0.38587850370031995,-0.5040056133285539
2025-06-12,-0.00026888553129847425,1.3566400127188105,-0.29546798823848597,-0.28568871105548677,0.6611249392916613,-0.401656949122198,-0.49684196209873516
2025-06-13,-0.0005581752134583504,1.3595096572375889,-0.31457713779250007,-0.21884622698843223,0.6154129343681809,-0.3545751974920204,-0.48602765131983094
2025-06-16,-0.0006316492393420228,1.3539038669208052,-0.33362349612362907,-0.21507491024699404,0.593288313024031,-0.3417104375986918,-0.4985563078047095
2025-06-17,-0.0006365752954981634,1.354985522373719,-0.334489728048638,-0.21517181385479475,0.5951725137084904,-0.3394869185922799,-0.49904066663442515
2025-06-18,-0.0005454346137922579,1.353184651331102,-0.34895956084819996,-0.20918410108308322,0.5782584334759985,-0.3294680321899087,-0.5007866664429212
2025-06-20,-0.0004510052851959286,1.3494628700686848,-0.3507558661703638,-0.19855136664571002,0.5700265512923646,-0.3059693012227507,-0.49594817410893577
2025-06-23,-0.00041865748157387,1.3514072235748673,-0.3545353663929113,-0.19314688265583685,0.5739423106771221,-0.3061893276465554,-0.4908446604360189
2025-06-24,-0.0004137235748511164,1.3476220091322573,-0.36686481684442546,-0.18373171454145107,0.5682802870476129,-0.30058435499259223,-0.49616189097823055
2025-06-25,-0.00036576115881393784,1.3445298823731067,-0.37272603363197127,-0.18477989919205998,0.5524338289680932,-0.2934483485574724,-0.5052533909654148
2025-06-26,-0.0004340098243194706,1.3432123597477514,-0.3779304044095672,-0.19357299809927692,0.5536576714531483,-0.3071714337963659,-0.504207529492936
2025-06-27,-0.00045453689004141564,1.3410505186382062,-0.3806505015121151,-0.1959975387414038,0.5423447696143996,-0.31826819184313104,-0.5061187979810212
2025-06-30,-0.0004475088816685473,1.3410938325633115,-0.39478173214133483,-0.18350358019620366,0.5197079309288575,-0.3072189534209131,-0.5034150467091909
2025-07-01,-0.00043332340019608243,1.3459695596314742,-0.3881457573283988,-0.16668784978317425,0.5440839732905984,-0.26540910310403587,-0.5099610623627477
2025-07-02,-0.00036441866527686033,1.34645629300013,-0.3723479849895062,-0.17457087512631447,0.5512604257803522,-0.2681359256790538,-0.5137940055338532
2025-07-03,-0.00045868572698667194,1.3410481028141086,-0.36240314154097464,-0.1698891758280324,0.5330033507841544,-0.2500352594491051,-0.5228576563407321
2025-07-07,-0.00047819042366481577,1.3413879077394208,-0.36038309612061586,-0.17016524488772194,0.5325558660896855,-0.24928072446110086,-0.5240721862415927
2025-07-08,-0.000495802138206167,1.342129396908688,-0.3611729380723925,-0.1699319380432753,0.5361948137864953,-0.2515938130536824,-0.5186994436578992
2025-07-09,-0.0005295311434380809,1.341903916305934,-0.35501045686116295,-0.16164394427605216,0.5423872814172198,-0.23106708797646533,-0.5131398931006577
2025-07-10,-0.0005816521743084918,1.3437034238026289,-0.36263466954876816,-0.15976988592743946,0.5409155868418504,-0.24468301249056126,-0.5156306053666312
2025-07-11,-0.0006373611626136534,1.3432438369420887,-0.3472381067857109,-0.17202322399009698,0.5533358264054549,-0.2516157042554681,-0.5145325820098376
2025-07-14,-0.0006745688553879336,1.3403950058078649,-0.34669853521490246,-0.17596802635886274,0.5508781755904965,-0.2527286254557929,-0.5184106632959933
2025-07-15,-0.0006638661824015423,1.3406749963605846,-0.3555326936409867,-0.18116374269667132,0.5527344780493293,-0.2592093212539356,-0.5183945953943581
2025-07-16,-0.0006634069410781639,1.3400094198940518,-0.35607277372103496,-0.1801976721242163,0.5491640025753473,-0.26274552690278724,-0.5155417456707279
2025-07-17,-0.0007711909978737826,1.3385888828240815,-0.38275463812896254,-0.18363790805807928,0.5432408512823539,-0.25134108568754965,-0.5282116522873455
2025-07-18,-0.0007449631253309439,1.3395079071879448,-0.39385985154701275,-0.17736331793183682,0.5390089253191117,-0.24999146131977557,-0.5245373858727387
2025-07-21,-0.0006750378077963204,1.339795913265864,-0.3971091393314684,-0.15739828372769085,0.5396140468465849,-0.24584391749120793,-0.5332851599804924
2025-07-22,-0.000631769650501661,1.339649554684077,-0.4011902334598543,-0.15699970544987588,0.5568544487818083,-0.23523488960409994,-0.5257763206179067
2025-07-23,-0.000733079843452651,1.3414713454440066,-0.41722947305449054,-0.14482372098114515,0.5481336046639869,-0.22169702479040995,-0.5274806857817746
2025-07-24,-0.0007263057099961219,1.34060081424054,-0.40164363770036443,-0.14562722111337062,0.55137217267373,-0.2004321979672953,-0.5233634331662644
2025-07-25,-0.0008202004241833702,1.3446066479820276,-0.4253981198294601,-0.13975212117257604,0.5496293671584793,-0.1989750085238085,-0.5330980553664433
2025-07-28,-0.000841654461388683,1.3464937474563918,-0.4245419939109678,-0.1431550699096744,0.5522485989032901,-0.1992193841456852,-0.5327616230252252
2025-07-29,-0.0008721482176736325,1.346201296722292,-0.4169969518347895,-0.14641286407187182,0.5529763841619989,-0.19907032573863123,-0.534409718490483
2025-07-30,-0.0008441965350088045,1.3491806198626863,-0.4073453539269288,-0.14715665701166067,0.5643483236602364,-0.18978376726622107,-0.5334240525373
2025-07-31,-0.0007942670432342395,1.3510271641180314,-0.411435999096881,-0.15413049131792705,0.5776086997440815,-0.2009464215343788,-0.5321323810304099
2025-08-01,-0.0008355993034344059,1.3532482331750493,-0.4115368394096536,-0.15546325111065704,0.5784261429455322,-0.19612458059189025,-0.5291017165461234
2025-08-04,-0.0008492392999897478,1.3539580058688814,-0.42089558130100446,-0.15119558284866497,0.5856246612403947,-0.17316674208660607,-0.5278044939223758
2025-08-05,-0.0007876297394393911,1.3503326700616352,-0.4212170360791657,-0.1556572384842322,0.5868120218115751,-0.1837264436382279,-0.5314032810861121
2025-08-06,-0.0007240823139263617,1.3763138852992727,-0.4007169985780577,-0.1579020979783998,0.6341182450172173,-0.2598082174442991,-0.4871528319519238
2025-08-07,-0.0005517013988034583,1.3646551849278923,-0.4157136294148731,-0.15040522652094834,0.6214018071237231,-0.19002150771414,-0.49645177692275577
2025-08-08,-0.00038254830547514813,1.382847038382037,-0.4042256477870104,-0.1548737376507215,0.6887184874080194,-0.18834653678633884,-0.4708347998892515
2025-08-11,-0.000457687495607736,1.3815235059965116,-0.39790291648189324,-0.16004282345042853,0.6797335167404811,-0.1612270842035421,-0.46926030624097187
2025-08-12,-0.00042326143962327135,1.3867570347112814,-0.3954050024652815,-0.16152229214883249,0.681514720816631,-0.16148332765574308,-0.46602147818853695
2025-08-13,-0.0003946979826994054,1.380260524622811,-0.3794174881308433,-0.1628487954541226,0.6597853879318378,-0.14202101457067823,-0.48618871479963593
2025-08-14,-0.00045281005684515,1.3792644381227084,-0.3691761193667169,-0.16533488981405603,0.6567691474833508,-0.14805441015546433,-0.4913638999298527
2025-08-15,-0.00046640680923983524,1.3821611837136878,-0.3663047351374856,-0.16205740364951535,0.6629304878857831,-0.14144668184054163,-0.48547166285962245
2025-08-18,-0.00046020610814791847,1.3827104060483009,-0.36864589285348937,-0.1605189550938094,0.6628402096301664,-0.13960659412088158,-0.4849130492901352
2025-08-19,-0.0004606501102103767,1.3830511743029654,-0.36100481111176214,-0.1683024247769566,0.6607317647641193,-0.14701518572569355,-0.48164277998068894
2025-08-20,-0.0005248143512469652,1.3837822634402204,-0.3566889888425115,-0.17876081332377386,0.6701315241028137,-0.15950968218626427,-0.4867934073761814
2025-08-21,-0.0004891069921447737,1.3825317416247576,-0.3556933475076804,-0.17862812353230909,0.6612760343192564,-0.15689493041249403,-0.4868999317445841
2025-08-22,-0.0004909894090933941,1.3824984879633488,-0.3556992985065861,-0.17846248396028816,0.6611231751328173,-0.15642869769189022,-0.4868127484965986
2025-08-25,-0.00046840150643159405,1.3824173525920564,-0.3544445123350064,-0.17839923738422928,0.663701700123654,-0.15483083116673899,-0.48483081146716783
2025-08-26,-0.0004407531402263881,1.3830390829448873,-0.3501996106495106,-0.18014379654420465,0.6567914484026103,-0.16369007501525845,-0.48040642139876416
2025-08-27,-0.0004598745540528214,1.3821338757494375,-0.3605165456358517,-0.18290134471572128,0.6549112791110037,-0.173928795545867,-0.48504466342830876
2025-08-28,-0.0004494743346765156,1.3824205003661265,-0.36618701556683214,-0.1831944624227327,0.6455095834785274,-0.18252484198155558,-0.4845392115319654
2025-08-29,-0.00043308833268207534,1.3812523066820421,-0.36612398975478666,-0.18078051132008274,0.6426735875945977,-0.1778531540294339,-0.4869163732020432
2025-09-02,-0.00044563233800746637,1.3814910898944284,-0.3657458608235897,-0.18216756454680366,0.6424397559277875,-0.17816883249586557,-0.4873340656210926
2025-09-03,-0.0003706608452419655,1.3880733732807944,-0.36130463963906734,-0.19660858307152554,0.6867799271636162,-0.16145419496149493,-0.47125122232735467
2025-09-04,-0.00035448020744703536,1.39002381193422,-0.37815440193858135,-0.1891948301930441,0.6681996764964228,-0.1681403134449188,-0.4730729448417546
2025-09-05,-0.0003196922822402727,1.3868951425355935,-0.3814490295665446,-0.18769122489640827,0.6618930525090863,-0.17503303749949015,-0.47801459112069605
2025-09-08,-0.0003180944817016396,1.3860241058284626,-0.38070558253043896,-0.18940677572873277,0.6622139777793277,-0.175816198647339,-0.48090079646227313
2025-09-09,-0.00041436269652268224,1.3873949249270672,-0.3642903948489188,-0.18834060537709987,0.6812222664797166,-0.1556626110337878,-0.4755438377615603
2025-09-10,-0.0006193368529281989,1.3795594322708407,-0.35188312567778696,-0.2031320056711908,0.6378545116117421,-0.12881862409922387,-0.4982739232497805
2025-09-11,-0.0005798948858400198,1.381086388805063,-0.3605775940690902,-0.2002454179900539,0.6250412414967959,-0.11929829243244039,-0.49860037143644065
2025-09-12,-0.0004619046198624309,1.3835097022355227,-0.38636649683034296,-0.1969332397263864,0.6139844350651825,-0.14987214756269357,-0.4978856439948236
2025-09-15,-0.00042805528265047713,1.3844456907424725,-0.38314550372981004,-0.20330563147220118,0.6206168965572574,-0.152481609741191,-0.49459526486098515
2025-09-16,-0.0003680663324455081,1.3858622875221411,-0.37300601149239293,-0.2113204686180452,0.6341153483048371,-0.1517453893661107,-0.492034738492629
2025-09-17,-0.00032282779316873233,1.3850595437322706,-0.37364714216756995,-0.20462830270313034,0.6252769174918194,-0.1432453589715401,-0.4905406496899857
2025-09-18,-0.0001904683940941788,1.3931554644934296,-0.37812281882643795,-0.17910764675674712,0.6253945427496593,-0.1719471034884903,-0.4916389548733316
2025-09-19,-0.00010700086952701712,1.3986717928785268,-0.4074561909333636,-0.18081887224511692,0.6256527396824538,-0.1873901171926732,-0.48606198917478055
2025-09-22,-3.0085140334106756e-05,1.3968739461030346,-0.3767155245530996,-0.2293967753033422,0.6479805276582964,-0.21370363496910663,-0.48781647645650994
2025-09-23,-8.442460801136873e-05,1.387956212692841,-0.3849405651063711,-0.22745654274982194,0.637726842941147,-0.21155856787117372,-0.49422102230738146
2025-09-24,-9.299151619859966e-05,1.3876174786896314,-0.3819013960352601,-0.23349376516987938,0.6423393876394975,-0.21204255856905213,-0.4920586055124794
2025-09-25,8.278474070431551e-05,1.3930392876003674,-0.41114946119993523,-0.21706939115933874,0.6552887945113028,-0.2185768158625146,-0.4908899000763629
2025-09-26,2.6742996635082685e-05,1.3912239541919884,-0.4104531589920596,-0.2212046329650902,0.6617842439174092,-0.21622759968268263,-0.4872944913282734
2025-09-29,1.2868516275649482e-05,1.391954848686098,-0.40753728333741396,-0.22017246754801953,0.6691376791959497,-0.2113489403522761,-0.48506657187321967
2025-09-30,-4.4815612207218755e-05,1.3908130539085584,-0.4066823565167633,-0.21425661341071084,0.6622543880130946,-0.2167273874528542,-0.4808712322735459
2025-10-01,-7.481798525246731e-05,1.3902074857715312,-0.39874916358244344,-0.21298917242784687,0.6693420914251522,-0.2148969402484568,-0.4702525698973491
2025-10-02,-0.00011627933094505744,1.3839914172239252,-0.404094090286345,-0.2170919048072473,0.6412419499148032,-0.22420135681015832,-0.4814822358348679
2025-10-03,1.618831480693279e-05,1.381244831192031,-0.4133679377364958,-0.22544838289512426,0.6601728346618532,-0.2595410179590865,-0.49435794438561687
2025-10-06,-1.7768963413378625e-05,1.3827817362728456,-0.4070773786116645,-0.22792844889114774,0.674361310074621,-0.261607061454866,-0.4941220642781965
2025-10-07,5.400438607883109e-08,1.3828546278875447,-0.4092953988537644,-0.22683652356643952,0.6756731391954787,-0.25941901178556426,-0.49316536482810225
2025-10-08,2.144711508794933e-05,1.3832663677253167,-0.408149975385996,-0.22719638568948006,0.6707080245453572,-0.2641732314118086,-0.49423729726888593
2025-10-09,2.1930393683163626e-05,1.3826865684359322,-0.40489070629616336,-0.22364409099804733,0.6787241946848004,-0.2355062901630457,-0.4896633506023851
2025-10-10,-3.301190420667991e-05,1.3835610108119165,-0.40271719825842,-0.2169579077129968,0.6760351773153623,-0.2449607892329788,-0.4959303962969061
2025-10-13,-6.076610381127606e-05,1.380740224722615,-0.40197370878175154,-0.2187086692039561,0.6751816151756183,-0.24110389155850187,-0.49712848201985205
2025-10-14,-3.7926750140100402e-06,1.379740313327838,-0.3920939294790215,-0.2069563618132858,0.6713352349517625,-0.2212265957009492,-0.4927711074331391
2025-10-15,1.733325215131699e-05,1.3785085895252382,-0.393128786192381,-0.20919276870473916,0.6637091406938751,-0.22257578734545766,-0.4947483544187347
2025-10-16,-9.650229855219516e-05,1.3798252764640364,-0.39312095203852865,-0.1849550317957633,0.640054393570068,-0.23040758754630264,-0.4907124673734098
2025-10-17,-0.00018488645180536807,1.3922646864656087,-0.431522649467012,-0.17948201791221302,0.6453248046100093,-0.2116153908407035,-0.49916170289107165
2025-10-20,-4.47677622633653e-05,1.3935469637039788,-0.4248158350583321,-0.14797602052537118,0.5717685267896413,-0.2014698544935947,-0.49985062832996247
2025-10-21,-7.292538282315073e-05,1.3932598499711137,-0.42369675557437225,-0.14643051483785477,0.5681077431257138,-0.21016583439173803,-0.4970612357427119
2025-10-22,-0.0001748611635902337,1.3924183443011726,-0.4226069173510327,-0.1439429094268952,0.5499197087764132,-0.21624957430538705,-0.4981106022274494
2025-10-23,-0.00019546071992610978,1.393965565804801,-0.41355770681379456,-0.14012146040371382,0.5537490161279565,-0.22242930061248187,-0.49675790651117924
2025-10-24,-0.00015349784451020986,1.3960427610519055,-0.41497960420514557,-0.1331004761692101,0.5465856684447303,-0.23197722915448687,-0.4937246103443612
2025-10-27,-0.00010689908438941292,1.3956885844601872,-0.42031710716795206,-0.12673877484349189,0.5436620900674356,-0.24037027058272223,-0.4959133222756724
2025-10-28,-0.00010630427584644724,1.3949241776167147,-0.42033597103767867,-0.1254348690058466,0.5385821384250442,-0.23362957140220536,-0.4972171962674887
2025-10-29,-9.845354194335616e-05,1.395376736734558,-0.4221255142406629,-0.12568658142657502,0.5398260846246186,-0.24160437430702933,-0.4954108070730119
2025-10-30,-5.8201685633494336e-05,1.3871324899664002,-0.4431544071208977,-0.11933051746872068,0.5264751278714306,-0.21865785701595852,-0.4993139153762214
2025-10-31,-7.628596360180853e-05,1.388142932975668,-0.43868666986885196,-0.12005585571755302,0.5374144566846116,-0.21931621442014784,-0.4964473144176764
2025-11-03,-3.632739523383487e-05,1.3879004045922607,-0.4336770769795031,-0.11844694858970505,0.544478785137141,-0.21767773259992415,-0.497637994739509
2025-11-04,2.0166132158129122e-05,1.3872236640714513,-0.4350092156098363,-0.11559221872379308,0.5590537432435613,-0.20167188987908358,-0.49632031163037954
2025-11-05,0.0001172128067542411,1.384272336654387,-0.4204528350397936,-0.13582028267377577,0.5616449229383067,-0.19249273672264236,-0.4974022132994283
2025-11-06,0.0001480675520893729,1.384351386075425,-0.42560009556960393,-0.1292812748297169,0.564932536056877,-0.18556613774953984,-0.4973837892360665
2025-11-07,0.00013239466268694924,1.3845202075581209,-0.4210991404156068,-0.13367782242934523,0.5683117251043514,-0.18841225995965397,-0.4942358718372031
2025-11-10,0.00020589179084813973,1.4204635455726002,-0.3582909544721643,-0.04439479156511872,0.602538361388881,-0.22010850503863116,-0.45576346492064007
2025-11-11,0.00022654070764096764,1.423560104607283,-0.3545698552390403,-0.019821634512588587,0.5985514959551128,-0.2139581707517318,-0.4576218341333441
2025-11-12,0.0001990526315792454,1.422895298969622,-0.34949425730915795,-0.023529797906209765,0.6002169817039483,-0.2193179559019804,-0.45653463467567323
2025-11-13,0.00028331060957171184,1.4214770637547134,-0.34205131054089744,-0.013306134692742111,0.5955630976870115,-0.23602695888514685,-0.4655350945944498
2025-11-14,0.0002994248884025609,1.4208844813567052,-0.3402108973169757,-0.01403622429053994,0.594193347974953,-0.24262673478345326,-0.46484211459845914
2025-11-17,0.0002873960225862071,1.4231971011479212,-0.3414284625440943,-0.00900965189342845,0.592750076094639,-0.23913687559916477,-0.46659871258814034
2025-11-18,0.0002815504189940404,1.416609922865554,-0.32431031604010785,-0.009510003935483735,0.570632727092243,-0.22792898235066755,-0.46682307474679974
2025-11-19,0.0002723210793439644,1.4164426058082675,-0.3235512636511403,-0.011217304158629648,0.5702757974412158,-0.22616466449202197,-0.4672654721066452
2025-11-20,0.0002699770638160707,1.4149789231041345,-0.31927597563362387,-0.013425906185675768,0.5747867453259684,-0.22066141315082446,-0.46586329179821007
2025-11-21,0.0002591454011529273,1.4192061947228782,-0.31742103565724333,-0.002051246207083579,0.5804511715521828,-0.2276045869430753,-0.47043786493350276
2025-11-24,0.00027850610995790344,1.4212678658469233,-0.3143340183136544,-0.0020733881959397737,0.577479657541794,-0.2429667762896674,-0.46649111232798757
2025-11-25,0.00025904090057831113,1.4201277801553092,-0.32544098472574234,0.00290707224800843,0.5700261700728073,-0.23920852839118745,-0.46499044700057046
2025-11-26,0.00023167358933974904,1.4193528495862835,-0.3292189679880256,0.0009131835785838316,0.5720292323210272,-0.23480242499663867,-0.46554316941603013
2025-11-28,0.00021620414371645324,1.419064172721176,-0.3345747514024291,0.002099617867542203,0.5694156515018866,-0.2297064411764308,-0.4640372119957641
2025-12-01,0.0002656336294702908,1.4197513173749643,-0.33712622884527277,0.004593654701912558,0.5775744786700789,-0.22937396616414324,-0.46806780244609036
2025-12-02,0.0002637576928682596,1.4222465854578115,-0.3402271251299948,0.004115282348732485,0.5845052439724585,-0.2277488454642281,-0.46552612251775205
2025-12-03,0.00022018636375252553,1.423862260734754,-0.34647761532928834,0.006379095426824272,0.5927079499868522,-0.22810640200900567,-0.46243191330113753
2025-12-04,0.00018683818523601526,1.425677302141345,-0.3504671724533745,0.011583369501432322,0.595511633864617,-0.22137171929708763,-0.46296814062973024
2025-12-05,9.99795479553567e-05,1.423964004290023,-0.34034390340430576,0.01406034496175057,0.5928758591163126,-0.21409963476190463,-0.46142476580524683
2025-12-08,0.0001338642355242915,1.4212498151695234,-0.3381095731181265,0.015540282033058045,0.5845953344088399,-0.21847386970572097,-0.4598074707214529
2025-12-09,0.00012804394819233974,1.421209689356628,-0.3385690182333263,0.015332291701152773,0.5840676942226986,-0.21861523803648186,-0.46009309802241904
2025-12-10,9.961302347875228e-05,1.4188254531903048,-0.34079851264770605,0.007730408244868953,0.5847469531922104,-0.22204077931005972,-0.4591115620622551
2025-12-11,2.6802497629967214e-05,1.4209370755245838,-0.34654536358309207,0.016644895464253212,0.5782377475591921,-0.21087345495518423,-0.44369617672902417
2025-12-12,5.906484705657132e-05,1.4193172375030985,-0.35007180371127966,0.020348165297399107,0.5786109788039688,-0.1989322948081877,-0.4449410830929681
2025-12-15,5.219909010141413e-05,1.4175002514278465,-0.34083930723246164,0.0036299108164734306,0.5698655274849336,-0.2200875443302232,-0.4492498931972393
2025-12-16,4.436224318337973e-05,1.416063785548578,-0.3297631485715004,-0.0060418544093763515,0.5716788907996122,-0.22578465083976035,-0.44898876273450455
2025-12-17,3.982926529003811e-05,1.4162484742506747,-0.32965017108539096,-0.006731523015870516,0.5714689041773238,-0.22737921835245006,-0.4488035693923262
2025-12-18,-4.9049392447020855e-05,1.4195050881270421,-0.34159351343996314,0.006742623574891887,0.582423859476236,-0.20436785217033,-0.45174035964484843
2025-12-19,-8.308832147923368e-05,1.4225440717260143,-0.3356834611449505,0.014543792486716722,0.5823540393054818,-0.2041917291234882,-0.4427903359879206
2025-12-22,-0.00018336740512885487,1.4320492332566817,-0.32437234750393196,0.023126382338791718,0.5878220951262305,-0.21660446662884025,-0.4397179593965732
2025-12-23,-0.00024531104916430426,1.4305626855262301,-0.32541674004830445,0.023487571424742892,0.5768229609927082,-0.2228659763738171,-0.447941235401979
2025-12-24,-0.00027308436550851694,1.4295625148776148,-0.3111713078299492,0.014819799804825201,0.6001373411310734,-0.2386481733495256,-0.4474792602910008
2025-12-26,-0.0002608899150155085,1.4310892839591878,-0.32021885711746045,0.014838183412854922,0.5977023667222259,-0.2286265449633612,-0.4479842562393156
2025-12-29,-0.00023663424015454002,1.4315592092173466,-0.320077247527658,0.014662663790129316,0.5998871115414325,-0.22948284066804048,-0.44768189377761175
2025-12-30,-0.00030019011904293044,1.4339757214413729,-0.33113965975490456,0.019352024543256297,0.59841521626233,-0.2374703755614716,-0.4507015937358201
2025-12-31,-0.0002517754667694395,1.4303738832979063,-0.3319558149626631,0.017762475085166124,0.5967573594635905,-0.23752343174055157,-0.4523353867536592
2026-01-02,-0.00025108305504296827,1.430649565708703,-0.3323656981787638,0.018741998600633247,0.595997139230865,-0.23661071792086505,-0.4517287266947203
2026-01-05,-0.00030217808730150105,1.4289873060470557,-0.3348195023330818,0.018257748656841405,0.6094925866757781,-0.24024138733977918,-0.4507480888614199
2026-01-06,-0.0003435713345257012,1.422571943532029,-0.354721363906817,0.021003562524022773,0.5947720297354507,-0.21721464266181545,-0.4426563943251236
2026-01-07,-0.00029669658908241105,1.4208792330934545,-0.3506919761952856,0.013858893719677995,0.5860868778585598,-0.21093942266387072,-0.43909300386980665
2026-01-08,-0.0003596510242502445,1.416657281527997,-0.3700905615664683,0.009148989223720233,0.561389703585927,-0.21661007607711624,-0.4421540946409997
2026-01-09,-0.00037095232989810744,1.4149729419916208,-0.37443524391542105,0.014682411647970767,0.5562406676298527,-0.22857305440847225,-0.44886014866395607
2026-01-12,-0.0003373093202203863,1.414822296039835,-0.37069985447954346,0.010133435600627627,0.5614197742201813,-0.22643304414947119,-0.44606934477384197
2026-01-13,-0.00022226525023016377,1.4102115896473675,-0.37672544886273307,0.007862573728264322,0.5744077745716181,-0.22885494552505847,-0.44442206528173855
2026-01-14,-0.00010229773170745678,1.4164288830459102,-0.37719863010716154,0.033461287272956275,0.5810972987434301,-0.24677902936795848,-0.45172296166211917
2026-01-15,-0.00012274674791049327,1.4164147798116082,-0.3801420167801596,0.03780503300224339,0.5756032275219543,-0.256878492479649,-0.4546058944566284
2026-01-16,-0.00016461791113300567,1.414350725177609,-0.3837094393795323,0.036165516358976274,0.5727968372521574,-0.2514376489445975,-0.459305137826829
2026-01-20,-2.1887310543647603e-05,1.4083700755075854,-0.3907705099478971,0.04394992109633922,0.5433431151525651,-0.2808684372955736,-0.47816199167392526
2026-01-21,-3.451614693810248e-05,1.4057388322282964,-0.3977909267670549,0.03516978258658593,0.5437420577846248,-0.28629854742314653,-0.4810489467606702
2026-01-22,0.00010675842188635168,1.3998226893967602,-0.3542286811451144,-0.004766443835770545,0.540258450009737,-0.24909332443196647,-0.4662765456407134
2026-01-23,4.890462644656921e-05,1.4005285224261064,-0.3467541391288638,0.014683593271384104,0.5234210453381264,-0.2384976701728136,-0.4565085528273119
2026-01-26,0.00016492693162967263,1.4060066784485399,-0.3565342669666895,0.00904339330720913,0.5394384725720025,-0.22585791642772163,-0.4533505824878644
2026-01-27,0.00022925577304693965,1.4110770372143753,-0.3466292844556097,0.023969607775196383,0.5479909810873567,-0.232359453730096,-0.4305510249650486
2026-01-28,0.00010634130467713013,1.4085868260164636,-0.2716008736503486,-0.11519100198782696,0.6440086256807961,0.045437587297112086,-0.3073434442922372
2026-01-29,7.886228649218075e-06,1.4161000631067622,-0.2656262941551366,-0.052112486785744094,0.6572846564734282,-0.036517518646207975,-0.3305598153637118
2026-01-30,-4.4379009339643415e-05,1.4150835171300422,-0.2704419573916573,-0.05490710894298226,0.6447323573295197,-0.027131245756305364,-0.3305755535980113
2026-02-02,0.00014381149004216265,1.4236497607821295,-0.21549877967400216,-0.06279374596357443,0.687780384575951,0.013705032293829925,-0.2881902641030064
2026-02-03,0.0001742242933243011,1.423787863059567,-0.20620463399807304,-0.03139926510415256,0.678905582912481,0.062140719747344524,-0.2531130705236436
2026-02-04,0.00029134000809591994,1.4193118349460137,-0.22728195403521229,-0.02803625655182912,0.6761228923801287,0.06770409793800689,-0.2655950719318344
2026-02-05,0.0002430789398909952,1.4168073457619044,-0.2442318508354437,-0.026839196632368403,0.6767742788123513,0.08390770839142313,-0.2672459137075405
2026-02-06,0.00024049549232493198,1.4148875753213577,-0.24624464379648422,-0.029620025349637952,0.6800902186932128,0.09295566553816999,-0.2676240934220829
2026-02-09,0.00020523984177178603,1.4161013353393483,-0.24540656691157312,-0.025881462898007676,0.6877497205307657,0.09762649687677363,-0.26800603403695067
2026-02-10,0.00023580956189514458,1.4122628939013975,-0.2521310758096518,-0.02575620301660861,0.6770450070314197,0.10212098211545674,-0.27041739288508426
2026-02-11,0.0002923206523287537,1.4120913138790583,-0.25071295849413794,-0.039672736832332064,0.6829756193202728,0.11710516096485576,-0.26837693516769223
2026-02-12,0.0001125795394976831,1.4214591692163345,-0.26473850409104654,-0.03101816694766668,0.6433212047238275,0.10447088714537792,-0.27823808663937
2026-02-13,-6.968103932890064e-05,1.4345776790750515,-0.22951952455781016,-0.03280108051722659,0.7098720767326685,0.07429642667104588,-0.2648732278081472
2026-02-17,3.5175979284767346e-05,1.4320044024837193,-0.2272881576061137,-0.04412380517076356,0.7208850473502952,0.05649371710315196,-0.26969396933931655
2026-02-18,-3.8654982655452396e-05,1.4312786041267924,-0.2165461035613518,-0.04643513520325018,0.729838310455018,0.0315758161989158,-0.2719110752423586
2026-02-19,-5.2926821216038545e-05,1.4329525864766934,-0.22082877626296207,-0.043122658522093765,0.7297080681903324,0.032661689501401414,-0.27302505059116167
2026-02-20,-3.139378328082692e-05,1.4333539072127688,-0.22449935937381305,-0.04411691242637002,0.730735981649667,0.0344916426709526,-0.27422608416752453
2026-02-23,5.893134730704935e-05,1.4206151962609384,-0.2062275260781122,-0.08953450266306003,0.7511747083053536,0.07624293495910016,-0.25153925649063785
2026-02-24,5.050173384526157e-05,1.4279527862178252,-0.17303921170000075,-0.11093895983360945,0.7601105237027921,0.09641905507157733,-0.22978634466315703
2026-02-25,3.4695219028047495e-05,1.4277483832464282,-0.16860454919894807,-0.11563118504621496,0.7579636982179391,0.1006992769772338,-0.225447458171323
2026-02-26,6.113920147553427e-05,1.4273704308373283,-0.16616464339368003,-0.11535545065214217,0.7615998822536635,0.09810274692213217,-0.22766434064269703
2026-02-27,-4.423161326024211e-05,1.4346745039181945,-0.14552787850164156,-0.07448831933728282,0.740079890039244,0.12620831319495973,-0.18547813147173883
2026-03-02,-5.462610773067009e-05,1.434108149744513,-0.12674392988062422,-0.10566594955282915,0.7455003029452387,0.17597866942975987,-0.16526672603926124
2026-03-03,-5.956770936593747e-05,1.4339179129031734,-0.12622682590019324,-0.10563756253134565,0.7451212031994091,0.1760307036196737,-0.16508316550599236
2026-03-04,-0.00011577026973873879,1.436243021334169,-0.1086771852428583,-0.12944987284531542,0.7578152310867488,0.21544564808846794,-0.1521154588973675
2026-03-05,-0.00017373374583875396,1.444950815312366,-0.11166415994209844,-0.10504735817734027,0.7591031658888971,0.2102758337273569,-0.144749384115693
2026-03-06,-9.046296008822564e-05,1.4423029201733406,-0.12165443369427871,-0.11238928389434541,0.7444753346519505,0.2046966022620914,-0.1570826846601627
2026-03-09,-0.0001376560393277097,1.4462244315164412,-0.12523192747357248,-0.12317750894825077,0.7295919925002665,0.2421036896646755,-0.13579182766640047
2026-03-10,-0.00010620189901976043,1.445821666655426,-0.11945404394901755,-0.12214750973059914,0.7323484793752463,0.25032810467344746,-0.12292216152552156
2026-03-11,3.514107907671743e-05,1.4294565006390958,-0.12049387905878597,-0.12567298129974772,0.7505792776069411,0.22729368392852956,-0.14609470517172282
2026-03-12,4.680228015975377e-05,1.4265542821007249,-0.11150045447162983,-0.12876961717328667,0.7424277200094809,0.2293653255806047,-0.14004741531920636
2026-03-13,2.660906719912509e-05,1.4283321301787795,-0.11986580628616055,-0.13440394885727136,0.722326512744561,0.27584845596520546,-0.11693637021432121
2026-03-16,8.48210827403544e-05,1.4242906213468642,-0.145960791644852,-0.11270891267883558,0.7005989875674599,0.2891045361206175,-0.1206340824458012
2026-03-17,0.0001214694452549756,1.4293728286623741,-0.1474225096323284,-0.10868560384372963,0.6958047127366825,0.29614525062930885,-0.11647111844528271
2026-03-18,0.00015794381219734629,1.427880503397438,-0.15390679722952,-0.10261293982714718,0.6859399895985993,0.2959899211032132,-0.11948042810632743
2026-03-19,0.00014596648367022158,1.427239432465503,-0.14801997067408967,-0.11476193552637987,0.6821640222822102,0.31714811057924164,-0.11116508185683083
2026-03-20,0.0001978569842055086,1.4252481388925364,-0.15260120757008494,-0.10935115199569473,0.6857635809939856,0.3102023849330088,-0.11787302977039982
2026-03-23,0.0002037701129728786,1.4249961457473108,-0.1553320579565191,-0.10803317384318725,0.6838902646717819,0.3105321808874444,-0.11851450999884205
2026-03-24,0.00013839547717906637,1.4278030918737379,-0.1507451265479254,-0.08873521643482474,0.6827270295288875,0.32401069759328666,-0.11006902619323908
2026-03-25,0.00018905982698462324,1.4336402349202952,-0.14042153972702334,-0.08720182356984008,0.6836410287545311,0.31592312106071613,-0.10494553084853371
2026-03-26,0.00021777311158809433,1.4221907972946564,-0.13748083308601416,-0.0883766997890413,0.6755371203040605,0.33655631067525016,-0.1212962841161454
2026-03-27,0.0002290193207333509,1.4206862783056318,-0.13732962472987859,-0.08937267891182211,0.6758819580427536,0.34249793355420716,-0.11923279387837807
2026-03-30,9.954255117746629e-05,1.4203727001239206,-0.12659774829475304,-0.10570025634291595,0.6664830123680777,0.3883016046438241,-0.09160106812350771
2026-03-31,0.00011579985513709154,1.4196253379577861,-0.12556190240130055,-0.10908890274353254,0.6655633293192061,0.3938427130541301,-0.08864301957015427
2026-04-01,9.827621725899335e-05,1.416456554199494,-0.12299570328829881,-0.1124498802906558,0.6557215592503227,0.3986835346360922,-0.0889493404848414
2026-04-02,0.00014395251039736384,1.4172949967294097,-0.1236100523618547,-0.10371375598902438,0.652017540836634,0.3810504143584312,-0.09293162524476964
2026-04-06,0.0001662578309153792,1.4182057415774192,-0.12029504756930985,-0.10345474228324285,0.6542606806914665,0.3760440778617964,-0.09379934377937602
2026-04-07,0.0002049368047158872,1.3739702822858169,-0.1506888817434593,-0.14408828987538827,0.6159134758285529,0.4303373954949832,-0.08930134906015524
2026-04-08,0.0001518671545202915,1.3713775263951615,-0.16864563636754648,-0.13700663130456667,0.598815243930313,0.4198965816191473,-0.10293245560614492
2026-04-09,0.0002499537927009751,1.3619191953627374,-0.22111352571428713,-0.14061382985316437,0.5402209096842533,0.4789057749560903,-0.09805396619650131
2026-04-10,0.0003519951854991109,1.3563921974723365,-0.26592351564517047,-0.09602024890870325,0.5189611572324208,0.4723729831971555,-0.08161613761033018
2026-04-13,0.000260126632781934,1.2509082269994236,-0.18895997293953554,-0.0631507711752442,0.5178792832317243,0.40941947279008456,-0.047874389393914335
2026-04-14,0.0002097459960973229,1.249821581335036,-0.20243572774983648,-0.041032547674456674,0.5069891978763158,0.4154068972759475,-0.049078193060650616
2026-04-15,0.0002510747015846429,1.2353454788217397,-0.20467904451269917,-0.03498475894284025,0.48572325116232684,0.3661979762499684,-0.06472917695785767
2026-04-16,0.0001601292998458226,1.2264236350458528,-0.18209834563380234,-0.05202077569260591,0.5138961966964015,0.3480665927250438,-0.06539721401196537
2026-04-17,0.000199098026177909,1.2310009793194514,-0.15760641425503408,-0.06994946978313496,0.5322692319959776,0.346298091879381,-0.06392112480505746
2026-04-20,0.0002881293790630037,1.21085505316679,-0.13450951694322683,-0.06906474694071793,0.525979005150188,0.3388346328410843,-0.06253898107470719
2026-04-21,0.00016545070399174861,1.2146370142229115,-0.13991890212787755,-0.09126338975383705,0.5140840419990399,0.3853606905848598,-0.055877052119273435
2026-04-22,0.00018688126470986656,1.2387845882804878,-0.13754283844129706,-0.10015506110096178,0.5374523913388651,0.36066931607881997,-0.051844044110225716
2026-04-23,0.0001887061277747622,1.22845383698077,-0.13241044179673894,-0.10303960843312963,0.537662833280129,0.3649341652567459,-0.04852763202831895
2026-04-24,0.00014005495330775183,1.2173076537437235,-0.10912752386070862,-0.10911892168887813,0.5626445326626871,0.35308169008398316,-0.048744764001829435
2026-04-27,9.548056195870277e-05,1.2192215364877494,-0.12396334581570509,-0.1315090994557977,0.5422005008252,0.40591941493671513,-0.0465636229656452
2026-04-28,0.0001649227969034288,1.2230021159573061,-0.13074394153053454,-0.13244491654769847,0.5513758935630185,0.40726260139690756,-0.052681382296764376
2026-04-29,0.000152031905421327,1.2246240957848917,-0.1392798280524885,-0.13045284373178717,0.5457675580524862,0.4131192373647241,-0.05303045504912754
2026-04-30,0.00013669791879484546,1.224239022220259,-0.14403550771958729,-0.12056529793485207,0.5472328716388315,0.39222368866596125,-0.061429805844127904
2026-05-01,0.00025528536471736504,1.2152782572444103,-0.15393628782109178,-0.1320745553061911,0.497826351865215,0.4129695802791863,-0.07186759640727737
2026-05-04,0.00026467806430766,1.220519748366571,-0.1466808520705707,-0.13201331641121317,0.5125701563096827,0.40881455909034076,-0.06929634952359888
2026-05-05,0.00048293076817755587,1.2927435833085745,-0.13016032551834483,-0.06495689425720477,0.5330734942904728,0.36852633126314094,-0.06361933026093444
2026-05-06,0.0006124632893613664,1.273770948226463,-0.11257052188991724,-0.09941176349443587,0.5479023287565562,0.39054635522084946,-0.05389492711320405
2026-05-07,0.0006186490407946091,1.2735845027464667,-0.11287256594981943,-0.09980436242744781,0.548342839234821,0.38840296902449156,-0.0553879458919426
2026-05-08,0.0007095104932683632,1.292999674406589,-0.17209851518381986,-0.08139072972380856,0.4976587345794528,0.4452633449683634,-0.051890125522903174
2026-05-11,0.0007129897562217764,1.292138504979813,-0.1789983771370433,-0.07981404513626297,0.4919819785857706,0.45018208565951173,-0.04825841187783703
2026-05-12,0.0007121081491470447,1.2922306618056913,-0.18025427468050845,-0.08611123030002217,0.49387548726261526,0.4583505034174239,-0.04696883557598321
2026-05-13,0.0006682616789480229,1.2414510370890952,-0.15747924124903268,-0.07016267659308478,0.47925810712965244,0.4491232167296615,-0.01218608382349658
2026-05-14,0.0006217157747392897,1.235980916148455,-0.16517155247948354,-0.06719578927300018,0.4622539068760193,0.46848687470262923,-0.01060206858542722
2026-05-15,0.0007442067244748968,1.2296953910394242,-0.1752679218253469,-0.09155149008798283,0.4722613528876399,0.48842823002665947,-0.018048402759813856
2026-05-18,0.0007381905106568539,1.222961882743608,-0.15904754496883447,-0.11502576097229873,0.47600877437083816,0.5296539900676418,0.005436577875277158
2026-05-19,0.0008109004444807305,1.2228519446320216,-0.17932527783610042,-0.11388411202820574,0.45385909054272455,0.5501755366824295,0.0021281560930733225
2026-05-20,0.0008810962663620516,1.2263764835962063,-0.1856677810723234,-0.10908248637236095,0.4485806826153491,0.5550250421939673,0.006392500684465643
2026-05-21,0.0009234041906055477,1.2217845160847571,-0.18148308491321077,-0.11785215089076403,0.4432882414857594,0.5689557953979414,0.008613938147655546
2026-05-22,0.0009727482082096769,1.2150943752395633,-0.1835722169477558,-0.12171823537343032,0.4434189918161172,0.5742671469094838,0.012008880640024054
2026-05-26,0.000994304701342083,1.2144287457467695,-0.18462034224949053,-0.12835844132122884,0.44223569103517946,0.5829041856043273,0.011152645571209239
2026-05-27,0.001111765899095089,1.1913830298912296,-0.1670408074975617,-0.12666253069100164,0.4369245949318271,0.5763642794878074,0.0215801438566827
2026-05-28,0.0011210172534106984,1.1972326530073283,-0.16766938734284303,-0.1285349535127183,0.4404605644701075,0.5805576892569081,0.0212104764676161
2026-05-29,0.0010815714187502679,1.197333123068324,-0.15218458119431827,-0.1256344166243485,0.45252809612374656,0.5683812879428616,0.025150653668065185
2026-06-01,0.0010166111714779093,1.2053134044536917,-0.16564544057693084,-0.09823021339510671,0.44574521532475475,0.5821108975828181,0.030687968504093437
2026-06-02,0.0010268945557962944,1.2135513055153024,-0.18965697187023361,-0.09815448536959037,0.43070223578332967,0.6789703990713342,0.06098614547990043
2026-06-03,0.000991965120192645,1.2190436230492243,-0.1781354135450917,-0.10282815339800266,0.4370356806274456,0.6643017507925024,0.05444216836598193
2026-06-04,0.0009876929031570943,1.2190905826193716,-0.17996321828438544,-0.10423599113036552,0.43596233418222247,0.6666192170415839,0.05405641623243586
2026-06-05,0.0010436941433388063,1.2119960526440967,-0.17142331685582904,-0.11928356669288745,0.44629169627752074,0.6739353767710753,0.05266324875545437
2026-06-08,0.0010114131312172828,1.2101312275194749,-0.1632879807269077,-0.13820256056603303,0.4611743691041775,0.6740694965147966,0.0447689895009583
2026-06-09,0.0008081596009763949,1.2128338060935229,-0.2216290622484094,-0.1308614106458552,0.40797257010446764,0.7069822793895068,0.047288138523719714
2026-06-10,0.000933783472286109,1.1850248676995492,-0.19015167380888637,-0.13365635296635225,0.40741545752442354,0.7022943163115065,0.047222281342164774
2026-06-11,0.0009367879219031775,1.1857018414706566,-0.19068867456123106,-0.1329472516303077,0.4084814974347572,0.700128500298612,0.04588535819926871
2026-06-12,0.0009603513117745936,1.1696453726748584,-0.16852123104000663,-0.16534563099101451,0.4281822395206486,0.6951119184021151,0.05023406168126138
2026-06-15,0.0010105807883533445,1.1805255545019597,-0.18987397506404075,-0.17010307944094144,0.4195275523024097,0.6953844684830097,0.04306795915678834
2026-06-16,0.0010555785751244513,1.182359876636625,-0.18159032672917724,-0.17720286225566734,0.4354613102480187,0.694808790440443,0.04209108135420586
2026-06-17,0.0010869711118020441,1.1666367569280007,-0.17509496260038276,-0.18011447825310536,0.42453212526550227,0.6976258754055994,0.048831840006491795
2026-06-18,0.0011096514378630732,1.1621781089766334,-0.17219273464793,-0.17999425821117904,0.4267796295602413,0.6916842908701888,0.0502354746873298
2026-06-22,0.0011009062104246083,1.1591712533477159,-0.1755765028512966,-0.1715638038006118,0.42039445076881554,0.6909395632176111,0.05327835509700067
2026-06-23,0.0010284727976531468,1.1600957345634206,-0.1686849594194175,-0.1716737766199855,0.4242820083395546,0.6703172751659499,0.0478545398491952
2026-06-24,0.001015363138454161,1.1649998249577593,-0.1724517197868478,-0.16148849262256199,0.4251367205493915,0.6600947773200129,0.05196137553770837
2026-06-25,0.0009334834992345325,1.2139409270420392,-0.21851896278402302,-0.19560500990985394,0.4419484368063736,0.6371934416687566,-0.0015983636278180252
2026-06-26,0.0010988768753118427,1.2116072577596828,-0.17361308116138788,-0.24101836658739684,0.45976879714959573,0.6306268013929607,-0.025527650559516585
2026-06-29,0.0010866032996796236,1.208607587122538,-0.14018008430258264,-0.2324539044253515,0.4848323899618816,0.6069163442138592,-0.023839978046481004
2026-06-30,0.0012205467267203324,1.2181584008188509,-0.14922239759248834,-0.24166539204947518,0.48098423902225784,0.6163614365608843,-0.020152831883811534
